  0
SECTION
  2
HEADER
  9
$ACADVER
  1
AC1015
  9
$ACADMAINTVER
 70
     6
  9
$DWGCODEPAGE
  3
ANSI_1252
  9
$INSBASE
 10
0.0
 20
0.0
 30
0.0
  9
$EXTMIN
 10
0.0
 20
0.0
 30
0.0
  9
$EXTMAX
 10
840.0
 20
594.0
 30
0.0
  9
$LIMMIN
 10
0.0
 20
0.0
  9
$LIMMAX
 10
420.0
 20
297.0
  9
$ORTHOMODE
 70
     0
  9
$REGENMODE
 70
     1
  9
$FILLMODE
 70
     1
  9
$QTEXTMODE
 70
     0
  9
$MIRRTEXT
 70
     1
  9
$LTSCALE
 40
2.0
  9
$ATTMODE
 70
     1
  9
$TEXTSIZE
 40
7.0
  9
$TRACEWID
 40
1.0
  9
$TEXTSTYLE
  7
Standard
  9
$CLAYER
  8
0
  9
$CELTYPE
  6
ByLayer
  9
$CECOLOR
 62
   256
  9
$CELTSCALE
 40
1.0
  9
$DISPSILH
 70
     0
  9
$DIMSCALE
 40
1.0
  9
$DIMASZ
 40
6.604
  9
$DIMEXO
 40
2.54
  9
$DIMDLI
 40
3.75
  9
$DIMRND
 40
0.0
  9
$DIMDLE
 40
0.0
  9
$DIMEXE
 40
6.35
  9
$DIMTP
 40
0.0
  9
$DIMTM
 40
0.0
  9
$DIMTXT
 40
6.35
  9
$DIMCEN
 40
2.5
  9
$DIMTSZ
 40
0.0
  9
$DIMTOL
 70
     0
  9
$DIMLIM
 70
     0
  9
$DIMTIH
 70
     1
  9
$DIMTOH
 70
     1
  9
$DIMSE1
 70
     0
  9
$DIMSE2
 70
     0
  9
$DIMTAD
 70
     0
  9
$DIMZIN
 70
     1
  9
$DIMBLK
  1

  9
$DIMASO
 70
     1
  9
$DIMSHO
 70
     1
  9
$DIMPOST
  1

  9
$DIMAPOST
  1

  9
$DIMALT
 70
     0
  9
$DIMALTD
 70
     3
  9
$DIMALTF
 40
0.0393700787
  9
$DIMLFAC
 40
1.0
  9
$DIMTOFL
 70
     1
  9
$DIMTVP
 40
0.0
  9
$DIMTIX
 70
     0
  9
$DIMSOXD
 70
     0
  9
$DIMSAH
 70
     0
  9
$DIMBLK1
  1

  9
$DIMBLK2
  1

  9
$DIMSTYLE
  2
ISO-25
  9
$DIMCLRD
 70
     0
  9
$DIMCLRE
 70
     0
  9
$DIMCLRT
 70
     0
  9
$DIMTFAC
 40
1.0
  9
$DIMGAP
 40
3.048
  9
$DIMJUST
 70
     0
  9
$DIMSD1
 70
     0
  9
$DIMSD2
 70
     0
  9
$DIMTOLJ
 70
     0
  9
$DIMTZIN
 70
     1
  9
$DIMALTZ
 70
     0
  9
$DIMALTTZ
 70
     0
  9
$DIMUPT
 70
     0
  9
$DIMDEC
 70
     1
  9
$DIMTDEC
 70
     1
  9
$DIMALTU
 70
     2
  9
$DIMALTTD
 70
     3
  9
$DIMTXSTY
  7
Standard
  9
$DIMAUNIT
 70
     0
  9
$DIMADEC
 70
     2
  9
$DIMALTRND
 40
0.0
  9
$DIMAZIN
 70
     0
  9
$DIMDSEP
 70
    44
  9
$DIMATFIT
 70
     3
  9
$DIMFRAC
 70
     0
  9
$DIMLDRBLK
  1

  9
$DIMLUNIT
 70
     2
  9
$DIMLWD
 70
    -2
  9
$DIMLWE
 70
    -2
  9
$DIMTMOVE
 70
     0
  9
$LUNITS
 70
     2
  9
$LUPREC
 70
     2
  9
$SKETCHINC
 40
1.0
  9
$FILLETRAD
 40
10.0
  9
$AUNITS
 70
     0
  9
$AUPREC
 70
     2
  9
$MENU
  1
.
  9
$ELEVATION
 40
0.0
  9
$PELEVATION
 40
0.0
  9
$THICKNESS
 40
0.0
  9
$LIMCHECK
 70
     0
  9
$CHAMFERA
 40
0.0
  9
$CHAMFERB
 40
0.0
  9
$CHAMFERC
 40
0.0
  9
$CHAMFERD
 40
0.0
  9
$SKPOLY
 70
     0
  9
$TDCREATE
 40
2461263.622176539
  9
$TDUCREATE
 40
2461263.788843206
  9
$TDUPDATE
 40
2461263.622185417
  9
$TDUUPDATE
 40
2461263.788852083
  9
$TDINDWG
 40
0.0000000116
  9
$TDUSRTIMER
 40
0.0000000116
  9
$USRTIMER
 70
     1
  9
$ANGBASE
 50
0.0
  9
$ANGDIR
 70
     0
  9
$PDMODE
 70
     0
  9
$PDSIZE
 40
-1.0
  9
$PLINEWID
 40
0.0
  9
$SPLFRAME
 70
     0
  9
$SPLINETYPE
 70
     6
  9
$SPLINESEGS
 70
     8
  9
$HANDSEED
  5
628
  9
$SURFTAB1
 70
     6
  9
$SURFTAB2
 70
     6
  9
$SURFTYPE
 70
     6
  9
$SURFU
 70
     6
  9
$SURFV
 70
     6
  9
$UCSBASE
  2

  9
$UCSNAME
  2

  9
$UCSORG
 10
0.0
 20
0.0
 30
0.0
  9
$UCSXDIR
 10
1.0
 20
0.0
 30
0.0
  9
$UCSYDIR
 10
0.0
 20
1.0
 30
0.0
  9
$UCSORTHOREF
  2

  9
$UCSORTHOVIEW
 70
     0
  9
$UCSORGTOP
 10
0.0
 20
0.0
 30
0.0
  9
$UCSORGBOTTOM
 10
0.0
 20
0.0
 30
0.0
  9
$UCSORGLEFT
 10
0.0
 20
0.0
 30
0.0
  9
$UCSORGRIGHT
 10
0.0
 20
0.0
 30
0.0
  9
$UCSORGFRONT
 10
0.0
 20
0.0
 30
0.0
  9
$UCSORGBACK
 10
0.0
 20
0.0
 30
0.0
  9
$PUCSBASE
  2

  9
$PUCSNAME
  2

  9
$PUCSORG
 10
0.0
 20
0.0
 30
0.0
  9
$PUCSXDIR
 10
1.0
 20
0.0
 30
0.0
  9
$PUCSYDIR
 10
0.0
 20
1.0
 30
0.0
  9
$PUCSORTHOREF
  2

  9
$PUCSORTHOVIEW
 70
     0
  9
$PUCSORGTOP
 10
0.0
 20
0.0
 30
0.0
  9
$PUCSORGBOTTOM
 10
0.0
 20
0.0
 30
0.0
  9
$PUCSORGLEFT
 10
0.0
 20
0.0
 30
0.0
  9
$PUCSORGRIGHT
 10
0.0
 20
0.0
 30
0.0
  9
$PUCSORGFRONT
 10
0.0
 20
0.0
 30
0.0
  9
$PUCSORGBACK
 10
0.0
 20
0.0
 30
0.0
  9
$USERI1
 70
     0
  9
$USERI2
 70
     0
  9
$USERI3
 70
     0
  9
$USERI4
 70
     0
  9
$USERI5
 70
     0
  9
$USERR1
 40
0.0
  9
$USERR2
 40
0.0
  9
$USERR3
 40
0.0
  9
$USERR4
 40
0.0
  9
$USERR5
 40
0.0
  9
$WORLDVIEW
 70
     1
  9
$SHADEDGE
 70
     3
  9
$SHADEDIF
 70
    70
  9
$TILEMODE
 70
     0
  9
$MAXACTVP
 70
    64
  9
$PINSBASE
 10
0.0
 20
0.0
 30
0.0
  9
$PLIMCHECK
 70
     0
  9
$PEXTMIN
 10
0.0
 20
0.0
 30
0.0
  9
$PEXTMAX
 10
840.0
 20
594.0
 30
0.0
  9
$PLIMMIN
 10
0.0
 20
0.0
  9
$PLIMMAX
 10
840.0
 20
594.0
  9
$UNITMODE
 70
     0
  9
$VISRETAIN
 70
     1
  9
$PLINEGEN
 70
     0
  9
$PSLTSCALE
 70
     1
  9
$TREEDEPTH
 70
  3020
  9
$CMLSTYLE
  2
Standard
  9
$CMLJUST
 70
     0
  9
$CMLSCALE
 40
20.0
  9
$PROXYGRAPHICS
 70
     1
  9
$MEASUREMENT
 70
     1
  9
$CELWEIGHT
370
    -1
  9
$ENDCAPS
280
     0
  9
$JOINSTYLE
280
     0
  9
$LWDISPLAY
290
     1
  9
$INSUNITS
 70
     4
  9
$HYPERLINKBASE
  1

  9
$STYLESHEET
  1

  9
$XEDIT
290
     1
  9
$CEPSNTYPE
380
     0
  9
$PSTYLEMODE
290
     1
  9
$FINGERPRINTGUID
  2
{643fce0f-6bcc-441d-bfa8-feda025ecdaa}
  9
$VERSIONGUID
  2
{FAEB1C32-E019-11D5-929B-00C0DF256EC4}
  9
$EXTNAMES
290
     1
  9
$PSVPSCALE
 40
0.0
  9
$OLESTARTUP
290
     0
  0
ENDSEC
  0
SECTION
  2
CLASSES
  0
CLASS
  1
ACDBDICTIONARYWDFLT
  2
AcDbDictionaryWithDefault
  3
ObjectDBX Classes
 90
        0
280
     0
281
     0
  0
CLASS
  1
VISUALSTYLE
  2
AcDbVisualStyle
  3
ObjectDBX Classes
 90
     4095
280
     0
281
     0
  0
CLASS
  1
MATERIAL
  2
AcDbMaterial
  3
ObjectDBX Classes
 90
     1153
280
     0
281
     0
  0
CLASS
  1
SCALE
  2
AcDbScale
  3
ObjectDBX Classes
 90
     1153
280
     0
281
     0
  0
CLASS
  1
TABLESTYLE
  2
AcDbTableStyle
  3
ObjectDBX Classes
 90
     4095
280
     0
281
     0
  0
CLASS
  1
MLEADERSTYLE
  2
AcDbMLeaderStyle
  3
ACDB_MLEADERSTYLE_CLASS
 90
     4095
280
     0
281
     0
  0
CLASS
  1
SUN
  2
AcDbSun
  3
SCENEOE
 90
     1153
280
     0
281
     0
  0
CLASS
  1
ACDBPLACEHOLDER
  2
AcDbPlaceHolder
  3
ObjectDBX Classes
 90
        0
280
     0
281
     0
  0
CLASS
  1
LAYOUT
  2
AcDbLayout
  3
ObjectDBX Classes
 90
        0
280
     0
281
     0
  0
ENDSEC
  0
SECTION
  2
TABLES
  0
TABLE
  2
VPORT
  5
8
330
0
100
AcDbSymbolTable
 70
     1
  0
VPORT
  5
29
330
8
100
AcDbSymbolTableRecord
100
AcDbViewportTableRecord
  2
*Active
 70
     0
 10
0.0
 20
0.0
 11
1.0
 21
1.0
 12
420.0
 22
297.0
 13
0.0
 23
0.0
 14
10.0
 24
10.0
 15
10.0
 25
10.0
 16
0.0
 26
0.0
 36
1.0
 17
0.0
 27
0.0
 37
0.0
 40
594.0
 41
1.4141414141
 42
50.0
 43
0.0
 44
0.0
 50
0.0
 51
0.0
 71
     0
 72
  2000
 73
     1
 74
     3
 75
     0
 76
     0
 77
     0
 78
     0
281
     0
 65
     1
110
0.0
120
0.0
130
0.0
111
1.0
121
0.0
131
0.0
112
0.0
122
1.0
132
0.0
 79
     0
146
0.0
  0
ENDTAB
  0
TABLE
  2
LTYPE
  5
5
330
0
100
AcDbSymbolTable
 70
     6
  0
LTYPE
  5
14
330
5
100
AcDbSymbolTableRecord
100
AcDbLinetypeTableRecord
  2
ByBlock
 70
     0
  3

 72
    65
 73
     0
 40
0.0
  0
LTYPE
  5
15
330
5
100
AcDbSymbolTableRecord
100
AcDbLinetypeTableRecord
  2
ByLayer
 70
     0
  3

 72
    65
 73
     0
 40
0.0
  0
LTYPE
  5
16
330
5
100
AcDbSymbolTableRecord
100
AcDbLinetypeTableRecord
  2
Continuous
 70
     0
  3
Solid line
 72
    65
 73
     0
 40
0.0
  0
LTYPE
  5
6E
330
5
100
AcDbSymbolTableRecord
100
AcDbLinetypeTableRecord
  2
HIDDEN
 70
     0
  3
Hidden __ __ __ __ __ __ __ __ __ __ __ __ __ __
 72
    65
 73
     2
 40
1.905
 49
1.27
 74
     0
 49
-0.635
 74
     0
  0
LTYPE
  5
6F
330
5
100
AcDbSymbolTableRecord
100
AcDbLinetypeTableRecord
  2
PHANTOM
 70
     0
  3
Phantom ______  __  __  ______  __  __  ______
 72
    65
 73
     6
 40
12.7
 49
6.35
 74
     0
 49
-1.27
 74
     0
 49
1.27
 74
     0
 49
-1.27
 74
     0
 49
1.27
 74
     0
 49
-1.27
 74
     0
  0
LTYPE
  5
70
330
5
100
AcDbSymbolTableRecord
100
AcDbLinetypeTableRecord
  2
CENTER
 70
     0
  3
Center ____ _ ____ _ ____ _ ____ _ ____ _ ____
 72
    65
 73
     4
 40
10.16
 49
6.35
 74
     0
 49
-1.27
 74
     0
 49
1.27
 74
     0
 49
-1.27
 74
     0
  0
LTYPE
  5
71
330
5
100
AcDbSymbolTableRecord
100
AcDbLinetypeTableRecord
  2
CENTERX2
 70
     0
  3
Center (2x) ________  __  ________  __  _____
 72
    65
 73
     4
 40
20.32
 49
12.7
 74
     0
 49
-2.54
 74
     0
 49
2.54
 74
     0
 49
-2.54
 74
     0
  0
LTYPE
  5
72
330
5
100
AcDbSymbolTableRecord
100
AcDbLinetypeTableRecord
  2
DOT2
 70
     0
  3
Dot (.5x) ........................................
 72
    65
 73
     2
 40
0.635
 49
0.0
 74
     0
 49
-0.635
 74
     0
  0
ENDTAB
  0
TABLE
  2
LAYER
  5
2
330
0
100
AcDbSymbolTable
 70
    12
  0
LAYER
  5
10
330
2
100
AcDbSymbolTableRecord
100
AcDbLayerTableRecord
  2
0
 70
     0
 62
     7
  6
Continuous
370
    -3
390
F
  0
LAYER
  5
73
330
2
100
AcDbSymbolTableRecord
100
AcDbLayerTableRecord
  2
FORMAT
 70
     0
 62
     7
  6
Continuous
370
    -3
390
F
  0
LAYER
  5
74
330
2
100
AcDbSymbolTableRecord
100
AcDbLayerTableRecord
  2
SLD-0
 70
     0
 62
   179
  6
Continuous
370
    -3
390
F
  0
LAYER
  5
75
330
2
100
AcDbSymbolTableRecord
100
AcDbLayerTableRecord
  2
RAHMEN_DÜNN
 70
     0
 62
    96
  6
Continuous
370
    -3
390
F
  0
LAYER
  5
76
330
2
100
AcDbSymbolTableRecord
100
AcDbLayerTableRecord
  2
RAHMEN_DICK
 70
     0
 62
     7
  6
Continuous
370
    -3
390
F
  0
LAYER
  5
77
330
2
100
AcDbSymbolTableRecord
100
AcDbLayerTableRecord
  2
BEMAßUNG
 70
     0
 62
     1
  6
Continuous
370
    -3
390
F
  0
LAYER
  5
78
330
2
100
AcDbSymbolTableRecord
100
AcDbLayerTableRecord
  2
TEXT
 70
     0
 62
     5
  6
Continuous
370
    -3
390
F
  0
LAYER
  5
79
330
2
100
AcDbSymbolTableRecord
100
AcDbLayerTableRecord
  2
ZEICHNEN
 70
     0
 62
     7
  6
Continuous
370
    -3
390
F
  0
LAYER
  5
7A
330
2
100
AcDbSymbolTableRecord
100
AcDbLayerTableRecord
  2
OBERFLÄCHENZEICHEN
 70
     0
 62
   236
  6
Continuous
370
    -3
390
F
  0
LAYER
  5
7B
330
2
100
AcDbSymbolTableRecord
100
AcDbLayerTableRecord
  2
20
 70
     0
 62
   179
  6
Continuous
370
    -3
390
F
  0
LAYER
  5
7C
330
2
100
AcDbSymbolTableRecord
100
AcDbLayerTableRecord
  2
3
 70
     0
 62
   179
  6
Continuous
370
    -3
390
F
  0
LAYER
  5
7D
330
2
100
AcDbSymbolTableRecord
100
AcDbLayerTableRecord
  2
2
 70
     0
 62
   179
  6
Continuous
370
    -3
390
F
  0
ENDTAB
  0
TABLE
  2
STYLE
  5
3
330
0
100
AcDbSymbolTable
 70
    13
  0
STYLE
  5
11
330
3
100
AcDbSymbolTableRecord
100
AcDbTextStyleTableRecord
  2
Standard
 70
     0
 40
0.0
 41
1.0
 50
0.0
 71
     0
 42
7.0
  3
txt
  4

  0
STYLE
  5
88
330
3
100
AcDbSymbolTableRecord
100
AcDbTextStyleTableRecord
  2
SLDTEXTSTYLE0
 70
     0
 40
0.0
 41
0.75
 50
0.0
 71
     0
 42
7.0
  3
TXT
  4

  0
STYLE
  5
A8
330
3
100
AcDbSymbolTableRecord
100
AcDbTextStyleTableRecord
  2
SLDTEXTSTYLE1
 70
     0
 40
0.0
 41
0.6953125
 50
0.0
 71
     0
 42
7.0
  3
TXT
  4

  0
STYLE
  5
491
330
3
100
AcDbSymbolTableRecord
100
AcDbTextStyleTableRecord
  2
SLDTEXTSTYLE2
 70
     0
 40
0.0
 41
0.4632306021
 50
0.0
 71
     0
 42
7.0
  3
TXT
  4

  0
STYLE
  5
4AE
330
3
100
AcDbSymbolTableRecord
100
AcDbTextStyleTableRecord
  2
SLDTEXTSTYLE3
 70
     0
 40
0.0
 41
0.4318590833
 50
0.0
 71
     0
 42
7.0
  3
TXT
  4

  0
STYLE
  5
4B1
330
3
100
AcDbSymbolTableRecord
100
AcDbTextStyleTableRecord
  2
SLDTEXTSTYLE4
 70
     0
 40
0.0
 41
0.4171714479
 50
0.0
 71
     0
 42
7.0
  3
TXT
  4

  0
STYLE
  5
4B3
330
3
100
AcDbSymbolTableRecord
100
AcDbTextStyleTableRecord
  2
SLDTEXTSTYLE5
 70
     0
 40
0.0
 41
0.4839325677
 50
0.0
 71
     0
 42
7.0
  3
TXT
  4

  0
STYLE
  5
4B5
330
3
100
AcDbSymbolTableRecord
100
AcDbTextStyleTableRecord
  2
SLDTEXTSTYLE6
 70
     0
 40
0.0
 41
0.3837912031
 50
0.0
 71
     0
 42
7.0
  3
TXT
  4

  0
STYLE
  5
4B7
330
3
100
AcDbSymbolTableRecord
100
AcDbTextStyleTableRecord
  2
SLDTEXTSTYLE7
 70
     0
 40
0.0
 41
0.3570867552
 50
0.0
 71
     0
 42
7.0
  3
TXT
  4

  0
STYLE
  5
4B9
330
3
100
AcDbSymbolTableRecord
100
AcDbTextStyleTableRecord
  2
SLDTEXTSTYLE8
 70
     0
 40
0.0
 41
0.5881942344
 50
0.0
 71
     0
 42
7.0
  3
TXT
  4

  0
STYLE
  5
4F4
330
3
100
AcDbSymbolTableRecord
100
AcDbTextStyleTableRecord
  2
SLDTEXTSTYLE9
 70
     0
 40
0.0
 41
0.3757799948
 50
0.0
 71
     0
 42
7.0
  3
TXT
  4

  0
STYLE
  5
501
330
3
100
AcDbSymbolTableRecord
100
AcDbTextStyleTableRecord
  2
SLDTEXTSTYLE10
 70
     0
 40
0.0
 41
0.605
 50
0.0
 71
     0
 42
7.0
  3
TXT
  4

  0
STYLE
  5
580
330
3
100
AcDbSymbolTableRecord
100
AcDbTextStyleTableRecord
  2
SLDTEXTSTYLE11
 70
     0
 40
0.0
 41
0.7
 50
0.0
 71
     0
 42
7.0
  3
TXT
  4

  0
ENDTAB
  0
TABLE
  2
VIEW
  5
6
330
0
100
AcDbSymbolTable
 70
     0
  0
ENDTAB
  0
TABLE
  2
UCS
  5
7
330
0
100
AcDbSymbolTable
 70
     0
  0
ENDTAB
  0
TABLE
  2
APPID
  5
9
330
0
100
AcDbSymbolTable
 70
     1
  0
APPID
  5
12
330
9
100
AcDbSymbolTableRecord
100
AcDbRegAppTableRecord
  2
ACAD
 70
     0
  0
ENDTAB
  0
TABLE
  2
DIMSTYLE
  5
A
330
0
100
AcDbSymbolTable
 70
     8
100
AcDbDimStyleTable
  0
DIMSTYLE
105
27
330
A
100
AcDbSymbolTableRecord
100
AcDbDimStyleTableRecord
  2
ISO-25
 70
     0
 41
2.5
 42
0.625
 43
3.75
 44
1.25
 73
     0
 74
     0
 77
     1
 78
     8
140
2.5
141
2.5
143
0.0393700787
147
0.625
171
     3
172
     1
178
     0
271
     2
272
     2
274
     3
278
    44
283
     0
284
     8
340
11
  0
DIMSTYLE
105
514
102
{ACAD_REACTORS
330
513
330
54F
102
}
330
A
100
AcDbSymbolTableRecord
100
AcDbDimStyleTableRecord
  2
SLDDIMSTYLE0
 70
     0
 41
6.604
 44
0.0
 45
0.000000001
 78
     8
 79
     2
140
6.35
147
1.5875
173
     1
178
     0
271
     0
272
     0
276
     2
284
    12
340
88
341
515
343
515
344
515
  0
DIMSTYLE
105
520
102
{ACAD_REACTORS
330
51F
330
528
330
52E
330
534
330
53A
330
540
102
}
330
A
100
AcDbSymbolTableRecord
100
AcDbDimStyleTableRecord
  2
SLDDIMSTYLE1
 70
     0
 41
6.604
 44
0.0
 45
0.000000001
 78
     4
 79
     1
140
6.35
147
1.5875
173
     1
178
     0
271
     2
272
     2
276
     2
284
    12
340
88
341
515
343
515
344
515
  0
DIMSTYLE
105
549
102
{ACAD_REACTORS
330
548
102
}
330
A
100
AcDbSymbolTableRecord
100
AcDbDimStyleTableRecord
  2
SLDDIMSTYLE2
 70
     0
 41
6.604
 44
0.0
 45
0.000000001
 78
     4
 79
     1
140
6.35
147
1.5875
173
     1
178
     0
271
     1
272
     1
276
     2
284
    12
340
88
341
515
343
515
344
515
  0
DIMSTYLE
105
556
102
{ACAD_REACTORS
330
555
102
}
330
A
100
AcDbSymbolTableRecord
100
AcDbDimStyleTableRecord
  2
SLDDIMSTYLE3
 70
     0
 41
6.604
 44
0.0
 45
0.000000001
 78
    12
 79
     3
140
6.35
147
1.5875
173
     1
178
     0
271
     1
272
     1
276
     2
284
    12
340
88
341
515
343
515
344
515
  0
DIMSTYLE
105
55D
102
{ACAD_REACTORS
330
55C
102
}
330
A
100
AcDbSymbolTableRecord
100
AcDbDimStyleTableRecord
  2
SLDDIMSTYLE4
 70
     0
 41
6.604
 44
0.0
 45
0.000000001
 78
    12
 79
     3
140
6.35
143
0.0393700787
147
1.5875
148
0.000000001
170
     1
173
     1
178
     0
271
     1
272
     1
276
     2
284
    12
340
88
341
515
343
515
344
515
  0
DIMSTYLE
105
56C
102
{ACAD_REACTORS
330
56B
330
576
102
}
330
A
100
AcDbSymbolTableRecord
100
AcDbDimStyleTableRecord
  2
SLDDIMSTYLE5
 70
     0
 41
6.604
 44
0.0
 45
0.000000001
 78
    12
 79
     3
140
6.35
141
0.0
147
1.5875
173
     1
178
     0
271
     1
272
     1
276
     2
284
    12
340
88
  0
DIMSTYLE
105
5F0
102
{ACAD_REACTORS
330
5EF
102
}
330
A
100
AcDbSymbolTableRecord
100
AcDbDimStyleTableRecord
  2
SLDDIMSTYLE6
 70
     0
 41
6.604
 44
0.0
 45
0.000000001
 78
    12
 79
     3
140
6.35
143
0.0393700787
147
1.5875
148
0.000000001
170
     1
172
     1
173
     1
178
     0
271
     1
272
     1
276
     2
284
    12
289
     0
340
88
  0
ENDTAB
  0
TABLE
  2
BLOCK_RECORD
  5
1
330
0
100
AcDbSymbolTable
 70
    31
  0
BLOCK_RECORD
  5
1F
330
1
100
AcDbSymbolTableRecord
100
AcDbBlockTableRecord
  2
*Model_Space
340
22
  0
BLOCK_RECORD
  5
1B
330
1
100
AcDbSymbolTableRecord
100
AcDbBlockTableRecord
  2
*Paper_Space
340
1E
  0
BLOCK_RECORD
  5
7E
330
1
100
AcDbSymbolTableRecord
100
AcDbBlockTableRecord
  2
SWNA_DETAIL
340
0
102
{BLKREFS
331
48D
102
}
  0
BLOCK_RECORD
  5
85
330
1
100
AcDbSymbolTableRecord
100
AcDbBlockTableRecord
  2
SW_NOTE_0
340
0
102
{BLKREFS
331
98
102
}
  0
BLOCK_RECORD
  5
99
330
1
100
AcDbSymbolTableRecord
100
AcDbBlockTableRecord
  2
SW_NOTE_0_1
340
0
102
{BLKREFS
331
9F
102
}
  0
BLOCK_RECORD
  5
A0
330
1
100
AcDbSymbolTableRecord
100
AcDbBlockTableRecord
  2
SW_NOTE_0_2
340
0
102
{BLKREFS
331
B2
102
}
  0
BLOCK_RECORD
  5
4C8
330
1
100
AcDbSymbolTableRecord
100
AcDbBlockTableRecord
  2
SW_NOTE_0_3
340
0
102
{BLKREFS
331
4CD
102
}
  0
BLOCK_RECORD
  5
4D3
330
1
100
AcDbSymbolTableRecord
100
AcDbBlockTableRecord
  2
SW_NOTE_0_4
340
0
102
{BLKREFS
331
4D8
102
}
  0
BLOCK_RECORD
  5
4E0
330
1
100
AcDbSymbolTableRecord
100
AcDbBlockTableRecord
  2
SW_NOTE_0_5
340
0
102
{BLKREFS
331
4E5
102
}
  0
BLOCK_RECORD
  5
4E6
330
1
100
AcDbSymbolTableRecord
100
AcDbBlockTableRecord
  2
SW_NOTE_0_6
340
0
102
{BLKREFS
331
4EB
102
}
  0
BLOCK_RECORD
  5
4FD
330
1
100
AcDbSymbolTableRecord
100
AcDbBlockTableRecord
  2
SW_NOTE_0_7
340
0
102
{BLKREFS
331
503
102
}
  0
BLOCK_RECORD
  5
515
330
1
100
AcDbSymbolTableRecord
100
AcDbBlockTableRecord
  2
_None
340
0
  0
BLOCK_RECORD
  5
518
330
1
100
AcDbSymbolTableRecord
100
AcDbBlockTableRecord
  2
_D
340
0
  0
BLOCK_RECORD
  5
521
330
1
100
AcDbSymbolTableRecord
100
AcDbBlockTableRecord
  2
_D_1
340
0
  0
BLOCK_RECORD
  5
529
330
1
100
AcDbSymbolTableRecord
100
AcDbBlockTableRecord
  2
_D_2
340
0
  0
BLOCK_RECORD
  5
52F
330
1
100
AcDbSymbolTableRecord
100
AcDbBlockTableRecord
  2
_D_3
340
0
  0
BLOCK_RECORD
  5
535
330
1
100
AcDbSymbolTableRecord
100
AcDbBlockTableRecord
  2
_D_4
340
0
  0
BLOCK_RECORD
  5
53B
330
1
100
AcDbSymbolTableRecord
100
AcDbBlockTableRecord
  2
_D_5
340
0
  0
BLOCK_RECORD
  5
541
330
1
100
AcDbSymbolTableRecord
100
AcDbBlockTableRecord
  2
_D_6
340
0
  0
BLOCK_RECORD
  5
54A
330
1
100
AcDbSymbolTableRecord
100
AcDbBlockTableRecord
  2
_D_7
340
0
  0
BLOCK_RECORD
  5
550
330
1
100
AcDbSymbolTableRecord
100
AcDbBlockTableRecord
  2
_D_8
340
0
  0
BLOCK_RECORD
  5
557
330
1
100
AcDbSymbolTableRecord
100
AcDbBlockTableRecord
  2
_D_9
340
0
  0
BLOCK_RECORD
  5
55E
330
1
100
AcDbSymbolTableRecord
100
AcDbBlockTableRecord
  2
_D_10
340
0
  0
BLOCK_RECORD
  5
56D
330
1
100
AcDbSymbolTableRecord
100
AcDbBlockTableRecord
  2
_D_11
340
0
  0
BLOCK_RECORD
  5
577
330
1
100
AcDbSymbolTableRecord
100
AcDbBlockTableRecord
  2
_D_12
340
0
  0
BLOCK_RECORD
  5
582
330
1
100
AcDbSymbolTableRecord
100
AcDbBlockTableRecord
  2
SW_CHAMFER_DIMENSION_0
340
0
102
{BLKREFS
331
58C
102
}
  0
BLOCK_RECORD
  5
58D
330
1
100
AcDbSymbolTableRecord
100
AcDbBlockTableRecord
  2
SW_CENTERMARKSYMBOL_0
340
0
102
{BLKREFS
331
598
102
}
  0
BLOCK_RECORD
  5
599
330
1
100
AcDbSymbolTableRecord
100
AcDbBlockTableRecord
  2
SW_CENTERMARKSYMBOL_1
340
0
102
{BLKREFS
331
5A4
102
}
  0
BLOCK_RECORD
  5
5A5
330
1
100
AcDbSymbolTableRecord
100
AcDbBlockTableRecord
  2
SW_CENTERMARKSYMBOL_2
340
0
102
{BLKREFS
331
5B0
102
}
  0
BLOCK_RECORD
  5
5B1
330
1
100
AcDbSymbolTableRecord
100
AcDbBlockTableRecord
  2
SW_CENTERMARKSYMBOL_3
340
0
102
{BLKREFS
331
5BC
102
}
  0
BLOCK_RECORD
  5
5BD
330
1
100
AcDbSymbolTableRecord
100
AcDbBlockTableRecord
  2
SW_CENTERMARKSYMBOL_4
340
0
102
{BLKREFS
331
5C8
102
}
  0
BLOCK_RECORD
  5
5C9
330
1
100
AcDbSymbolTableRecord
100
AcDbBlockTableRecord
  2
SW_CENTERMARKSYMBOL_5
340
0
102
{BLKREFS
331
5D4
102
}
  0
BLOCK_RECORD
  5
5F1
330
1
100
AcDbSymbolTableRecord
100
AcDbBlockTableRecord
  2
_D_13
340
0
  0
ENDTAB
  0
ENDSEC
  0
SECTION
  2
BLOCKS
  0
BLOCK
  5
20
330
1F
100
AcDbEntity
  8
0
100
AcDbBlockBegin
  2
*Model_Space
 70
     0
 10
0.0
 20
0.0
 30
0.0
  3
*Model_Space
  1

  0
ENDBLK
  5
21
330
1F
100
AcDbEntity
  8
0
100
AcDbBlockEnd
  0
BLOCK
  5
1C
330
1B
100
AcDbEntity
 67
     1
  8
0
100
AcDbBlockBegin
  2
*Paper_Space
 70
     0
 10
0.0
 20
0.0
 30
0.0
  3
*Paper_Space
  1

  0
ENDBLK
  5
1D
330
1B
100
AcDbEntity
 67
     1
  8
0
100
AcDbBlockEnd
  0
BLOCK
  5
7F
330
7E
100
AcDbEntity
  8
0
100
AcDbBlockBegin
  2
SWNA_DETAIL
 70
     2
 10
0.0
 20
0.0
 30
0.0
  3
SWNA_DETAIL
  1

  0
LINE
  5
81
330
7E
100
AcDbEntity
  8
SLD-0
370
    35
100
AcDbLine
 10
2102.8152508679
 20
332.0630400455
 30
0.0
 11
2034.982172792
 21
332.0630400455
 31
0.0
  0
LINE
  5
82
330
7E
100
AcDbEntity
  8
SLD-0
370
    35
100
AcDbLine
 10
2102.8152508679
 20
332.0630400455
 30
0.0
 11
2102.8152508679
 21
284.8532054871
 31
0.0
  0
LINE
  5
83
330
7E
100
AcDbEntity
  8
SLD-0
370
    35
100
AcDbLine
 10
2102.8152508679
 20
284.8532054871
 30
0.0
 11
2034.982172792
 21
284.8532054871
 31
0.0
  0
LINE
  5
84
330
7E
100
AcDbEntity
  8
SLD-0
370
    35
100
AcDbLine
 10
2034.982172792
 20
332.0630400455
 30
0.0
 11
2034.982172792
 21
284.8532054871
 31
0.0
  0
INSERT
  5
98
330
7E
100
AcDbEntity
  8
SLD-0
 62
   179
100
AcDbBlockReference
  2
SW_NOTE_0
 10
2045.5225885673
 20
322.0867766106
 30
0.0
  0
INSERT
  5
9F
330
7E
100
AcDbEntity
  8
FORMAT
 62
     7
100
AcDbBlockReference
  2
SW_NOTE_0_1
 10
2119.162073908
 20
320.379484504
 30
0.0
  0
INSERT
  5
B2
330
7E
100
AcDbEntity
  8
SLD-0
 62
   179
100
AcDbBlockReference
  2
SW_NOTE_0_2
 10
2039.9766848425
 20
264.5956091855
 30
0.0
  0
ATTDEF
  5
B3
330
7E
100
AcDbEntity
  8
FORMAT
 62
     7
100
AcDbText
 10
2171.1053852567
 20
324.0003581303
 30
0.0
 40
7.0
  1
6061-T6 
 41
0.75
  7
SLDTEXTSTYLE0
 11
2171.1053852567
 21
320.3794835727
 31
0.0
100
AcDbAttributeDefinition
  3

  2
AUTOATTR0
 70
     0
 74
     1
  0
ENDBLK
  5
80
330
7E
100
AcDbEntity
  8
0
100
AcDbBlockEnd
  0
BLOCK
  5
86
330
85
100
AcDbEntity
  8
0
100
AcDbBlockBegin
  2
SW_NOTE_0
 70
     0
 10
0.0
 20
0.0
 30
0.0
  3
SW_NOTE_0
  1

  0
MTEXT
  5
89
330
85
100
AcDbEntity
  8
SLD-0
 62
     0
100
AcDbMText
 10
0.0
 20
6.4453386989
 30
0.0
 40
5.0
 41
0.0
 71
     1
 72
     1
  1
\LTOLERANCES:
  7
SLDTEXTSTYLE0
 73
     1
 44
1.0
  0
MTEXT
  5
8A
330
85
100
AcDbEntity
  8
SLD-0
 62
     0
100
AcDbMText
 10
-7.3333328217
 20
-7.5546617333
 30
0.0
 40
5.0
 41
0.0
 71
     1
 72
     1
  1
X.X
  7
SLDTEXTSTYLE0
 73
     1
 44
1.0
  0
MTEXT
  5
8B
330
85
100
AcDbEntity
  8
SLD-0
 62
     0
100
AcDbMText
 10
24.7499998659
 20
-7.5546617333
 30
0.0
 40
5.0
 41
0.0
 71
     1
 72
     1
  1
%%p
  7
SLDTEXTSTYLE0
 73
     1
 44
1.0
  0
MTEXT
  5
8C
330
85
100
AcDbEntity
  8
SLD-0
 62
     0
100
AcDbMText
 10
33.2625003904
 20
-7.5546617333
 30
0.0
 40
5.0
 41
0.0
 71
     1
 72
     1
  1
0.2
  7
SLDTEXTSTYLE0
 73
     1
 44
1.0
  0
MTEXT
  5
8D
330
85
100
AcDbEntity
  8
SLD-0
 62
     0
100
AcDbMText
 10
-7.3333328217
 20
-14.5546619493
 30
0.0
 40
5.0
 41
0.0
 71
     1
 72
     1
  1
X.XX
  7
SLDTEXTSTYLE0
 73
     1
 44
1.0
  0
MTEXT
  5
8E
330
85
100
AcDbEntity
  8
SLD-0
 62
     0
100
AcDbMText
 10
25.1180548221
 20
-14.5546619493
 30
0.0
 40
5.0
 41
0.0
 71
     1
 72
     1
  1
%%p
  7
SLDTEXTSTYLE0
 73
     1
 44
1.0
  0
MTEXT
  5
8F
330
85
100
AcDbEntity
  8
SLD-0
 62
     0
100
AcDbMText
 10
33.6305553466
 20
-14.5546619493
 30
0.0
 40
5.0
 41
0.0
 71
     1
 72
     1
  1
0.10
  7
SLDTEXTSTYLE0
 73
     1
 44
1.0
  0
MTEXT
  5
90
330
85
100
AcDbEntity
  8
SLD-0
 62
     0
100
AcDbMText
 10
-7.3333328217
 20
-21.5546621654
 30
0.0
 40
5.0
 41
0.0
 71
     1
 72
     1
  1
X.XXX
  7
SLDTEXTSTYLE0
 73
     1
 44
1.0
  0
MTEXT
  5
91
330
85
100
AcDbEntity
  8
SLD-0
 62
     0
100
AcDbMText
 10
25.4861097783
 20
-21.5546621654
 30
0.0
 40
5.0
 41
0.0
 71
     1
 72
     1
  1
%%p
  7
SLDTEXTSTYLE0
 73
     1
 44
1.0
  0
MTEXT
  5
92
330
85
100
AcDbEntity
  8
SLD-0
 62
     0
100
AcDbMText
 10
33.9986103028
 20
-21.5546621654
 30
0.0
 40
5.0
 41
0.0
 71
     1
 72
     1
  1
0.010
  7
SLDTEXTSTYLE0
 73
     1
 44
1.0
  0
MTEXT
  5
93
330
85
100
AcDbEntity
  8
SLD-0
 62
     0
100
AcDbMText
 10
-7.3333328217
 20
-28.5546623815
 30
0.0
 40
5.0
 41
0.0
 71
     1
 72
     1
  1
ANGLES
  7
SLDTEXTSTYLE0
 73
     1
 44
1.0
  0
MTEXT
  5
94
330
85
100
AcDbEntity
  8
SLD-0
 62
     0
100
AcDbMText
 10
25.6458315998
 20
-28.5546623815
 30
0.0
 40
5.0
 41
0.0
 71
     1
 72
     1
  1
%%p
  7
SLDTEXTSTYLE0
 73
     1
 44
1.0
  0
MTEXT
  5
95
330
85
100
AcDbEntity
  8
SLD-0
 62
     0
100
AcDbMText
 10
32.2833321244
 20
-28.5546623815
 30
0.0
 40
5.0
 41
0.0
 71
     1
 72
     1
  1
0
  7
SLDTEXTSTYLE0
 73
     1
 44
1.0
  0
MTEXT
  5
96
330
85
100
AcDbEntity
  8
SLD-0
 62
     0
100
AcDbMText
 10
35.9499994665
 20
-28.5546623815
 30
0.0
 40
5.0
 41
0.0
 71
     1
 72
     1
  1
%%d
  7
SLDTEXTSTYLE0
 73
     1
 44
1.0
  0
MTEXT
  5
97
330
85
100
AcDbEntity
  8
SLD-0
 62
     0
100
AcDbMText
 10
41.000001058
 20
-28.5546623815
 30
0.0
 40
5.0
 41
0.0
 71
     1
 72
     1
  1
30'
  7
SLDTEXTSTYLE0
 73
     1
 44
1.0
  0
ENDBLK
  5
87
330
85
100
AcDbEntity
  8
0
100
AcDbBlockEnd
  0
BLOCK
  5
9A
330
99
100
AcDbEntity
  8
0
100
AcDbBlockBegin
  2
SW_NOTE_0_1
 70
     0
 10
0.0
 20
0.0
 30
0.0
  3
SW_NOTE_0_1
  1

  0
MTEXT
  5
9C
330
99
100
AcDbEntity
  8
FORMAT
 62
     0
100
AcDbMText
 10
44.1875
 20
9.0234741784
 30
0.0
 40
7.0
 41
0.0
 71
     3
 72
     1
  1
MATERIAL:
  7
SLDTEXTSTYLE0
 73
     1
 44
1.0
  0
MTEXT
  5
9D
330
99
100
AcDbEntity
  8
FORMAT
 62
     0
100
AcDbMText
 10
44.4743080437
 20
-0.0279148825
 30
0.0
 40
7.0
 41
0.0
 71
     3
 72
     1
  1
HEAT TREAT:
  7
SLDTEXTSTYLE0
 73
     1
 44
1.0
  0
MTEXT
  5
9E
330
99
100
AcDbEntity
  8
FORMAT
 62
     0
100
AcDbMText
 10
46.0930571109
 20
-18.1306930043
 30
0.0
 40
7.0
 41
0.0
 71
     3
 72
     1
  1
FINISH:
  7
SLDTEXTSTYLE0
 73
     1
 44
1.0
  0
ENDBLK
  5
9B
330
99
100
AcDbEntity
  8
0
100
AcDbBlockEnd
  0
BLOCK
  5
A1
330
A0
100
AcDbEntity
  8
0
100
AcDbBlockBegin
  2
SW_NOTE_0_2
 70
     0
 10
0.0
 20
0.0
 30
0.0
  3
SW_NOTE_0_2
  1

  0
LINE
  5
A3
330
A0
100
AcDbEntity
  8
SLD-0
 62
     0
100
AcDbLine
 10
52.6231100912
 20
-49.4666686282
 30
0.0
 11
46.5611100912
 21
-38.9666686282
 31
0.0
  0
LINE
  5
A4
330
A0
100
AcDbEntity
  8
SLD-0
 62
     0
100
AcDbLine
 10
52.6231100912
 20
-49.4666686282
 30
0.0
 11
64.7471100912
 21
-28.4666686282
 31
0.0
  0
LINE
  5
A5
330
A0
100
AcDbEntity
  8
SLD-0
 62
     0
100
AcDbLine
 10
99.0323306267
 20
-49.4666686282
 30
0.0
 11
92.9703306267
 21
-38.9666686282
 31
0.0
  0
LINE
  5
A6
330
A0
100
AcDbEntity
  8
SLD-0
 62
     0
100
AcDbLine
 10
99.0323306267
 20
-49.4666686282
 30
0.0
 11
111.1563306267
 21
-28.4666686282
 31
0.0
  0
MTEXT
  5
A7
330
A0
100
AcDbEntity
  8
SLD-0
 62
     0
100
AcDbMText
 10
0.0
 20
9.0234741784
 30
0.0
 40
7.0
 41
0.0
 71
     1
 72
     1
  1
NOTES:
  7
SLDTEXTSTYLE0
 73
     1
 44
1.0
  0
MTEXT
  5
A9
330
A0
100
AcDbEntity
  8
SLD-0
 62
     0
100
AcDbMText
 10
19.999999553
 20
-9.0793039434
 30
0.0
 40
7.0
 41
0.0
 71
     1
 72
     1
  1
BREAK AL SHARP CORNERS 0.2  x 45
  7
SLDTEXTSTYLE1
 73
     1
 44
1.0
  0
MTEXT
  5
AA
330
A0
100
AcDbEntity
  8
SLD-0
 62
     0
100
AcDbMText
 10
178.2194413245
 20
-9.0793039434
 30
0.0
 40
7.0
 41
0.0
 71
     1
 72
     1
  1
%%d
  7
SLDTEXTSTYLE0
 73
     1
 44
1.0
  0
MTEXT
  5
AB
330
A0
100
AcDbEntity
  8
SLD-0
 62
     0
100
AcDbMText
 10
0.0
 20
-9.0793039434
 30
0.0
 40
7.0
 41
0.0
 71
     1
 72
     1
  1
1.
  7
SLDTEXTSTYLE0
 73
     1
 44
1.0
  0
MTEXT
  5
AC
330
A0
100
AcDbEntity
  8
SLD-0
 62
     0
100
AcDbMText
 10
19.999999553
 20
-18.1306930043
 30
0.0
 40
7.0
 41
0.0
 71
     1
 72
     1
  1
ALL HOLES AND MACHINED SURFACES FREE OF PAINT
  7
SLDTEXTSTYLE0
 73
     1
 44
1.0
  0
MTEXT
  5
AD
330
A0
100
AcDbEntity
  8
SLD-0
 62
     0
100
AcDbMText
 10
0.0
 20
-18.1306930043
 30
0.0
 40
7.0
 41
0.0
 71
     1
 72
     1
  1
2.
  7
SLDTEXTSTYLE0
 73
     1
 44
1.0
  0
MTEXT
  5
AE
330
A0
100
AcDbEntity
  8
SLD-0
 62
     0
100
AcDbMText
 10
19.999999553
 20
-42.4945832946
 30
0.0
 40
7.0
 41
0.0
 71
     1
 72
     1
  1
ALL
  7
SLDTEXTSTYLE0
 73
     1
 44
1.0
  0
MTEXT
  5
AF
330
A0
100
AcDbEntity
  8
SLD-0
 62
     0
100
AcDbMText
 10
73.3221106827
 20
-42.4945832946
 30
0.0
 40
7.0
 41
0.0
 71
     1
 72
     1
  1
=
  7
SLDTEXTSTYLE0
 73
     1
 44
1.0
  0
MTEXT
  5
B0
330
A0
100
AcDbEntity
  8
SLD-0
 62
     0
100
AcDbMText
 10
92.4943306267
 20
-29.943194799
 30
0.0
 40
7.0
 41
0.0
 71
     1
 72
     1
  1
6.3
  7
SLDTEXTSTYLE0
 73
     1
 44
1.0
  0
MTEXT
  5
B1
330
A0
100
AcDbEntity
  8
SLD-0
 62
     0
100
AcDbMText
 10
0.0
 20
-42.4945832946
 30
0.0
 40
7.0
 41
0.0
 71
     1
 72
     1
  1
3.
  7
SLDTEXTSTYLE0
 73
     1
 44
1.0
  0
ENDBLK
  5
A2
330
A0
100
AcDbEntity
  8
0
100
AcDbBlockEnd
  0
BLOCK
  5
4C9
330
4C8
100
AcDbEntity
  8
0
100
AcDbBlockBegin
  2
SW_NOTE_0_3
 70
     0
 10
0.0
 20
0.0
 30
0.0
  3
SW_NOTE_0_3
  1

  0
MTEXT
  5
4CB
330
4C8
100
AcDbEntity
  8
20
 62
     0
100
AcDbMText
 10
0.0
 20
5.414084507
 30
0.0
 40
4.2
 41
0.0
 71
     1
 72
     1
  1
Schutzvermerk nach ISO 16016 beachten
  7
SLDTEXTSTYLE8
 73
     1
 44
1.0
  0
MTEXT
  5
4CC
330
4C8
100
AcDbEntity
  8
20
 62
     0
100
AcDbMText
 10
0.0
 20
-0.0109155906
 30
0.0
 40
4.2
 41
0.0
 71
     1
 72
     1
  1
Follow protection notice to ISO 16016
  7
SLDTEXTSTYLE8
 73
     1
 44
1.0
  0
ENDBLK
  5
4CA
330
4C8
100
AcDbEntity
  8
0
100
AcDbBlockEnd
  0
BLOCK
  5
4D4
330
4D3
100
AcDbEntity
  8
0
100
AcDbBlockBegin
  2
SW_NOTE_0_4
 70
     0
 10
0.0
 20
0.0
 30
0.0
  3
SW_NOTE_0_4
  1

  0
MTEXT
  5
4D6
330
4D3
100
AcDbEntity
  8
20
 62
     0
100
AcDbMText
 10
0.0
 20
5.414084507
 30
0.0
 40
4.2
 41
0.0
 71
     1
 72
     1
  1
Gewicht (kg)
  7
SLDTEXTSTYLE8
 73
     1
 44
1.0
  0
MTEXT
  5
4D7
330
4D3
100
AcDbEntity
  8
20
 62
     0
100
AcDbMText
 10
0.0
 20
-0.0109155906
 30
0.0
 40
4.2
 41
0.0
 71
     1
 72
     1
  1
Weight
  7
SLDTEXTSTYLE8
 73
     1
 44
1.0
  0
ENDBLK
  5
4D5
330
4D3
100
AcDbEntity
  8
0
100
AcDbBlockEnd
  0
BLOCK
  5
4E1
330
4E0
100
AcDbEntity
  8
0
100
AcDbBlockBegin
  2
SW_NOTE_0_5
 70
     0
 10
0.0
 20
0.0
 30
0.0
  3
SW_NOTE_0_5
  1

  0
MTEXT
  5
4E3
330
4E0
100
AcDbEntity
  8
20
 62
     0
100
AcDbMText
 10
9.7617152637
 20
5.414084507
 30
0.0
 40
4.2
 41
0.0
 71
     2
 72
     1
  1
General
  7
SLDTEXTSTYLE8
 73
     1
 44
1.0
  0
MTEXT
  5
4E4
330
4E0
100
AcDbEntity
  8
20
 62
     0
100
AcDbMText
 10
9.802911592
 20
-0.0109155906
 30
0.0
 40
4.2
 41
0.0
 71
     2
 72
     1
  1
tolerances
  7
SLDTEXTSTYLE8
 73
     1
 44
1.0
  0
ENDBLK
  5
4E2
330
4E0
100
AcDbEntity
  8
0
100
AcDbBlockEnd
  0
BLOCK
  5
4E7
330
4E6
100
AcDbEntity
  8
0
100
AcDbBlockBegin
  2
SW_NOTE_0_6
 70
     0
 10
0.0
 20
0.0
 30
0.0
  3
SW_NOTE_0_6
  1

  0
MTEXT
  5
4E9
330
4E6
100
AcDbEntity
  8
20
 62
     0
100
AcDbMText
 10
13.0794224121
 20
5.414084507
 30
0.0
 40
4.2
 41
0.0
 71
     2
 72
     1
  1
Allgemein-
  7
SLDTEXTSTYLE8
 73
     1
 44
1.0
  0
MTEXT
  5
4EA
330
4E6
100
AcDbEntity
  8
20
 62
     0
100
AcDbMText
 10
12.9357774614
 20
-0.0109155906
 30
0.0
 40
4.2
 41
0.0
 71
     2
 72
     1
  1
Toleranzen
  7
SLDTEXTSTYLE8
 73
     1
 44
1.0
  0
ENDBLK
  5
4E8
330
4E6
100
AcDbEntity
  8
0
100
AcDbBlockEnd
  0
BLOCK
  5
4FE
330
4FD
100
AcDbEntity
  8
0
100
AcDbBlockBegin
  2
SW_NOTE_0_7
 70
     0
 10
0.0
 20
0.0
 30
0.0
  3
SW_NOTE_0_7
  1

  0
CIRCLE
  5
500
330
4FD
100
AcDbEntity
  8
0
  6
Continuous
 62
     0
370
     0
100
AcDbCircle
 10
2.2251472722
 20
3.9138744479
 30
0.0
 40
4.213128796667543
  0
MTEXT
  5
502
330
4FD
100
AcDbEntity
  8
0
  6
Continuous
 62
     0
370
     0
100
AcDbMText
 10
0.0
 20
6.4453386989
 30
0.0
 40
5.0
 41
0.0
 71
     1
 72
     1
  1
E
  7
SLDTEXTSTYLE10
 73
     1
 44
1.0
  0
ENDBLK
  5
4FF
330
4FD
100
AcDbEntity
  8
0
100
AcDbBlockEnd
  0
BLOCK
  5
516
330
515
100
AcDbEntity
  8
0
100
AcDbBlockBegin
  2
_None
 70
     0
 10
0.0
 20
0.0
 30
0.0
  3
_None
  1

  0
ENDBLK
  5
517
330
515
100
AcDbEntity
  8
0
100
AcDbBlockEnd
  0
BLOCK
  5
519
330
518
100
AcDbEntity
  8
0
100
AcDbBlockBegin
  2
_D
 70
     0
 10
0.0
 20
0.0
 30
0.0
  3
_D
  1

  0
LINE
  5
51B
330
518
100
AcDbEntity
  8
SLD-0
100
AcDbLine
 10
178.4528782288
 20
278.6808856089
 30
0.0
 11
178.4528782288
 21
268.6808856089
 31
0.0
  0
LINE
  5
51C
330
518
100
AcDbEntity
  8
SLD-0
100
AcDbLine
 10
178.4528782288
 20
278.6808856089
 30
0.0
 11
178.4528782288
 21
288.6808856089
 31
0.0
  0
LINE
  5
51D
330
518
100
AcDbEntity
  8
SLD-0
100
AcDbLine
 10
178.4528782288
 20
288.6808856089
 30
0.0
 11
178.4528782288
 21
289.7100369004
 31
0.0
  0
MTEXT
  5
51E
330
518
100
AcDbEntity
  8
SLD-0
100
AcDbMText
 10
175.3076100343
 20
263.9889411513
 30
0.0
 40
6.35
 41
0.0
 71
     1
 72
     1
  1
0
  7
SLDTEXTSTYLE0
 11
-3.491481338843133E-15
 21
1.0
 31
0.0
 73
     1
 44
1.0
  0
ENDBLK
  5
51A
330
518
100
AcDbEntity
  8
0
100
AcDbBlockEnd
  0
BLOCK
  5
522
330
521
100
AcDbEntity
  8
0
100
AcDbBlockBegin
  2
_D_1
 70
     0
 10
0.0
 20
0.0
 30
0.0
  3
_D_1
  1

  0
LINE
  5
524
330
521
100
AcDbEntity
  8
SLD-0
100
AcDbLine
 10
188.6343097849
 20
278.6808856089
 30
0.0
 11
188.6343097849
 21
268.6808856089
 31
0.0
  0
LINE
  5
525
330
521
100
AcDbEntity
  8
SLD-0
100
AcDbLine
 10
188.6343097849
 20
278.6808856089
 30
0.0
 11
188.4528782288
 21
288.6808856089
 31
0.0
  0
LINE
  5
526
330
521
100
AcDbEntity
  8
SLD-0
100
AcDbLine
 10
188.4528782288
 20
288.6808856089
 30
0.0
 11
188.4528782288
 21
304.2700369004
 31
0.0
  0
MTEXT
  5
527
330
521
100
AcDbEntity
  8
SLD-0
100
AcDbMText
 10
185.4890415904
 20
247.5671360154
 30
0.0
 40
6.35
 41
0.0
 71
     1
 72
     1
  1
10.00
  7
SLDTEXTSTYLE0
 11
-3.491481338843133E-15
 21
1.0
 31
0.0
 73
     1
 44
1.0
  0
ENDBLK
  5
523
330
521
100
AcDbEntity
  8
0
100
AcDbBlockEnd
  0
BLOCK
  5
52A
330
529
100
AcDbEntity
  8
0
100
AcDbBlockBegin
  2
_D_2
 70
     0
 10
0.0
 20
0.0
 30
0.0
  3
_D_2
  1

  0
LINE
  5
52C
330
529
100
AcDbEntity
  8
SLD-0
100
AcDbLine
 10
214.4528782288
 20
305.4700369004
 30
0.0
 11
214.4528782288
 21
268.6808856089
 31
0.0
  0
MTEXT
  5
52D
330
529
100
AcDbEntity
  8
SLD-0
100
AcDbMText
 10
211.3076100343
 20
247.5671360154
 30
0.0
 40
6.35
 41
0.0
 71
     1
 72
     1
  1
36.00
  7
SLDTEXTSTYLE0
 11
-3.491481338843133E-15
 21
1.0
 31
0.0
 73
     1
 44
1.0
  0
ENDBLK
  5
52B
330
529
100
AcDbEntity
  8
0
100
AcDbBlockEnd
  0
BLOCK
  5
530
330
52F
100
AcDbEntity
  8
0
100
AcDbBlockBegin
  2
_D_3
 70
     0
 10
0.0
 20
0.0
 30
0.0
  3
_D_3
  1

  0
LINE
  5
532
330
52F
100
AcDbEntity
  8
SLD-0
100
AcDbLine
 10
355.9528782288
 20
305.4700369004
 30
0.0
 11
355.9528782288
 21
268.6808856089
 31
0.0
  0
MTEXT
  5
533
330
52F
100
AcDbEntity
  8
SLD-0
100
AcDbMText
 10
352.8076100343
 20
242.8751924891
 30
0.0
 40
6.35
 41
0.0
 71
     1
 72
     1
  1
177.50
  7
SLDTEXTSTYLE0
 11
-3.491481338843133E-15
 21
1.0
 31
0.0
 73
     1
 44
1.0
  0
ENDBLK
  5
531
330
52F
100
AcDbEntity
  8
0
100
AcDbBlockEnd
  0
BLOCK
  5
536
330
535
100
AcDbEntity
  8
0
100
AcDbBlockBegin
  2
_D_4
 70
     0
 10
0.0
 20
0.0
 30
0.0
  3
_D_4
  1

  0
LINE
  5
538
330
535
100
AcDbEntity
  8
SLD-0
100
AcDbLine
 10
400.9528782288
 20
305.4700369004
 30
0.0
 11
400.9528782288
 21
268.6808856089
 31
0.0
  0
MTEXT
  5
539
330
535
100
AcDbEntity
  8
SLD-0
100
AcDbMText
 10
397.8076100343
 20
242.8751924891
 30
0.0
 40
6.35
 41
0.0
 71
     1
 72
     1
  1
222.50
  7
SLDTEXTSTYLE0
 11
-3.491481338843133E-15
 21
1.0
 31
0.0
 73
     1
 44
1.0
  0
ENDBLK
  5
537
330
535
100
AcDbEntity
  8
0
100
AcDbBlockEnd
  0
BLOCK
  5
53C
330
53B
100
AcDbEntity
  8
0
100
AcDbBlockBegin
  2
_D_5
 70
     0
 10
0.0
 20
0.0
 30
0.0
  3
_D_5
  1

  0
LINE
  5
53E
330
53B
100
AcDbEntity
  8
SLD-0
100
AcDbLine
 10
542.4528782288
 20
305.4700369004
 30
0.0
 11
542.4528782288
 21
268.6808856089
 31
0.0
  0
MTEXT
  5
53F
330
53B
100
AcDbEntity
  8
SLD-0
100
AcDbMText
 10
539.3076100343
 20
242.8751924891
 30
0.0
 40
6.35
 41
0.0
 71
     1
 72
     1
  1
364.00
  7
SLDTEXTSTYLE0
 11
-3.491481338843133E-15
 21
1.0
 31
0.0
 73
     1
 44
1.0
  0
ENDBLK
  5
53D
330
53B
100
AcDbEntity
  8
0
100
AcDbBlockEnd
  0
BLOCK
  5
542
330
541
100
AcDbEntity
  8
0
100
AcDbBlockBegin
  2
_D_6
 70
     0
 10
0.0
 20
0.0
 30
0.0
  3
_D_6
  1

  0
LINE
  5
544
330
541
100
AcDbEntity
  8
SLD-0
100
AcDbLine
 10
568.2714466727
 20
278.6808856089
 30
0.0
 11
568.2714466727
 21
268.6808856089
 31
0.0
  0
LINE
  5
545
330
541
100
AcDbEntity
  8
SLD-0
100
AcDbLine
 10
568.2714466727
 20
278.6808856089
 30
0.0
 11
568.4528782288
 21
288.6808856089
 31
0.0
  0
LINE
  5
546
330
541
100
AcDbEntity
  8
SLD-0
100
AcDbLine
 10
568.4528782288
 20
288.6808856089
 30
0.0
 11
568.4528782288
 21
304.2700369004
 31
0.0
  0
MTEXT
  5
547
330
541
100
AcDbEntity
  8
SLD-0
100
AcDbMText
 10
565.1261784782
 20
242.8751924891
 30
0.0
 40
6.35
 41
0.0
 71
     1
 72
     1
  1
390.00
  7
SLDTEXTSTYLE0
 11
-3.491481338843133E-15
 21
1.0
 31
0.0
 73
     1
 44
1.0
  0
ENDBLK
  5
543
330
541
100
AcDbEntity
  8
0
100
AcDbBlockEnd
  0
BLOCK
  5
54B
330
54A
100
AcDbEntity
  8
0
100
AcDbBlockBegin
  2
_D_7
 70
     0
 10
0.0
 20
0.0
 30
0.0
  3
_D_7
  1

  0
LINE
  5
54D
330
54A
100
AcDbEntity
  8
SLD-0
100
AcDbLine
 10
578.4528782288
 20
289.7100369004
 30
0.0
 11
578.4528782288
 21
268.6808856089
 31
0.0
  0
MTEXT
  5
54E
330
54A
100
AcDbEntity
  8
SLD-0
100
AcDbMText
 10
575.3076100343
 20
247.5671360154
 30
0.0
 40
6.35
 41
0.0
 71
     1
 72
     1
  1
400.0
  7
SLDTEXTSTYLE0
 11
-3.491481338843133E-15
 21
1.0
 31
0.0
 73
     1
 44
1.0
  0
ENDBLK
  5
54C
330
54A
100
AcDbEntity
  8
0
100
AcDbBlockEnd
  0
BLOCK
  5
551
330
550
100
AcDbEntity
  8
0
100
AcDbBlockBegin
  2
_D_8
 70
     0
 10
0.0
 20
0.0
 30
0.0
  3
_D_8
  1

  0
LINE
  5
553
330
550
100
AcDbEntity
  8
SLD-0
100
AcDbLine
 10
180.9128782288
 20
287.2500369004
 30
0.0
 11
160.4702214022
 21
287.2500369004
 31
0.0
  0
MTEXT
  5
554
330
550
100
AcDbEntity
  8
SLD-0
100
AcDbMText
 10
155.7782769446
 20
290.3953050949
 30
0.0
 40
6.35
 41
0.0
 71
     1
 72
     1
  1
0
  7
SLDTEXTSTYLE0
 73
     1
 44
1.0
  0
ENDBLK
  5
552
330
550
100
AcDbEntity
  8
0
100
AcDbBlockEnd
  0
BLOCK
  5
558
330
557
100
AcDbEntity
  8
0
100
AcDbBlockBegin
  2
_D_9
 70
     0
 10
0.0
 20
0.0
 30
0.0
  3
_D_9
  1

  0
LINE
  5
55A
330
557
100
AcDbEntity
  8
SLD-0
100
AcDbLine
 10
180.0728782288
 20
312.6500369004
 30
0.0
 11
160.4702214022
 21
312.6500369004
 31
0.0
  0
MTEXT
  5
55B
330
557
100
AcDbEntity
  8
SLD-0
100
AcDbMText
 10
144.048415335
 20
315.7953050949
 30
0.0
 40
6.35
 41
0.0
 71
     1
 72
     1
  1
25.4
  7
SLDTEXTSTYLE0
 73
     1
 44
1.0
  0
ENDBLK
  5
559
330
557
100
AcDbEntity
  8
0
100
AcDbBlockEnd
  0
BLOCK
  5
55F
330
55E
100
AcDbEntity
  8
0
100
AcDbBlockBegin
  2
_D_10
 70
     0
 10
0.0
 20
0.0
 30
0.0
  3
_D_10
  1

  0
LINE
  5
561
330
55E
100
AcDbEntity
  8
SLD-0
100
AcDbLine
 10
122.66346973
 20
343.0903495519
 30
0.0
 11
120.7287041248
 21
343.0903495519
 31
0.0
  0
LINE
  5
562
330
55E
100
AcDbEntity
  8
SLD-0
100
AcDbLine
 10
120.7287041248
 20
343.0903495519
 30
0.0
 11
120.7287041248
 21
333.0097242488
 31
0.0
  0
LINE
  5
563
330
55E
100
AcDbEntity
  8
SLD-0
100
AcDbLine
 10
120.7287041248
 20
333.0097242488
 30
0.0
 11
122.66346973
 21
333.0097242488
 31
0.0
  0
LINE
  5
564
330
55E
100
AcDbEntity
  8
SLD-0
100
AcDbLine
 10
139.0852757973
 20
343.0903495519
 30
0.0
 11
141.0200414025
 21
343.0903495519
 31
0.0
  0
LINE
  5
565
330
55E
100
AcDbEntity
  8
SLD-0
100
AcDbLine
 10
141.0200414025
 20
343.0903495519
 30
0.0
 11
141.0200414025
 21
333.0097242488
 31
0.0
  0
LINE
  5
566
330
55E
100
AcDbEntity
  8
SLD-0
100
AcDbLine
 10
141.0200414025
 20
333.0097242488
 30
0.0
 11
139.0852757973
 21
333.0097242488
 31
0.0
  0
LINE
  5
567
330
55E
100
AcDbEntity
  8
SLD-0
100
AcDbLine
 10
180.9128782288
 20
338.0500369004
 30
0.0
 11
160.4702214022
 21
338.0500369004
 31
0.0
  0
MTEXT
  5
568
330
55E
100
AcDbEntity
  8
SLD-0
100
AcDbMText
 10
102.3721324523
 20
341.1953050949
 30
0.0
 40
6.35
 41
0.0
 71
     1
 72
     1
  1
50.8
  7
SLDTEXTSTYLE0
 73
     1
 44
1.0
  0
MTEXT
  5
569
330
55E
100
AcDbEntity
  8
SLD-0
100
AcDbMText
 10
122.66346973
 20
341.1953050949
 30
0.0
 40
6.35
 41
0.0
 71
     1
 72
     1
  1
2.00
  7
SLDTEXTSTYLE0
 73
     1
 44
1.0
  0
MTEXT
  5
56A
330
55E
100
AcDbEntity
  8
SLD-0
100
AcDbMText
 10
145.3360542138
 20
341.1953050949
 30
0.0
 40
6.35
 41
0.0
 71
     1
 72
     1
  1
STK.
  7
SLDTEXTSTYLE0
 73
     1
 44
1.0
  0
ENDBLK
  5
560
330
55E
100
AcDbEntity
  8
0
100
AcDbBlockEnd
  0
BLOCK
  5
56E
330
56D
100
AcDbEntity
  8
0
100
AcDbBlockBegin
  2
_D_11
 70
     0
 10
0.0
 20
0.0
 30
0.0
  3
_D_11
  1

  0
SOLID
  5
570
330
56D
100
AcDbEntity
  8
SLD-0
100
AcDbTrace
 10
189.3069810776
 20
315.8375921271
 30
0.0
 11
191.997602691
 21
321.9536061341
 31
0.0
 12
190.034841412
 22
322.4795264338
 32
0.0
 13
190.034841412
 23
322.4795264338
 33
0.0
  0
LINE
  5
571
330
56D
100
AcDbEntity
  8
SLD-0
100
AcDbLine
 10
189.3069810776
 20
315.8375921271
 30
0.0
 11
205.4399512217
 21
376.0466563819
 31
0.0
  0
LINE
  5
572
330
56D
100
AcDbEntity
  8
SLD-0
100
AcDbLine
 10
205.4399512217
 20
376.0466563819
 30
0.0
 11
211.4399512217
 21
376.0466563819
 31
0.0
  0
MTEXT
  5
573
330
56D
100
AcDbEntity
  8
SLD-0
100
AcDbMText
 10
211.4399512217
 20
379.2404311158
 30
0.0
 40
6.35
 41
0.0
 71
     1
 72
     1
  1
2X
  7
SLDTEXTSTYLE0
 73
     1
 44
1.0
  0
MTEXT
  5
574
330
56D
100
AcDbEntity
  8
SLD-0
100
AcDbMText
 10
223.6372427002
 20
379.1434172222
 30
0.0
 40
6.35
 41
0.0
 71
     1
 72
     1
  1
%%c
  7
SLDTEXTSTYLE0
 73
     1
 44
1.0
  0
MTEXT
  5
575
330
56D
100
AcDbEntity
  8
SLD-0
100
AcDbMText
 10
235.5950871573
 20
379.2404311158
 30
0.0
 40
6.35
 41
0.0
 71
     1
 72
     1
  1
6.6 THRU ALL
  7
SLDTEXTSTYLE0
 73
     1
 44
1.0
  0
ENDBLK
  5
56F
330
56D
100
AcDbEntity
  8
0
100
AcDbBlockEnd
  0
BLOCK
  5
578
330
577
100
AcDbEntity
  8
0
100
AcDbBlockBegin
  2
_D_12
 70
     0
 10
0.0
 20
0.0
 30
0.0
  3
_D_12
  1

  0
SOLID
  5
57A
330
577
100
AcDbEntity
  8
SLD-0
100
AcDbTrace
 10
356.4963982235
 20
314.6784811356
 30
0.0
 11
359.1870198369
 21
320.7944951426
 31
0.0
 12
357.2242585578
 22
321.3204154422
 32
0.0
 13
357.2242585578
 23
321.3204154422
 33
0.0
  0
LINE
  5
57B
330
577
100
AcDbEntity
  8
SLD-0
100
AcDbLine
 10
356.4963982235
 20
314.6784811356
 30
0.0
 11
372.9399512217
 21
376.0466563819
 31
0.0
  0
LINE
  5
57C
330
577
100
AcDbEntity
  8
SLD-0
100
AcDbLine
 10
372.9399512217
 20
376.0466563819
 30
0.0
 11
377.3524512217
 21
376.0466563819
 31
0.0
  0
MTEXT
  5
57D
330
577
100
AcDbEntity
  8
SLD-0
100
AcDbMText
 10
386.273979728
 20
384.2807433016
 30
0.0
 40
6.35
 41
0.0
 71
     1
 72
     1
  1
4X
  7
SLDTEXTSTYLE0
 73
     1
 44
1.0
  0
MTEXT
  5
57E
330
577
100
AcDbEntity
  8
SLD-0
100
AcDbMText
 10
398.4712712065
 20
384.1837294081
 30
0.0
 40
6.35
 41
0.0
 71
     1
 72
     1
  1
%%c
  7
SLDTEXTSTYLE0
 73
     1
 44
1.0
  0
MTEXT
  5
57F
330
577
100
AcDbEntity
  8
SLD-0
100
AcDbMText
 10
410.4291156636
 20
384.2807433016
 30
0.0
 40
6.35
 41
0.0
 71
     1
 72
     1
  1
4.2 THRU ALL
  7
SLDTEXTSTYLE0
 73
     1
 44
1.0
  0
MTEXT
  5
581
330
577
100
AcDbEntity
  8
SLD-0
100
AcDbMText
 10
380.5274512217
 20
374.1031049199
 30
0.0
 40
6.35
 41
0.0
 71
     1
 72
     1
  1
M5X0.8 - 6H THRU ALL
  7
SLDTEXTSTYLE11
 73
     1
 44
1.0
  0
ENDBLK
  5
579
330
577
100
AcDbEntity
  8
0
100
AcDbBlockEnd
  0
BLOCK
  5
583
330
582
100
AcDbEntity
  8
0
100
AcDbBlockBegin
  2
SW_CHAMFER_DIMENSION_0
 70
     0
 10
0.0
 20
0.0
 30
0.0
  3
SW_CHAMFER_DIMENSION_0
  1

  0
SOLID
  5
585
330
582
100
AcDbEntity
  8
SLD-0
 62
     0
100
AcDbTrace
 10
-20.5225968491
 20
-9.482284896
 30
0.0
 11
-15.1344431765
 21
-5.5309722028
 31
0.0
 12
-16.5712841558
 22
-4.0941312234
 32
0.0
 13
-16.5712841558
 23
-4.0941312234
 33
0.0
  0
LINE
  5
586
330
582
100
AcDbEntity
  8
SLD-0
 62
     0
100
AcDbLine
 10
-20.5225968491
 20
-9.482284896
 30
0.0
 11
-6.0
 21
5.0403119531
 31
0.0
  0
LINE
  5
587
330
582
100
AcDbEntity
  8
SLD-0
 62
     0
100
AcDbLine
 10
-6.0
 20
5.0403119531
 30
0.0
 11
0.0
 21
5.0403119531
 31
0.0
  0
MTEXT
  5
588
330
582
100
AcDbEntity
  8
SLD-0
 62
     0
100
AcDbMText
 10
0.0
 20
8.1855801476
 30
0.0
 40
6.35
 41
0.0
 71
     1
 72
     1
  1
4X
  7
SLDTEXTSTYLE0
 73
     1
 44
1.0
  0
MTEXT
  5
589
330
582
100
AcDbEntity
  8
SLD-0
 62
     0
100
AcDbMText
 10
12.1972914785
 20
8.1855801476
 30
0.0
 40
6.35
 41
0.0
 71
     1
 72
     1
  1
5.0
  7
SLDTEXTSTYLE0
 73
     1
 44
1.0
  0
MTEXT
  5
58A
330
582
100
AcDbEntity
  8
SLD-0
 62
     0
100
AcDbMText
 10
26.3084021568
 20
8.1855801476
 30
0.0
 40
6.35
 41
0.0
 71
     1
 72
     1
  1
X
  7
SLDTEXTSTYLE0
 73
     1
 44
1.0
  0
MTEXT
  5
58B
330
582
100
AcDbEntity
  8
SLD-0
 62
     0
100
AcDbMText
 10
33.7784737349
 20
8.1855801476
 30
0.0
 40
6.35
 41
0.0
 71
     1
 72
     1
  1
45°
  7
SLDTEXTSTYLE0
 73
     1
 44
1.0
  0
ENDBLK
  5
584
330
582
100
AcDbEntity
  8
0
100
AcDbBlockEnd
  0
BLOCK
  5
58E
330
58D
100
AcDbEntity
  8
0
100
AcDbBlockBegin
  2
SW_CENTERMARKSYMBOL_0
 70
     0
 10
0.0
 20
0.0
 30
0.0
  3
SW_CENTERMARKSYMBOL_0
  1

  0
LINE
  5
590
330
58D
100
AcDbEntity
  8
SLD-0
 62
     0
100
AcDbLine
 10
0.0
 20
0.0
 30
0.0
 11
-2.54
 21
0.0
 31
0.0
  0
LINE
  5
591
330
58D
100
AcDbEntity
  8
SLD-0
 62
     0
100
AcDbLine
 10
0.0
 20
0.0
 30
0.0
 11
0.0
 21
-2.54
 31
0.0
  0
LINE
  5
592
330
58D
100
AcDbEntity
  8
SLD-0
 62
     0
100
AcDbLine
 10
0.0
 20
0.0
 30
0.0
 11
2.54
 21
0.0
 31
0.0
  0
LINE
  5
593
330
58D
100
AcDbEntity
  8
SLD-0
 62
     0
100
AcDbLine
 10
0.0
 20
0.0
 30
0.0
 11
0.0
 21
2.54
 31
0.0
  0
LINE
  5
594
330
58D
100
AcDbEntity
  8
SLD-0
 62
     0
100
AcDbLine
 10
-2.54
 20
0.0
 30
0.0
 11
-4.64
 21
0.0
 31
0.0
  0
LINE
  5
595
330
58D
100
AcDbEntity
  8
SLD-0
 62
     0
100
AcDbLine
 10
0.0
 20
-2.54
 30
0.0
 11
0.0
 21
-4.64
 31
0.0
  0
LINE
  5
596
330
58D
100
AcDbEntity
  8
SLD-0
 62
     0
100
AcDbLine
 10
2.54
 20
0.0
 30
0.0
 11
4.64
 21
0.0
 31
0.0
  0
LINE
  5
597
330
58D
100
AcDbEntity
  8
SLD-0
 62
     0
100
AcDbLine
 10
0.0
 20
2.54
 30
0.0
 11
0.0
 21
4.64
 31
0.0
  0
ENDBLK
  5
58F
330
58D
100
AcDbEntity
  8
0
100
AcDbBlockEnd
  0
BLOCK
  5
59A
330
599
100
AcDbEntity
  8
0
100
AcDbBlockBegin
  2
SW_CENTERMARKSYMBOL_1
 70
     0
 10
0.0
 20
0.0
 30
0.0
  3
SW_CENTERMARKSYMBOL_1
  1

  0
LINE
  5
59C
330
599
100
AcDbEntity
  8
SLD-0
 62
     0
100
AcDbLine
 10
0.0
 20
0.0
 30
0.0
 11
-2.54
 21
0.0
 31
0.0
  0
LINE
  5
59D
330
599
100
AcDbEntity
  8
SLD-0
 62
     0
100
AcDbLine
 10
0.0
 20
0.0
 30
0.0
 11
0.0
 21
-2.54
 31
0.0
  0
LINE
  5
59E
330
599
100
AcDbEntity
  8
SLD-0
 62
     0
100
AcDbLine
 10
0.0
 20
0.0
 30
0.0
 11
2.54
 21
0.0
 31
0.0
  0
LINE
  5
59F
330
599
100
AcDbEntity
  8
SLD-0
 62
     0
100
AcDbLine
 10
0.0
 20
0.0
 30
0.0
 11
0.0
 21
2.54
 31
0.0
  0
LINE
  5
5A0
330
599
100
AcDbEntity
  8
SLD-0
 62
     0
100
AcDbLine
 10
-2.54
 20
0.0
 30
0.0
 11
-4.64
 21
0.0
 31
0.0
  0
LINE
  5
5A1
330
599
100
AcDbEntity
  8
SLD-0
 62
     0
100
AcDbLine
 10
0.0
 20
-2.54
 30
0.0
 11
0.0
 21
-4.64
 31
0.0
  0
LINE
  5
5A2
330
599
100
AcDbEntity
  8
SLD-0
 62
     0
100
AcDbLine
 10
2.54
 20
0.0
 30
0.0
 11
4.64
 21
0.0
 31
0.0
  0
LINE
  5
5A3
330
599
100
AcDbEntity
  8
SLD-0
 62
     0
100
AcDbLine
 10
0.0
 20
2.54
 30
0.0
 11
0.0
 21
4.64
 31
0.0
  0
ENDBLK
  5
59B
330
599
100
AcDbEntity
  8
0
100
AcDbBlockEnd
  0
BLOCK
  5
5A6
330
5A5
100
AcDbEntity
  8
0
100
AcDbBlockBegin
  2
SW_CENTERMARKSYMBOL_2
 70
     0
 10
0.0
 20
0.0
 30
0.0
  3
SW_CENTERMARKSYMBOL_2
  1

  0
LINE
  5
5A8
330
5A5
100
AcDbEntity
  8
SLD-0
 62
     0
100
AcDbLine
 10
0.0
 20
0.0
 30
0.0
 11
-2.54
 21
0.0
 31
0.0
  0
LINE
  5
5A9
330
5A5
100
AcDbEntity
  8
SLD-0
 62
     0
100
AcDbLine
 10
0.0
 20
0.0
 30
0.0
 11
0.0
 21
-2.54
 31
0.0
  0
LINE
  5
5AA
330
5A5
100
AcDbEntity
  8
SLD-0
 62
     0
100
AcDbLine
 10
0.0
 20
0.0
 30
0.0
 11
2.54
 21
0.0
 31
0.0
  0
LINE
  5
5AB
330
5A5
100
AcDbEntity
  8
SLD-0
 62
     0
100
AcDbLine
 10
0.0
 20
0.0
 30
0.0
 11
0.0
 21
2.54
 31
0.0
  0
LINE
  5
5AC
330
5A5
100
AcDbEntity
  8
SLD-0
 62
     0
100
AcDbLine
 10
-2.54
 20
0.0
 30
0.0
 11
-4.64
 21
0.0
 31
0.0
  0
LINE
  5
5AD
330
5A5
100
AcDbEntity
  8
SLD-0
 62
     0
100
AcDbLine
 10
0.0
 20
-2.54
 30
0.0
 11
0.0
 21
-4.64
 31
0.0
  0
LINE
  5
5AE
330
5A5
100
AcDbEntity
  8
SLD-0
 62
     0
100
AcDbLine
 10
2.54
 20
0.0
 30
0.0
 11
4.64
 21
0.0
 31
0.0
  0
LINE
  5
5AF
330
5A5
100
AcDbEntity
  8
SLD-0
 62
     0
100
AcDbLine
 10
0.0
 20
2.54
 30
0.0
 11
0.0
 21
4.64
 31
0.0
  0
ENDBLK
  5
5A7
330
5A5
100
AcDbEntity
  8
0
100
AcDbBlockEnd
  0
BLOCK
  5
5B2
330
5B1
100
AcDbEntity
  8
0
100
AcDbBlockBegin
  2
SW_CENTERMARKSYMBOL_3
 70
     0
 10
0.0
 20
0.0
 30
0.0
  3
SW_CENTERMARKSYMBOL_3
  1

  0
LINE
  5
5B4
330
5B1
100
AcDbEntity
  8
SLD-0
 62
     0
100
AcDbLine
 10
0.0
 20
0.0
 30
0.0
 11
-2.54
 21
0.0
 31
0.0
  0
LINE
  5
5B5
330
5B1
100
AcDbEntity
  8
SLD-0
 62
     0
100
AcDbLine
 10
0.0
 20
0.0
 30
0.0
 11
0.0
 21
-2.54
 31
0.0
  0
LINE
  5
5B6
330
5B1
100
AcDbEntity
  8
SLD-0
 62
     0
100
AcDbLine
 10
0.0
 20
0.0
 30
0.0
 11
2.54
 21
0.0
 31
0.0
  0
LINE
  5
5B7
330
5B1
100
AcDbEntity
  8
SLD-0
 62
     0
100
AcDbLine
 10
0.0
 20
0.0
 30
0.0
 11
0.0
 21
2.54
 31
0.0
  0
LINE
  5
5B8
330
5B1
100
AcDbEntity
  8
SLD-0
 62
     0
100
AcDbLine
 10
-2.54
 20
0.0
 30
0.0
 11
-4.64
 21
0.0
 31
0.0
  0
LINE
  5
5B9
330
5B1
100
AcDbEntity
  8
SLD-0
 62
     0
100
AcDbLine
 10
0.0
 20
-2.54
 30
0.0
 11
0.0
 21
-4.64
 31
0.0
  0
LINE
  5
5BA
330
5B1
100
AcDbEntity
  8
SLD-0
 62
     0
100
AcDbLine
 10
2.54
 20
0.0
 30
0.0
 11
4.64
 21
0.0
 31
0.0
  0
LINE
  5
5BB
330
5B1
100
AcDbEntity
  8
SLD-0
 62
     0
100
AcDbLine
 10
0.0
 20
2.54
 30
0.0
 11
0.0
 21
4.64
 31
0.0
  0
ENDBLK
  5
5B3
330
5B1
100
AcDbEntity
  8
0
100
AcDbBlockEnd
  0
BLOCK
  5
5BE
330
5BD
100
AcDbEntity
  8
0
100
AcDbBlockBegin
  2
SW_CENTERMARKSYMBOL_4
 70
     0
 10
0.0
 20
0.0
 30
0.0
  3
SW_CENTERMARKSYMBOL_4
  1

  0
LINE
  5
5C0
330
5BD
100
AcDbEntity
  8
SLD-0
 62
     0
100
AcDbLine
 10
0.0
 20
0.0
 30
0.0
 11
-2.54
 21
0.0
 31
0.0
  0
LINE
  5
5C1
330
5BD
100
AcDbEntity
  8
SLD-0
 62
     0
100
AcDbLine
 10
0.0
 20
0.0
 30
0.0
 11
0.0
 21
-2.54
 31
0.0
  0
LINE
  5
5C2
330
5BD
100
AcDbEntity
  8
SLD-0
 62
     0
100
AcDbLine
 10
0.0
 20
0.0
 30
0.0
 11
2.54
 21
0.0
 31
0.0
  0
LINE
  5
5C3
330
5BD
100
AcDbEntity
  8
SLD-0
 62
     0
100
AcDbLine
 10
0.0
 20
0.0
 30
0.0
 11
0.0
 21
2.54
 31
0.0
  0
LINE
  5
5C4
330
5BD
100
AcDbEntity
  8
SLD-0
 62
     0
100
AcDbLine
 10
-5.08
 20
0.0
 30
0.0
 11
-5.84
 21
0.0
 31
0.0
  0
LINE
  5
5C5
330
5BD
100
AcDbEntity
  8
SLD-0
 62
     0
100
AcDbLine
 10
0.0
 20
-5.08
 30
0.0
 11
0.0
 21
-5.84
 31
0.0
  0
LINE
  5
5C6
330
5BD
100
AcDbEntity
  8
SLD-0
 62
     0
100
AcDbLine
 10
5.08
 20
0.0
 30
0.0
 11
5.84
 21
0.0
 31
0.0
  0
LINE
  5
5C7
330
5BD
100
AcDbEntity
  8
SLD-0
 62
     0
100
AcDbLine
 10
0.0
 20
5.08
 30
0.0
 11
0.0
 21
5.84
 31
0.0
  0
ENDBLK
  5
5BF
330
5BD
100
AcDbEntity
  8
0
100
AcDbBlockEnd
  0
BLOCK
  5
5CA
330
5C9
100
AcDbEntity
  8
0
100
AcDbBlockBegin
  2
SW_CENTERMARKSYMBOL_5
 70
     0
 10
0.0
 20
0.0
 30
0.0
  3
SW_CENTERMARKSYMBOL_5
  1

  0
LINE
  5
5CC
330
5C9
100
AcDbEntity
  8
SLD-0
 62
     0
100
AcDbLine
 10
0.0
 20
0.0
 30
0.0
 11
-2.54
 21
0.0
 31
0.0
  0
LINE
  5
5CD
330
5C9
100
AcDbEntity
  8
SLD-0
 62
     0
100
AcDbLine
 10
0.0
 20
0.0
 30
0.0
 11
0.0
 21
-2.54
 31
0.0
  0
LINE
  5
5CE
330
5C9
100
AcDbEntity
  8
SLD-0
 62
     0
100
AcDbLine
 10
0.0
 20
0.0
 30
0.0
 11
2.54
 21
0.0
 31
0.0
  0
LINE
  5
5CF
330
5C9
100
AcDbEntity
  8
SLD-0
 62
     0
100
AcDbLine
 10
0.0
 20
0.0
 30
0.0
 11
0.0
 21
2.54
 31
0.0
  0
LINE
  5
5D0
330
5C9
100
AcDbEntity
  8
SLD-0
 62
     0
100
AcDbLine
 10
-5.08
 20
0.0
 30
0.0
 11
-5.84
 21
0.0
 31
0.0
  0
LINE
  5
5D1
330
5C9
100
AcDbEntity
  8
SLD-0
 62
     0
100
AcDbLine
 10
0.0
 20
-5.08
 30
0.0
 11
0.0
 21
-5.84
 31
0.0
  0
LINE
  5
5D2
330
5C9
100
AcDbEntity
  8
SLD-0
 62
     0
100
AcDbLine
 10
5.08
 20
0.0
 30
0.0
 11
5.84
 21
0.0
 31
0.0
  0
LINE
  5
5D3
330
5C9
100
AcDbEntity
  8
SLD-0
 62
     0
100
AcDbLine
 10
0.0
 20
5.08
 30
0.0
 11
0.0
 21
5.84
 31
0.0
  0
ENDBLK
  5
5CB
330
5C9
100
AcDbEntity
  8
0
100
AcDbBlockEnd
  0
BLOCK
  5
5F2
330
5F1
100
AcDbEntity
  8
0
100
AcDbBlockBegin
  2
_D_13
 70
     0
 10
0.0
 20
0.0
 30
0.0
  3
_D_13
  1

  0
SOLID
  5
5F4
330
5F1
100
AcDbEntity
  8
SLD-0
100
AcDbTrace
 10
164.5690405904
 20
431.9699723247
 30
0.0
 11
163.5530405904
 21
425.3659723247
 31
0.0
 12
165.5850405904
 22
425.3659723247
 32
0.0
 13
165.5850405904
 23
425.3659723247
 33
0.0
  0
SOLID
  5
5F5
330
5F1
100
AcDbEntity
  8
SLD-0
100
AcDbTrace
 10
164.5690405904
 20
441.4949723247
 30
0.0
 11
165.5850405904
 21
448.0989723247
 31
0.0
 12
163.5530405904
 22
448.0989723247
 32
0.0
 13
163.5530405904
 23
448.0989723247
 33
0.0
  0
LINE
  5
5F6
330
5F1
100
AcDbEntity
  8
SLD-0
100
AcDbLine
 10
119.4739536607
 20
417.0102849763
 30
0.0
 11
117.5391880555
 21
417.0102849763
 31
0.0
  0
LINE
  5
5F7
330
5F1
100
AcDbEntity
  8
SLD-0
100
AcDbLine
 10
117.5391880555
 20
417.0102849763
 30
0.0
 11
117.5391880555
 21
406.9296596732
 31
0.0
  0
LINE
  5
5F8
330
5F1
100
AcDbEntity
  8
SLD-0
100
AcDbLine
 10
117.5391880555
 20
406.9296596732
 30
0.0
 11
119.4739536607
 21
406.9296596732
 31
0.0
  0
LINE
  5
5F9
330
5F1
100
AcDbEntity
  8
SLD-0
100
AcDbLine
 10
135.895759728
 20
417.0102849763
 30
0.0
 11
137.8305253332
 21
417.0102849763
 31
0.0
  0
LINE
  5
5FA
330
5F1
100
AcDbEntity
  8
SLD-0
100
AcDbLine
 10
137.8305253332
 20
417.0102849763
 30
0.0
 11
137.8305253332
 21
406.9296596732
 31
0.0
  0
LINE
  5
5FB
330
5F1
100
AcDbEntity
  8
SLD-0
100
AcDbLine
 10
137.8305253332
 20
406.9296596732
 30
0.0
 11
135.895759728
 21
406.9296596732
 31
0.0
  0
LINE
  5
5FC
330
5F1
100
AcDbEntity
  8
SLD-0
100
AcDbLine
 10
175.9128782288
 20
431.9699723247
 30
0.0
 11
158.2190405904
 21
431.9699723247
 31
0.0
  0
LINE
  5
5FD
330
5F1
100
AcDbEntity
  8
SLD-0
100
AcDbLine
 10
175.9128782288
 20
441.4949723247
 30
0.0
 11
158.2190405904
 21
441.4949723247
 31
0.0
  0
LINE
  5
5FE
330
5F1
100
AcDbEntity
  8
SLD-0
100
AcDbLine
 10
158.5690405904
 20
411.9699723247
 30
0.0
 11
164.5690405904
 21
411.9699723247
 31
0.0
  0
LINE
  5
5FF
330
5F1
100
AcDbEntity
  8
SLD-0
100
AcDbLine
 10
164.5690405904
 20
411.9699723247
 30
0.0
 11
164.5690405904
 21
431.9699723247
 31
0.0
  0
LINE
  5
600
330
5F1
100
AcDbEntity
  8
SLD-0
100
AcDbLine
 10
164.5690405904
 20
441.4949723247
 30
0.0
 11
164.5690405904
 21
454.1949723247
 31
0.0
  0
MTEXT
  5
601
330
5F1
100
AcDbEntity
  8
SLD-0
100
AcDbMText
 10
103.8745617719
 20
415.1152405192
 30
0.0
 40
6.35
 41
0.0
 71
     1
 72
     1
  1
9.5
  7
SLDTEXTSTYLE0
 73
     1
 44
1.0
  0
MTEXT
  5
602
330
5F1
100
AcDbEntity
  8
SLD-0
100
AcDbMText
 10
119.4739536607
 20
415.1152405192
 30
0.0
 40
6.35
 41
0.0
 71
     1
 72
     1
  1
0.38
  7
SLDTEXTSTYLE0
 73
     1
 44
1.0
  0
MTEXT
  5
603
330
5F1
100
AcDbEntity
  8
SLD-0
100
AcDbMText
 10
142.1465400072
 20
415.1152405192
 30
0.0
 40
6.35
 41
0.0
 71
     1
 72
     1
  1
STK.
  7
SLDTEXTSTYLE0
 73
     1
 44
1.0
  0
ENDBLK
  5
5F3
330
5F1
100
AcDbEntity
  8
0
100
AcDbBlockEnd
  0
ENDSEC
  0
SECTION
  2
ENTITIES
  0
VIEWPORT
  5
B4
330
1B
100
AcDbEntity
 67
     1
  8
0
100
AcDbViewport
 10
420.0
 20
297.0
 30
0.0
 40
888.72
 41
628.452
 68
     1
 69
     1
 12
420.0
 22
297.0
 13
0.0
 23
0.0
 14
10.0
 24
10.0
 15
10.0
 25
10.0
 16
0.0
 26
0.0
 36
1.0
 17
0.0
 27
0.0
 37
0.0
 42
50.0
 43
0.0
 44
0.0
 45
628.452
 50
0.0
 51
0.0
 72
   100
 90
   557152
  1

281
     0
 71
     1
 74
     0
110
0.0
120
0.0
130
0.0
111
1.0
121
0.0
131
0.0
112
0.0
122
1.0
132
0.0
 79
     0
146
0.0
  0
HATCH
  5
B6
330
1B
100
AcDbEntity
 67
     1
  8
0
  6
Continuous
 62
     7
100
AcDbHatch
 10
0.0
 20
0.0
 30
0.0
210
0.0
220
0.0
230
1.0
  2
SOLID
 70
     1
 71
     0
 91
        2
 92
        0
 93
       32
 72
     1
 10
625.9042520000002
 20
51.42280181469794
 11
625.9115300000001
 21
51.30322581469792
 72
     1
 10
625.9115300000001
 20
51.30322581469792
 11
625.3489540000002
 21
51.12915781469795
 72
     1
 10
625.3489540000002
 20
51.12915781469795
 11
624.915146
 21
51.089625814698
 72
     1
 10
624.915146
 20
51.089625814698
 11
624.2875680000002
 21
51.19666981469795
 72
     1
 10
624.2875680000002
 20
51.19666981469795
 11
623.8308720000001
 21
51.48967781469793
 72
     1
 10
623.8308720000001
 20
51.48967781469793
 11
623.5356600000001
 21
51.92645181469791
 72
     1
 10
623.5356600000001
 20
51.92645181469791
 11
623.4145980000001
 21
52.32299781469796
 72
     1
 10
623.4145980000001
 20
52.32299781469796
 11
623.3751220000001
 21
52.75887981469796
 72
     1
 10
623.3751220000001
 20
52.75887981469796
 11
623.4702920000002
 21
53.45541381469798
 72
     1
 10
623.4702920000002
 20
53.45541381469798
 11
623.743226
 21
54.01599781469801
 72
     1
 10
623.743226
 20
54.01599781469801
 11
624.175096
 21
54.38970981469793
 72
     1
 10
624.175096
 20
54.38970981469793
 11
624.74701
 21
54.52559581469796
 72
     1
 10
624.74701
 20
54.52559581469796
 11
625.0950480000001
 21
54.48814781469791
 72
     1
 10
625.0950480000001
 20
54.48814781469791
 11
625.4116380000002
 21
54.36620981469797
 72
     1
 10
625.4116380000002
 20
54.36620981469797
 11
625.7603300000001
 21
54.04736381469799
 72
     1
 10
625.7603300000001
 20
54.04736381469799
 11
625.994232
 21
53.51868781469793
 72
     1
 10
625.994232
 20
53.51868781469793
 11
626.079682
 21
52.74611581469802
 72
     1
 10
626.079682
 20
52.74611581469802
 11
626.079682
 21
52.66842981469799
 72
     1
 10
626.079682
 20
52.66842981469799
 11
626.079682
 21
52.59074381469797
 72
     1
 10
626.079682
 20
52.59074381469797
 11
625.9728700000002
 21
52.59074381469797
 72
     1
 10
625.9728700000002
 20
52.59074381469797
 11
624.6112220000002
 21
52.59074381469797
 72
     1
 10
624.6112220000002
 20
52.59074381469797
 11
624.3348860000001
 21
52.59074381469797
 72
     1
 10
624.3348860000001
 20
52.59074381469797
 11
624.2008060000002
 21
52.59074381469797
 72
     1
 10
624.2008060000002
 20
52.59074381469797
 11
624.1516740000002
 21
52.59074381469797
 72
     1
 10
624.1516740000002
 20
52.59074381469797
 11
624.2334300000001
 21
52.10110781469801
 72
     1
 10
624.2334300000001
 20
52.10110781469801
 11
624.50354
 21
51.78839781469802
 72
     1
 10
624.50354
 20
51.78839781469802
 11
624.9992220000001
 21
51.678427814698
 72
     1
 10
624.9992220000001
 20
51.678427814698
 11
625.6093000000002
 21
51.78404181469798
 72
     1
 10
625.6093000000002
 20
51.78404181469798
 11
625.8729260000001
 21
51.93717581469792
 72
     1
 10
625.8729260000001
 20
51.93717581469792
 11
625.8757940000002
 21
51.89021381469794
 72
     1
 10
625.8757940000002
 20
51.89021381469794
 11
625.8922280000002
 21
51.62020181469795
 72
     1
 10
625.8922280000002
 20
51.62020181469795
 11
625.9042520000002
 21
51.42280181469794
 97
        0
 92
        0
 93
        9
 72
     1
 10
624.1516740000002
 20
53.09547381469793
 11
625.3037420000002
 21
53.09547381469793
 72
     1
 10
625.3037420000002
 20
53.09547381469793
 11
625.2642060000001
 21
53.49814981469792
 72
     1
 10
625.2642060000001
 20
53.49814981469792
 11
625.1475080000001
 21
53.78024981469798
 72
     1
 10
625.1475080000001
 20
53.78024981469798
 11
624.9768980000001
 21
53.931433814698
 72
     1
 10
624.9768980000001
 20
53.931433814698
 11
624.74701
 21
53.98194581469795
 72
     1
 10
624.74701
 20
53.98194581469795
 11
624.5007180000001
 21
53.919841814698
 72
     1
 10
624.5007180000001
 20
53.919841814698
 11
624.323518
 21
53.75389781469797
 72
     1
 10
624.323518
 20
53.75389781469797
 11
624.1931460000001
 21
53.45177381469802
 72
     1
 10
624.1931460000001
 20
53.45177381469802
 11
624.1516740000002
 21
53.09547381469793
 97
        0
 75
     0
 76
     1
 98
        1
 10
0.0
 20
0.0
  0
HATCH
  5
B7
330
1B
100
AcDbEntity
 67
     1
  8
0
  6
Continuous
 62
     7
100
AcDbHatch
 10
0.0
 20
0.0
 30
0.0
210
0.0
220
0.0
230
1.0
  2
SOLID
 70
     1
 71
     0
 91
        1
 92
        0
 93
        4
 72
     1
 10
622.0412000000001
 20
51.14131581469794
 11
622.0412000000001
 21
55.609785814698
 72
     1
 10
622.0412000000001
 20
55.609785814698
 11
622.8439180000001
 21
55.609785814698
 72
     1
 10
622.8439180000001
 20
55.609785814698
 11
622.8439180000001
 21
51.14131581469794
 72
     1
 10
622.8439180000001
 20
51.14131581469794
 11
622.0412000000001
 21
51.14131581469794
 97
        0
 75
     0
 76
     1
 98
        1
 10
0.0
 20
0.0
  0
HATCH
  5
B8
330
1B
100
AcDbEntity
 67
     1
  8
0
  6
Continuous
 62
     7
100
AcDbHatch
 10
0.0
 20
0.0
 30
0.0
210
0.0
220
0.0
230
1.0
  2
SOLID
 70
     1
 71
     0
 91
        2
 92
        0
 93
       41
 72
     1
 10
618.7263640000001
 20
53.78135181469801
 11
618.7263640000001
 21
53.90441581469796
 72
     1
 10
618.7263640000001
 20
53.90441581469796
 11
618.7008220000001
 21
54.47359781469796
 72
     1
 10
618.7008220000001
 20
54.47359781469796
 11
618.7564100000002
 21
54.47359781469796
 72
     1
 10
618.7564100000002
 20
54.47359781469796
 11
619.0760200000001
 21
54.47359781469796
 72
     1
 10
619.0760200000001
 20
54.47359781469796
 11
619.3096940000001
 21
54.47359781469796
 72
     1
 10
619.3096940000001
 20
54.47359781469796
 11
619.395646
 21
54.47359781469796
 72
     1
 10
619.395646
 20
54.47359781469796
 11
619.4512340000001
 21
54.47359781469796
 72
     1
 10
619.4512340000001
 20
54.47359781469796
 11
619.477388
 21
53.95609981469796
 72
     1
 10
619.477388
 20
53.95609981469796
 11
619.4966900000001
 21
53.95609981469796
 72
     1
 10
619.4966900000001
 20
53.95609981469796
 11
619.7491620000001
 21
54.31070381469794
 72
     1
 10
619.7491620000001
 20
54.31070381469794
 11
619.95189
 21
54.44119181469797
 72
     1
 10
619.95189
 20
54.44119181469797
 11
620.3828440000001
 21
54.52559581469796
 72
     1
 10
620.3828440000001
 20
54.52559581469796
 11
620.757202
 21
54.46282181469797
 72
     1
 10
620.757202
 20
54.46282181469797
 11
621.0546420000002
 21
54.28661381469801
 72
     1
 10
621.0546420000002
 20
54.28661381469801
 11
621.2791300000001
 21
54.01514381469796
 72
     1
 10
621.2791300000001
 20
54.01514381469796
 11
621.4345860000001
 21
53.66658381469791
 72
     1
 10
621.4345860000001
 20
53.66658381469791
 11
621.5542160000001
 21
52.81088181469795
 72
     1
 10
621.5542160000001
 20
52.81088181469795
 11
621.5188000000002
 21
52.30584381469794
 72
     1
 10
621.5188000000002
 20
52.30584381469794
 11
621.4152540000001
 21
51.88138181469792
 72
     1
 10
621.4152540000001
 20
51.88138181469792
 11
621.1784220000001
 21
51.44944381469796
 72
     1
 10
621.1784220000001
 20
51.44944381469796
 11
620.8376620000001
 21
51.18156381469796
 72
     1
 10
620.8376620000001
 20
51.18156381469796
 11
620.4027720000001
 21
51.089625814698
 72
     1
 10
620.4027720000001
 20
51.089625814698
 11
620.0826420000001
 21
51.13614181469794
 72
     1
 10
620.0826420000001
 20
51.13614181469794
 11
619.8365480000001
 21
51.25788181469792
 72
     1
 10
619.8365480000001
 20
51.25788181469792
 11
619.5421460000001
 21
51.62020181469795
 72
     1
 10
619.5421460000001
 20
51.62020181469795
 11
619.529068
 21
51.62020181469795
 72
     1
 10
619.529068
 20
51.62020181469795
 11
619.529068
 21
51.48118981469796
 72
     1
 10
619.529068
 20
51.48118981469796
 11
619.529068
 21
50.68188781469796
 72
     1
 10
619.529068
 20
50.68188781469796
 11
619.529068
 21
50.09753381469795
 72
     1
 10
619.529068
 20
50.09753381469795
 11
619.529068
 21
49.88258381469801
 72
     1
 10
619.529068
 20
49.88258381469801
 11
619.529068
 21
49.74357181469791
 72
     1
 10
619.529068
 20
49.74357181469791
 11
619.4696060000001
 21
49.74357181469791
 72
     1
 10
619.4696060000001
 20
49.74357181469791
 11
619.1277160000002
 21
49.74357181469791
 72
     1
 10
619.1277160000002
 20
49.74357181469791
 11
618.8777620000001
 21
49.74357181469791
 72
     1
 10
618.8777620000001
 20
49.74357181469791
 11
618.785828
 21
49.74357181469791
 72
     1
 10
618.785828
 20
49.74357181469791
 11
618.7263640000001
 21
49.74357181469791
 72
     1
 10
618.7263640000001
 20
49.74357181469791
 11
618.7263640000001
 21
49.77301381469801
 72
     1
 10
618.7263640000001
 20
49.77301381469801
 11
618.7263640000001
 21
51.478683814698
 72
     1
 10
618.7263640000001
 20
51.478683814698
 11
618.7263640000001
 21
52.95999581469801
 72
     1
 10
618.7263640000001
 20
52.95999581469801
 11
618.7263640000001
 21
53.52918581469801
 72
     1
 10
618.7263640000001
 20
53.52918581469801
 11
618.7263640000001
 21
53.78135181469801
 97
        0
 92
        0
 93
       17
 72
     1
 10
619.7014020000001
 20
51.94652181469795
 11
619.8878800000001
 21
51.74901181469793
 72
     1
 10
619.8878800000001
 20
51.74901181469793
 11
620.1499480000001
 21
51.678427814698
 72
     1
 10
620.1499480000001
 20
51.678427814698
 11
620.391388
 21
51.73254781469794
 72
     1
 10
620.391388
 20
51.73254781469794
 11
620.5650340000002
 21
51.88776781469795
 72
     1
 10
620.5650340000002
 20
51.88776781469795
 11
620.6729900000001
 21
52.11654981469793
 72
     1
 10
620.6729900000001
 20
52.11654981469793
 11
620.7521360000001
 21
52.77849981469795
 72
     1
 10
620.7521360000001
 20
52.77849981469795
 11
620.7139600000002
 21
53.36218181469798
 72
     1
 10
620.7139600000002
 20
53.36218181469798
 11
620.6598220000002
 21
53.57826981469793
 72
     1
 10
620.6598220000002
 20
53.57826981469793
 11
620.5227820000001
 21
53.80737981469797
 72
     1
 10
620.5227820000001
 20
53.80737981469797
 11
620.3683940000001
 21
53.90418181469791
 72
     1
 10
620.3683940000001
 20
53.90418181469791
 11
620.1630260000002
 21
53.93648581469801
 72
     1
 10
620.1630260000002
 20
53.93648581469801
 11
619.9021300000002
 21
53.87072781469793
 72
     1
 10
619.9021300000002
 20
53.87072781469793
 11
619.7170880000001
 21
53.68870181469798
 72
     1
 10
619.7170880000001
 20
53.68870181469798
 11
619.6084900000001
 21
53.44497581469798
 72
     1
 10
619.6084900000001
 20
53.44497581469798
 11
619.529068
 21
52.79780181469796
 72
     1
 10
619.529068
 20
52.79780181469796
 11
619.5706180000001
 21
52.31578381469792
 72
     1
 10
619.5706180000001
 20
52.31578381469792
 11
619.7014020000001
 21
51.94652181469795
 97
        0
 75
     0
 76
     1
 98
        1
 10
0.0
 20
0.0
  0
HATCH
  5
B9
330
1B
100
AcDbEntity
 67
     1
  8
0
  6
Continuous
 62
     7
100
AcDbHatch
 10
0.0
 20
0.0
 30
0.0
210
0.0
220
0.0
230
1.0
  2
SOLID
 70
     1
 71
     0
 91
        2
 92
        0
 93
       22
 72
     1
 10
616.4068300000001
 20
54.49294181469799
 11
616.7516480000002
 21
54.52559581469796
 72
     1
 10
616.7516480000002
 20
54.52559581469796
 11
617.0958720000001
 21
54.49294181469799
 72
     1
 10
617.0958720000001
 20
54.49294181469799
 11
617.4326940000001
 21
54.38299981469796
 72
     1
 10
617.4326940000001
 20
54.38299981469796
 11
617.8277600000001
 21
54.08511781469794
 72
     1
 10
617.8277600000001
 20
54.08511781469794
 11
618.1076060000001
 21
53.57527981469801
 72
     1
 10
618.1076060000001
 20
53.57527981469801
 11
618.2138380000001
 21
52.81088181469795
 72
     1
 10
618.2138380000001
 20
52.81088181469795
 11
618.1527100000002
 21
52.19805581469794
 72
     1
 10
618.1527100000002
 20
52.19805581469794
 11
617.9857340000001
 21
51.74341181469799
 72
     1
 10
617.9857340000001
 20
51.74341181469799
 11
617.797334
 21
51.48464581469791
 72
     1
 10
617.797334
 20
51.48464581469791
 11
617.5710300000002
 21
51.29987781469791
 72
     1
 10
617.5710300000002
 20
51.29987781469791
 11
617.1708080000001
 21
51.13590581469796
 72
     1
 10
617.1708080000001
 20
51.13590581469796
 11
616.7516480000002
 21
51.089625814698
 72
     1
 10
616.7516480000002
 20
51.089625814698
 11
616.3316820000001
 21
51.13590581469796
 72
     1
 10
616.3316820000001
 20
51.13590581469796
 11
615.9297640000001
 21
51.29987781469791
 72
     1
 10
615.9297640000001
 20
51.29987781469791
 11
615.7022260000001
 21
51.48464581469791
 72
     1
 10
615.7022260000001
 20
51.48464581469791
 11
615.5126500000001
 21
51.74341181469799
 72
     1
 10
615.5126500000001
 20
51.74341181469799
 11
615.3444980000002
 21
52.19805581469794
 72
     1
 10
615.3444980000002
 20
52.19805581469794
 11
615.2829140000001
 21
52.81088181469795
 72
     1
 10
615.2829140000001
 20
52.81088181469795
 11
615.3899400000001
 21
53.57527981469801
 72
     1
 10
615.3899400000001
 20
53.57527981469801
 11
615.6716160000001
 21
54.08511781469794
 72
     1
 10
615.6716160000001
 20
54.08511781469794
 11
616.0687720000001
 21
54.38299981469796
 72
     1
 10
616.0687720000001
 20
54.38299981469796
 11
616.4068300000001
 21
54.49294181469799
 97
        0
 92
        0
 93
       20
 72
     1
 10
616.3484660000001
 20
51.84207181469791
 11
616.5195940000001
 21
51.70801181469798
 72
     1
 10
616.5195940000001
 20
51.70801181469798
 11
616.7516480000002
 21
51.659121814698
 72
     1
 10
616.7516480000002
 20
51.659121814698
 11
616.9782880000001
 21
51.70577581469793
 72
     1
 10
616.9782880000001
 20
51.70577581469793
 11
617.1459960000001
 21
51.83400781469793
 72
     1
 10
617.1459960000001
 20
51.83400781469793
 11
617.291596
 21
52.10147781469799
 72
     1
 10
617.291596
 20
52.10147781469799
 11
617.34752
 21
52.322399814698
 72
     1
 10
617.34752
 20
52.322399814698
 11
617.3855900000001
 21
52.81088181469795
 72
     1
 10
617.3855900000001
 20
52.81088181469795
 11
617.34752
 21
53.29784381469793
 72
     1
 10
617.34752
 20
53.29784381469793
 11
617.291596
 21
53.51742981469798
 72
     1
 10
617.291596
 20
53.51742981469798
 11
617.1459960000001
 21
53.782839814698
 72
     1
 10
617.1459960000001
 20
53.782839814698
 11
616.9782880000001
 21
53.90990781469795
 72
     1
 10
616.9782880000001
 20
53.90990781469795
 11
616.7516480000002
 21
53.95609981469796
 72
     1
 10
616.7516480000002
 20
53.95609981469796
 11
616.5195940000001
 21
53.90769581469801
 72
     1
 10
616.5195940000001
 20
53.90769581469801
 11
616.3484660000001
 21
53.77484781469799
 72
     1
 10
616.3484660000001
 20
53.77484781469799
 11
616.2049560000002
 21
53.50985981469791
 72
     1
 10
616.2049560000002
 20
53.50985981469791
 11
616.1492620000001
 21
53.29217181469792
 72
     1
 10
616.1492620000001
 20
53.29217181469792
 11
616.1108400000002
 21
52.81088181469795
 72
     1
 10
616.1108400000002
 20
52.81088181469795
 11
616.1492620000001
 21
52.32809781469794
 72
     1
 10
616.1492620000001
 20
52.32809781469794
 11
616.2049560000002
 21
52.10909581469792
 72
     1
 10
616.2049560000002
 20
52.10909581469792
 11
616.3484660000001
 21
51.84207181469791
 97
        0
 75
     0
 76
     1
 98
        1
 10
0.0
 20
0.0
  0
HATCH
  5
BA
330
1B
100
AcDbEntity
 67
     1
  8
0
  6
Continuous
 62
     7
100
AcDbHatch
 10
0.0
 20
0.0
 30
0.0
210
0.0
220
0.0
230
1.0
  2
SOLID
 70
     1
 71
     0
 91
        1
 92
        0
 93
        8
 72
     1
 10
609.443788
 20
57.25771781469791
 11
609.443788
 21
61.11434981469799
 72
     1
 10
609.443788
 20
61.11434981469799
 11
608.4343260000002
 21
61.11434981469799
 72
     1
 10
608.4343260000002
 20
61.11434981469799
 11
608.4343260000002
 21
61.77413981469793
 72
     1
 10
608.4343260000002
 20
61.77413981469793
 11
611.2746440000001
 21
61.77413981469793
 72
     1
 10
611.2746440000001
 20
61.77413981469793
 11
611.2746440000001
 21
61.11434981469799
 72
     1
 10
611.2746440000001
 20
61.11434981469799
 11
610.2720340000001
 21
61.11434981469799
 72
     1
 10
610.2720340000001
 20
61.11434981469799
 11
610.2720340000001
 21
57.25771781469791
 72
     1
 10
610.2720340000001
 20
57.25771781469791
 11
609.443788
 21
57.25771781469791
 97
        0
 75
     0
 76
     1
 98
        1
 10
0.0
 20
0.0
  0
HATCH
  5
BB
330
1B
100
AcDbEntity
 67
     1
  8
0
  6
Continuous
 62
     7
100
AcDbHatch
 10
0.0
 20
0.0
 30
0.0
210
0.0
220
0.0
230
1.0
  2
SOLID
 70
     1
 71
     0
 91
        2
 92
        0
 93
       32
 72
     1
 10
613.527222
 20
57.53920381469801
 11
613.5345780000001
 21
57.419627814698
 72
     1
 10
613.5345780000001
 20
57.419627814698
 11
612.9716800000001
 21
57.24555981469792
 72
     1
 10
612.9716800000001
 20
57.24555981469792
 11
612.5378740000001
 21
57.20602781469797
 72
     1
 10
612.5378740000001
 20
57.20602781469797
 11
611.910462
 21
57.31307181469791
 72
     1
 10
611.910462
 20
57.31307181469791
 11
611.4538580000002
 21
57.60607981469801
 72
     1
 10
611.4538580000002
 20
57.60607981469801
 11
611.1586920000001
 21
58.04285381469798
 72
     1
 10
611.1586920000001
 20
58.04285381469798
 11
611.037628
 21
58.43939981469792
 72
     1
 10
611.037628
 20
58.43939981469792
 11
610.9981540000001
 21
58.87528181469792
 72
     1
 10
610.9981540000001
 20
58.87528181469792
 11
611.0932320000001
 21
59.57181581469795
 72
     1
 10
611.0932320000001
 20
59.57181581469795
 11
611.3659980000001
 21
60.13240381469798
 72
     1
 10
611.3659980000001
 20
60.13240381469798
 11
611.7977300000001
 21
60.506111814698
 72
     1
 10
611.7977300000001
 20
60.506111814698
 11
612.3697360000001
 21
60.64199781469792
 72
     1
 10
612.3697360000001
 20
60.64199781469792
 11
612.7178960000001
 21
60.60454981469798
 72
     1
 10
612.7178960000001
 20
60.60454981469798
 11
613.0345780000001
 21
60.48261181469794
 72
     1
 10
613.0345780000001
 20
60.48261181469794
 11
613.3833320000002
 21
60.1637638146979
 72
     1
 10
613.3833320000002
 20
60.1637638146979
 11
613.6172640000002
 21
59.63508981469801
 72
     1
 10
613.6172640000002
 20
59.63508981469801
 11
613.7027140000001
 21
58.86251781469798
 72
     1
 10
613.7027140000001
 20
58.86251781469798
 11
613.7027140000001
 21
58.78483181469796
 72
     1
 10
613.7027140000001
 20
58.78483181469796
 11
613.7027140000001
 21
58.70714581469794
 72
     1
 10
613.7027140000001
 20
58.70714581469794
 11
613.5958860000002
 21
58.70714581469794
 72
     1
 10
613.5958860000002
 20
58.70714581469794
 11
612.2340240000002
 21
58.70714581469794
 72
     1
 10
612.2340240000002
 20
58.70714581469794
 11
611.9576280000001
 21
58.70714581469794
 72
     1
 10
611.9576280000001
 20
58.70714581469794
 11
611.8235320000001
 21
58.70714581469794
 72
     1
 10
611.8235320000001
 20
58.70714581469794
 11
611.7744
 21
58.70714581469794
 72
     1
 10
611.7744
 20
58.70714581469794
 11
611.8560960000001
 21
58.21750981469798
 72
     1
 10
611.8560960000001
 20
58.21750981469798
 11
612.1262220000001
 21
57.90479981469798
 72
     1
 10
612.1262220000001
 20
57.90479981469798
 11
612.6222540000001
 21
57.79482981469797
 72
     1
 10
612.6222540000001
 20
57.79482981469797
 11
613.2320420000001
 21
57.90044381469794
 72
     1
 10
613.2320420000001
 20
57.90044381469794
 11
613.4956520000001
 21
58.053577814698
 72
     1
 10
613.4956520000001
 20
58.053577814698
 11
613.4985360000002
 21
58.00661381469796
 72
     1
 10
613.4985360000002
 20
58.00661381469796
 11
613.5151060000002
 21
57.73660181469798
 72
     1
 10
613.5151060000002
 20
57.73660181469798
 11
613.527222
 21
57.53920381469801
 97
        0
 92
        0
 93
        9
 72
     1
 10
611.7744
 20
59.211875814698
 11
612.9261480000001
 21
59.211875814698
 72
     1
 10
612.9261480000001
 20
59.211875814698
 11
612.8866280000002
 21
59.61455181469799
 72
     1
 10
612.8866280000002
 20
59.61455181469799
 11
612.7699600000001
 21
59.89665181469795
 72
     1
 10
612.7699600000001
 20
59.89665181469795
 11
612.5994420000001
 21
60.04783581469797
 72
     1
 10
612.5994420000001
 20
60.04783581469797
 11
612.3697360000001
 21
60.09834581469797
 72
     1
 10
612.3697360000001
 20
60.09834581469797
 11
612.1235360000002
 21
60.036375814698
 72
     1
 10
612.1235360000002
 20
60.036375814698
 11
611.9464280000001
 21
59.87075381469798
 72
     1
 10
611.9464280000001
 20
59.87075381469798
 11
611.815904
 21
59.56848181469798
 72
     1
 10
611.815904
 20
59.56848181469798
 11
611.7744
 21
59.211875814698
 97
        0
 75
     0
 76
     1
 98
        1
 10
0.0
 20
0.0
  0
HATCH
  5
BC
330
1B
100
AcDbEntity
 67
     1
  8
0
  6
Continuous
 62
     7
100
AcDbHatch
 10
0.0
 20
0.0
 30
0.0
210
0.0
220
0.0
230
1.0
  2
SOLID
 70
     1
 71
     0
 91
        1
 92
        0
 93
       34
 72
     1
 10
616.4909220000001
 20
57.46141781469794
 11
616.4994360000002
 21
57.34178581469796
 72
     1
 10
616.4994360000002
 20
57.34178581469796
 11
616.1558080000001
 21
57.24728381469802
 72
     1
 10
616.1558080000001
 20
57.24728381469802
 11
615.7101140000001
 21
57.20602781469797
 72
     1
 10
615.7101140000001
 20
57.20602781469797
 11
615.068848
 21
57.31357181469798
 72
     1
 10
615.068848
 20
57.31357181469798
 11
614.6044160000001
 21
57.61006981469797
 72
     1
 10
614.6044160000001
 20
57.61006981469797
 11
614.3057420000001
 21
58.05632381469794
 72
     1
 10
614.3057420000001
 20
58.05632381469794
 11
614.1838240000002
 21
58.46570981469801
 72
     1
 10
614.1838240000002
 20
58.46570981469801
 11
614.1442260000001
 21
58.92074581469797
 72
     1
 10
614.1442260000001
 20
58.92074581469797
 11
614.238542
 21
59.59099181469796
 72
     1
 10
614.238542
 20
59.59099181469796
 11
614.5299840000001
 21
60.13808381469799
 72
     1
 10
614.5299840000001
 20
60.13808381469799
 11
615.0312960000002
 21
60.50681981469796
 72
     1
 10
615.0312960000002
 20
60.50681981469796
 11
615.7552660000001
 21
60.64199781469792
 72
     1
 10
615.7552660000001
 20
60.64199781469792
 11
616.1436620000001
 21
60.59579781469792
 72
     1
 10
616.1436620000001
 20
60.59579781469792
 11
616.4542860000001
 21
60.50593181469799
 72
     1
 10
616.4542860000001
 20
60.50593181469799
 11
616.4509280000001
 21
60.45896981469801
 72
     1
 10
616.4509280000001
 20
60.45896981469801
 11
616.4315660000002
 21
60.18895381469791
 72
     1
 10
616.4315660000002
 20
60.18895381469791
 11
616.4174040000001
 21
59.99155381469801
 72
     1
 10
616.4174040000001
 20
59.99155381469801
 11
616.4088300000001
 21
59.871977814698
 72
     1
 10
616.4088300000001
 20
59.871977814698
 11
616.0580460000001
 21
60.00746181469796
 72
     1
 10
616.0580460000001
 20
60.00746181469796
 11
615.8458720000001
 21
60.03357981469792
 72
     1
 10
615.8458720000001
 20
60.03357981469792
 11
615.5700240000001
 21
60.00009581469801
 72
     1
 10
615.5700240000001
 20
60.00009581469801
 11
615.3491680000001
 21
59.90154981469797
 72
     1
 10
615.3491680000001
 20
59.90154981469797
 11
615.181138
 21
59.74081381469798
 72
     1
 10
615.181138
 20
59.74081381469798
 11
615.0637820000001
 21
59.52076781469795
 72
     1
 10
615.0637820000001
 20
59.52076781469795
 11
614.9724740000001
 21
58.91420381469792
 72
     1
 10
614.9724740000001
 20
58.91420381469792
 11
615.0724180000001
 21
58.35291981469793
 72
     1
 10
615.0724180000001
 20
58.35291981469793
 11
615.3750920000001
 21
57.961295814698
 72
     1
 10
615.3750920000001
 20
57.961295814698
 11
615.6037920000001
 21
57.85248181469793
 72
     1
 10
615.6037920000001
 20
57.85248181469793
 11
615.8847960000002
 21
57.81413181469797
 72
     1
 10
615.8847960000002
 20
57.81413181469797
 11
616.2009440000002
 21
57.86834981469791
 72
     1
 10
616.2009440000002
 20
57.86834981469791
 11
616.4542860000001
 21
57.97604781469801
 72
     1
 10
616.4542860000001
 20
57.97604781469801
 11
616.4576280000001
 21
57.92906181469792
 72
     1
 10
616.4576280000001
 20
57.92906181469792
 11
616.4768680000001
 21
57.65891581469796
 72
     1
 10
616.4768680000001
 20
57.65891581469796
 11
616.4909220000001
 21
57.46141781469794
 97
        0
 75
     0
 76
     1
 98
        1
 10
0.0
 20
0.0
  0
HATCH
  5
BD
330
1B
100
AcDbEntity
 67
     1
  8
0
  6
Continuous
 62
     7
100
AcDbHatch
 10
0.0
 20
0.0
 30
0.0
210
0.0
220
0.0
230
1.0
  2
SOLID
 70
     1
 71
     0
 91
        1
 92
        0
 93
       58
 72
     1
 10
616.9920200000001
 20
61.67000981469795
 11
616.9920200000001
 21
61.77912181469792
 72
     1
 10
616.9920200000001
 20
61.77912181469792
 11
617.0514680000001
 21
61.77912181469792
 72
     1
 10
617.0514680000001
 20
61.77912181469792
 11
617.39322
 21
61.77912181469792
 72
     1
 10
617.39322
 20
61.77912181469792
 11
617.643082
 21
61.77912181469792
 72
     1
 10
617.643082
 20
61.77912181469792
 11
617.734986
 21
61.77912181469792
 72
     1
 10
617.734986
 20
61.77912181469792
 11
617.7944200000001
 21
61.77912181469792
 72
     1
 10
617.7944200000001
 20
61.77912181469792
 11
617.7944200000001
 21
61.65941581469792
 72
     1
 10
617.7944200000001
 20
61.65941581469792
 11
617.7944200000001
 21
60.971117814698
 72
     1
 10
617.7944200000001
 20
60.971117814698
 11
617.7944200000001
 21
60.46791781469796
 72
     1
 10
617.7944200000001
 20
60.46791781469796
 11
617.7944200000001
 21
60.28281781469791
 72
     1
 10
617.7944200000001
 20
60.28281781469791
 11
617.7944200000001
 21
60.16311181469791
 72
     1
 10
617.7944200000001
 20
60.16311181469791
 11
617.8137360000001
 21
60.16311181469791
 72
     1
 10
617.8137360000001
 20
60.16311181469791
 11
618.0536660000001
 21
60.44801981469794
 72
     1
 10
618.0536660000001
 20
60.44801981469794
 11
618.2374420000001
 21
60.56385781469798
 72
     1
 10
618.2374420000001
 20
60.56385781469798
 11
618.6419840000001
 21
60.64199781469792
 72
     1
 10
618.6419840000001
 20
60.64199781469792
 11
618.977662
 21
60.59718381469792
 72
     1
 10
618.977662
 20
60.59718381469792
 11
619.2334000000002
 21
60.471115814698
 72
     1
 10
619.2334000000002
 20
60.471115814698
 11
619.4646160000001
 21
60.19837181469801
 72
     1
 10
619.4646160000001
 20
60.19837181469801
 11
619.5886840000001
 21
59.83335181469796
 72
     1
 10
619.5886840000001
 20
59.83335181469796
 11
619.6255960000001
 21
59.40585781469798
 72
     1
 10
619.6255960000001
 20
59.40585781469798
 11
619.6255960000001
 21
59.38097781469798
 72
     1
 10
619.6255960000001
 20
59.38097781469798
 11
619.6255960000001
 21
58.10319581469792
 72
     1
 10
619.6255960000001
 20
58.10319581469792
 11
619.6255960000001
 21
57.56505981469795
 72
     1
 10
619.6255960000001
 20
57.56505981469795
 11
619.6255960000001
 21
57.37671181469794
 72
     1
 10
619.6255960000001
 20
57.37671181469794
 11
619.6255960000001
 21
57.25771781469791
 72
     1
 10
619.6255960000001
 20
57.25771781469791
 11
619.5661480000001
 21
57.25771781469791
 72
     1
 10
619.5661480000001
 20
57.25771781469791
 11
619.2243960000001
 21
57.25771781469791
 72
     1
 10
619.2243960000001
 20
57.25771781469791
 11
618.9745340000002
 21
57.25771781469791
 72
     1
 10
618.9745340000002
 20
57.25771781469791
 11
618.8826300000001
 21
57.25771781469791
 72
     1
 10
618.8826300000001
 20
57.25771781469791
 11
618.823198
 21
57.25771781469791
 72
     1
 10
618.823198
 20
57.25771781469791
 11
618.823198
 21
57.36846981469801
 72
     1
 10
618.823198
 20
57.36846981469801
 11
618.823198
 21
58.78047581469792
 72
     1
 10
618.823198
 20
58.78047581469792
 11
618.823198
 21
59.06704381469796
 72
     1
 10
618.823198
 20
59.06704381469796
 11
618.823198
 21
59.19459581469799
 72
     1
 10
618.823198
 20
59.19459581469799
 11
618.823198
 21
59.25702181469794
 72
     1
 10
618.823198
 20
59.25702181469794
 11
618.7773900000001
 21
59.67218381469797
 72
     1
 10
618.7773900000001
 20
59.67218381469797
 11
618.7171800000001
 21
59.81118381469797
 72
     1
 10
618.7171800000001
 20
59.81118381469797
 11
618.5746620000001
 21
59.94052781469794
 72
     1
 10
618.5746620000001
 20
59.94052781469794
 11
618.3636180000001
 21
59.98189581469793
 72
     1
 10
618.3636180000001
 20
59.98189581469793
 11
618.1423500000001
 21
59.94118781469793
 72
     1
 10
618.1423500000001
 20
59.94118781469793
 11
617.9807440000002
 21
59.82828181469802
 72
     1
 10
617.9807440000002
 20
59.82828181469802
 11
617.8733380000001
 21
59.65809581469794
 72
     1
 10
617.8733380000001
 20
59.65809581469794
 11
617.7944200000001
 21
59.198799814698
 72
     1
 10
617.7944200000001
 20
59.198799814698
 11
617.7944200000001
 21
59.17631581469796
 72
     1
 10
617.7944200000001
 20
59.17631581469796
 11
617.7944200000001
 21
58.0216978146979
 72
     1
 10
617.7944200000001
 20
58.0216978146979
 11
617.7944200000001
 21
57.53543381469795
 72
     1
 10
617.7944200000001
 20
57.53543381469795
 11
617.7944200000001
 21
57.36524181469793
 72
     1
 10
617.7944200000001
 20
57.36524181469793
 11
617.7944200000001
 21
57.25771781469791
 72
     1
 10
617.7944200000001
 20
57.25771781469791
 11
617.734986
 21
57.25771781469791
 72
     1
 10
617.734986
 20
57.25771781469791
 11
617.39322
 21
57.25771781469791
 72
     1
 10
617.39322
 20
57.25771781469791
 11
617.1433720000001
 21
57.25771781469791
 72
     1
 10
617.1433720000001
 20
57.25771781469791
 11
617.0514680000001
 21
57.25771781469791
 72
     1
 10
617.0514680000001
 20
57.25771781469791
 11
616.9920200000001
 21
57.25771781469791
 72
     1
 10
616.9920200000001
 20
57.25771781469791
 11
616.9920200000001
 21
57.298029814698
 72
     1
 10
616.9920200000001
 20
57.298029814698
 11
616.9920200000001
 21
59.51841781469791
 72
     1
 10
616.9920200000001
 20
59.51841781469791
 11
616.9920200000001
 21
60.92631581469799
 72
     1
 10
616.9920200000001
 20
60.92631581469799
 11
616.9920200000001
 21
61.444201814698
 72
     1
 10
616.9920200000001
 20
61.444201814698
 11
616.9920200000001
 21
61.67000981469795
 97
        0
 75
     0
 76
     1
 98
        1
 10
0.0
 20
0.0
  0
HATCH
  5
BE
330
1B
100
AcDbEntity
 67
     1
  8
0
  6
Continuous
 62
     7
100
AcDbHatch
 10
0.0
 20
0.0
 30
0.0
210
0.0
220
0.0
230
1.0
  2
SOLID
 70
     1
 71
     0
 91
        2
 92
        0
 93
       32
 72
     1
 10
614.7110600000001
 20
51.42280181469794
 11
614.7184000000001
 21
51.30322581469792
 72
     1
 10
614.7184000000001
 20
51.30322581469792
 11
614.1555180000001
 21
51.12915781469795
 72
     1
 10
614.1555180000001
 20
51.12915781469795
 11
613.7216960000001
 21
51.089625814698
 72
     1
 10
613.7216960000001
 20
51.089625814698
 11
613.0942840000001
 21
51.19666981469795
 72
     1
 10
613.0942840000001
 20
51.19666981469795
 11
612.63768
 21
51.48967781469793
 72
     1
 10
612.63768
 20
51.48967781469793
 11
612.342514
 21
51.92645181469791
 72
     1
 10
612.342514
 20
51.92645181469791
 11
612.2214520000001
 21
52.32299781469796
 72
     1
 10
612.2214520000001
 20
52.32299781469796
 11
612.1819780000001
 21
52.75887981469796
 72
     1
 10
612.1819780000001
 20
52.75887981469796
 11
612.2770540000001
 21
53.45541381469798
 72
     1
 10
612.2770540000001
 20
53.45541381469798
 11
612.5498200000002
 21
54.01599781469801
 72
     1
 10
612.5498200000002
 20
54.01599781469801
 11
612.9815680000002
 21
54.38970981469793
 72
     1
 10
612.9815680000002
 20
54.38970981469793
 11
613.5535600000002
 21
54.52559581469796
 72
     1
 10
613.5535600000002
 20
54.52559581469796
 11
613.9017180000002
 21
54.48814781469791
 72
     1
 10
613.9017180000002
 20
54.48814781469791
 11
614.2184160000002
 21
54.36620981469797
 72
     1
 10
614.2184160000002
 20
54.36620981469797
 11
614.5671700000001
 21
54.04736381469799
 72
     1
 10
614.5671700000001
 20
54.04736381469799
 11
614.8010880000002
 21
53.51868781469793
 72
     1
 10
614.8010880000002
 20
53.51868781469793
 11
614.8865360000001
 21
52.74611581469802
 72
     1
 10
614.8865360000001
 20
52.74611581469802
 11
614.8865360000001
 21
52.66842981469799
 72
     1
 10
614.8865360000001
 20
52.66842981469799
 11
614.8865360000001
 21
52.59074381469797
 72
     1
 10
614.8865360000001
 20
52.59074381469797
 11
614.7797240000001
 21
52.59074381469797
 72
     1
 10
614.7797240000001
 20
52.59074381469797
 11
613.417848
 21
52.59074381469797
 72
     1
 10
613.417848
 20
52.59074381469797
 11
613.1414640000002
 21
52.59074381469797
 72
     1
 10
613.1414640000002
 20
52.59074381469797
 11
613.00737
 21
52.59074381469797
 72
     1
 10
613.00737
 20
52.59074381469797
 11
612.9582220000001
 21
52.59074381469797
 72
     1
 10
612.9582220000001
 20
52.59074381469797
 11
613.0399320000001
 21
52.10110781469801
 72
     1
 10
613.0399320000001
 20
52.10110781469801
 11
613.3100440000001
 21
51.78839781469802
 72
     1
 10
613.3100440000001
 20
51.78839781469802
 11
613.8060920000001
 21
51.678427814698
 72
     1
 10
613.8060920000001
 20
51.678427814698
 11
614.4158800000001
 21
51.78404181469798
 72
     1
 10
614.4158800000001
 20
51.78404181469798
 11
614.6794740000001
 21
51.93717581469792
 72
     1
 10
614.6794740000001
 20
51.93717581469792
 11
614.6823580000001
 21
51.89021381469794
 72
     1
 10
614.6823580000001
 20
51.89021381469794
 11
614.6989440000001
 21
51.62020181469795
 72
     1
 10
614.6989440000001
 20
51.62020181469795
 11
614.7110600000001
 21
51.42280181469794
 97
        0
 92
        0
 93
        9
 72
     1
 10
612.9582220000001
 20
53.09547381469793
 11
614.1099860000002
 21
53.09547381469793
 72
     1
 10
614.1099860000002
 20
53.09547381469793
 11
614.0704500000002
 21
53.49814981469792
 72
     1
 10
614.0704500000002
 20
53.49814981469792
 11
613.953782
 21
53.78024981469798
 72
     1
 10
613.953782
 20
53.78024981469798
 11
613.7832800000001
 21
53.931433814698
 72
     1
 10
613.7832800000001
 20
53.931433814698
 11
613.5535600000002
 21
53.98194581469795
 72
     1
 10
613.5535600000002
 20
53.98194581469795
 11
613.3073740000001
 21
53.91997581469798
 72
     1
 10
613.3073740000001
 20
53.91997581469798
 11
613.13025
 21
53.7543518146979
 72
     1
 10
613.13025
 20
53.7543518146979
 11
612.9997260000001
 21
53.45207981469802
 72
     1
 10
612.9997260000001
 20
53.45207981469802
 11
612.9582220000001
 21
53.09547381469793
 97
        0
 75
     0
 76
     1
 98
        1
 10
0.0
 20
0.0
  0
HATCH
  5
BF
330
1B
100
AcDbEntity
 67
     1
  8
0
  6
Continuous
 62
     7
100
AcDbHatch
 10
0.0
 20
0.0
 30
0.0
210
0.0
220
0.0
230
1.0
  2
SOLID
 70
     1
 71
     0
 91
        2
 92
        0
 93
       32
 72
     1
 10
609.3647020000002
 20
55.54874381469799
 11
609.3647020000002
 21
55.65773781469796
 72
     1
 10
609.3647020000002
 20
55.65773781469796
 11
609.4993140000001
 21
55.65773781469796
 72
     1
 10
609.4993140000001
 20
55.65773781469796
 11
610.2034460000001
 21
55.65773781469796
 72
     1
 10
610.2034460000001
 20
55.65773781469796
 11
610.4957140000001
 21
55.65773781469796
 72
     1
 10
610.4957140000001
 20
55.65773781469796
 11
610.5961620000002
 21
55.65773781469796
 72
     1
 10
610.5961620000002
 20
55.65773781469796
 11
610.6590580000001
 21
55.65773781469796
 72
     1
 10
610.6590580000001
 20
55.65773781469796
 11
611.2734540000001
 21
55.56353381469792
 72
     1
 10
611.2734540000001
 20
55.56353381469792
 11
611.7167980000002
 21
55.292227814698
 72
     1
 10
611.7167980000002
 20
55.292227814698
 11
611.9854440000001
 21
54.860781814698
 72
     1
 10
611.9854440000001
 20
54.860781814698
 11
612.0758060000001
 21
54.28615181469798
 72
     1
 10
612.0758060000001
 20
54.28615181469798
 11
611.9854440000001
 21
53.71045381469797
 72
     1
 10
611.9854440000001
 20
53.71045381469797
 11
611.7167980000002
 21
53.27665381469793
 72
     1
 10
611.7167980000002
 20
53.27665381469793
 11
611.2734540000001
 21
53.00298981469798
 72
     1
 10
611.2734540000001
 20
53.00298981469798
 11
610.6590580000001
 21
52.90771781469794
 72
     1
 10
610.6590580000001
 20
52.90771781469794
 11
610.6002360000001
 21
52.90771781469794
 72
     1
 10
610.6002360000001
 20
52.90771781469794
 11
610.313798
 21
52.90771781469794
 72
     1
 10
610.313798
 20
52.90771781469794
 11
610.1929480000001
 21
52.90771781469794
 72
     1
 10
610.1929480000001
 20
52.90771781469794
 11
610.1929480000001
 21
52.77686981469798
 72
     1
 10
610.1929480000001
 20
52.77686981469798
 11
610.1929480000001
 21
52.02451781469797
 72
     1
 10
610.1929480000001
 20
52.02451781469797
 11
610.1929480000001
 21
51.47448781469799
 72
     1
 10
610.1929480000001
 20
51.47448781469799
 11
610.1929480000001
 21
51.27216381469801
 72
     1
 10
610.1929480000001
 20
51.27216381469801
 11
610.1929480000001
 21
51.14131581469794
 72
     1
 10
610.1929480000001
 20
51.14131581469794
 11
610.1315920000001
 21
51.14131581469794
 72
     1
 10
610.1315920000001
 20
51.14131581469794
 11
609.7788240000002
 21
51.14131581469794
 72
     1
 10
609.7788240000002
 20
51.14131581469794
 11
609.5209200000002
 21
51.14131581469794
 72
     1
 10
609.5209200000002
 20
51.14131581469794
 11
609.4260560000001
 21
51.14131581469794
 72
     1
 10
609.4260560000001
 20
51.14131581469794
 11
609.3647020000002
 21
51.14131581469794
 72
     1
 10
609.3647020000002
 20
51.14131581469794
 11
609.3647020000002
 21
51.18158381469795
 72
     1
 10
609.3647020000002
 20
51.18158381469795
 11
609.3647020000002
 21
53.39952381469792
 72
     1
 10
609.3647020000002
 20
53.39952381469792
 11
609.3647020000002
 21
54.80587381469793
 72
     1
 10
609.3647020000002
 20
54.80587381469793
 11
609.3647020000002
 21
55.32318381469792
 72
     1
 10
609.3647020000002
 20
55.32318381469792
 11
609.3647020000002
 21
55.54874381469799
 97
        0
 92
        0
 93
        9
 72
     1
 10
610.1929480000001
 20
53.54197581469799
 11
610.5033720000001
 21
53.54197581469799
 72
     1
 10
610.5033720000001
 20
53.54197581469799
 11
610.9264540000001
 21
53.62558781469795
 72
     1
 10
610.9264540000001
 20
53.62558781469795
 11
611.169694
 21
53.8745678146979
 72
     1
 10
611.169694
 20
53.8745678146979
 11
611.2475600000001
 21
54.28615181469798
 72
     1
 10
611.2475600000001
 20
54.28615181469798
 11
611.169694
 21
54.69590381469791
 72
     1
 10
611.169694
 20
54.69590381469791
 11
610.9264540000001
 21
54.94180581469799
 72
     1
 10
610.9264540000001
 20
54.94180581469799
 11
610.5033720000001
 21
55.02378781469797
 72
     1
 10
610.5033720000001
 20
55.02378781469797
 11
610.1929480000001
 21
55.02378781469797
 72
     1
 10
610.1929480000001
 20
55.02378781469797
 11
610.1929480000001
 21
53.54197581469799
 97
        0
 75
     0
 76
     1
 98
        1
 10
0.0
 20
0.0
  0
HATCH
  5
C0
330
1B
100
AcDbEntity
 67
     1
  8
0
  6
Continuous
 62
     7
100
AcDbHatch
 10
0.0
 20
0.0
 30
0.0
210
0.0
220
0.0
230
1.0
  2
SOLID
 70
     1
 71
     0
 91
        1
 92
        0
 93
       55
 72
     1
 10
620.2159580000002
 20
59.97297181469796
 11
620.2159580000002
 21
60.04011981469792
 72
     1
 10
620.2159580000002
 20
60.04011981469792
 11
620.1901100000001
 21
60.58999981469793
 72
     1
 10
620.1901100000001
 20
60.58999981469793
 11
620.2456980000001
 21
60.58999981469793
 72
     1
 10
620.2456980000001
 20
60.58999981469793
 11
620.5653080000001
 21
60.58999981469793
 72
     1
 10
620.5653080000001
 20
60.58999981469793
 11
620.7989660000001
 21
60.58999981469793
 72
     1
 10
620.7989660000001
 20
60.58999981469793
 11
620.8849180000001
 21
60.58999981469793
 72
     1
 10
620.8849180000001
 20
60.58999981469793
 11
620.9405060000001
 21
60.58999981469793
 72
     1
 10
620.9405060000001
 20
60.58999981469793
 11
620.966356
 21
60.07903981469798
 72
     1
 10
620.966356
 20
60.07903981469798
 11
620.9794320000002
 21
60.07903981469798
 72
     1
 10
620.9794320000002
 20
60.07903981469798
 11
621.2180480000002
 21
60.39631981469795
 72
     1
 10
621.2180480000002
 20
60.39631981469795
 11
621.4203340000001
 21
60.54060781469794
 72
     1
 10
621.4203340000001
 20
60.54060781469794
 11
621.8659060000001
 21
60.64199781469792
 72
     1
 10
621.8659060000001
 20
60.64199781469792
 11
622.2015840000001
 21
60.59718381469792
 72
     1
 10
622.2015840000001
 20
60.59718381469792
 11
622.4573380000002
 21
60.471115814698
 72
     1
 10
622.4573380000002
 20
60.471115814698
 11
622.6885380000001
 21
60.19837181469801
 72
     1
 10
622.6885380000001
 20
60.19837181469801
 11
622.8126080000001
 21
59.83335181469796
 72
     1
 10
622.8126080000001
 20
59.83335181469796
 11
622.8495180000001
 21
59.40585781469798
 72
     1
 10
622.8495180000001
 20
59.40585781469798
 11
622.8495180000001
 21
59.38097781469798
 72
     1
 10
622.8495180000001
 20
59.38097781469798
 11
622.8495180000001
 21
58.10319581469792
 72
     1
 10
622.8495180000001
 20
58.10319581469792
 11
622.8495180000001
 21
57.56505981469795
 72
     1
 10
622.8495180000001
 20
57.56505981469795
 11
622.8495180000001
 21
57.37671181469794
 72
     1
 10
622.8495180000001
 20
57.37671181469794
 11
622.8495180000001
 21
57.25771781469791
 72
     1
 10
622.8495180000001
 20
57.25771781469791
 11
622.7900860000001
 21
57.25771781469791
 72
     1
 10
622.7900860000001
 20
57.25771781469791
 11
622.4483200000002
 21
57.25771781469791
 72
     1
 10
622.4483200000002
 20
57.25771781469791
 11
622.1984720000002
 21
57.25771781469791
 72
     1
 10
622.1984720000002
 20
57.25771781469791
 11
622.106568
 21
57.25771781469791
 72
     1
 10
622.106568
 20
57.25771781469791
 11
622.0471200000001
 21
57.25771781469791
 72
     1
 10
622.0471200000001
 20
57.25771781469791
 11
622.0471200000001
 21
57.36846981469801
 72
     1
 10
622.0471200000001
 20
57.36846981469801
 11
622.0471200000001
 21
58.78047581469792
 72
     1
 10
622.0471200000001
 20
58.78047581469792
 11
622.0471200000001
 21
59.06704381469796
 72
     1
 10
622.0471200000001
 20
59.06704381469796
 11
622.0471200000001
 21
59.19459581469799
 72
     1
 10
622.0471200000001
 20
59.19459581469799
 11
622.0471200000001
 21
59.25702181469794
 72
     1
 10
622.0471200000001
 20
59.25702181469794
 11
622.0013120000001
 21
59.67218381469797
 72
     1
 10
622.0013120000001
 20
59.67218381469797
 11
621.9411020000001
 21
59.81118381469797
 72
     1
 10
621.9411020000001
 20
59.81118381469797
 11
621.7985840000001
 21
59.94052781469794
 72
     1
 10
621.7985840000001
 20
59.94052781469794
 11
621.5875400000002
 21
59.98189581469793
 72
     1
 10
621.5875400000002
 20
59.98189581469793
 11
621.3662720000002
 21
59.94118781469793
 72
     1
 10
621.3662720000002
 20
59.94118781469793
 11
621.2046660000001
 21
59.82828181469802
 72
     1
 10
621.2046660000001
 20
59.82828181469802
 11
621.0972600000001
 21
59.65809581469794
 72
     1
 10
621.0972600000001
 20
59.65809581469794
 11
621.0183580000001
 21
59.198799814698
 72
     1
 10
621.0183580000001
 20
59.198799814698
 11
621.0183580000001
 21
59.09126981469792
 72
     1
 10
621.0183580000001
 20
59.09126981469792
 11
621.0183580000001
 21
57.72038581469796
 72
     1
 10
621.0183580000001
 20
57.72038581469796
 11
621.0183580000001
 21
57.44216581469797
 72
     1
 10
621.0183580000001
 20
57.44216581469797
 11
621.0183580000001
 21
57.31832581469798
 72
     1
 10
621.0183580000001
 20
57.31832581469798
 11
621.0183580000001
 21
57.25771781469791
 72
     1
 10
621.0183580000001
 20
57.25771781469791
 11
620.9589080000001
 21
57.25771781469791
 72
     1
 10
620.9589080000001
 20
57.25771781469791
 11
620.6171580000001
 21
57.25771781469791
 72
     1
 10
620.6171580000001
 20
57.25771781469791
 11
620.3672960000001
 21
57.25771781469791
 72
     1
 10
620.3672960000001
 20
57.25771781469791
 11
620.2753920000001
 21
57.25771781469791
 72
     1
 10
620.2753920000001
 20
57.25771781469791
 11
620.2159580000002
 21
57.25771781469791
 72
     1
 10
620.2159580000002
 20
57.25771781469791
 11
620.2159580000002
 21
57.282523814698
 72
     1
 10
620.2159580000002
 20
57.282523814698
 11
620.2159580000002
 21
58.64891781469795
 72
     1
 10
620.2159580000002
 20
58.64891781469795
 11
620.2159580000002
 21
59.51531581469794
 72
     1
 10
620.2159580000002
 20
59.51531581469794
 11
620.2159580000002
 21
59.83401181469794
 72
     1
 10
620.2159580000002
 20
59.83401181469794
 11
620.2159580000002
 21
59.97297181469796
 97
        0
 75
     0
 76
     1
 98
        1
 10
0.0
 20
0.0
  0
HATCH
  5
C1
330
1B
100
AcDbEntity
 67
     1
  8
0
  6
Continuous
 62
     7
100
AcDbHatch
 10
0.0
 20
0.0
 30
0.0
210
0.0
220
0.0
230
1.0
  2
SOLID
 70
     1
 71
     0
 91
        2
 92
        0
 93
       22
 72
     1
 10
624.428162
 20
60.60934381469796
 11
624.772858
 21
60.64199781469792
 72
     1
 10
624.772858
 20
60.64199781469792
 11
625.1170960000001
 21
60.60934381469796
 72
     1
 10
625.1170960000001
 20
60.60934381469796
 11
625.4539800000001
 21
60.49940181469793
 72
     1
 10
625.4539800000001
 20
60.49940181469793
 11
625.8491520000001
 21
60.20152181469795
 72
     1
 10
625.8491520000001
 20
60.20152181469795
 11
626.1290740000001
 21
59.69167981469792
 72
     1
 10
626.1290740000001
 20
59.69167981469792
 11
626.2353680000001
 21
58.92728381469792
 72
     1
 10
626.2353680000001
 20
58.92728381469792
 11
626.17421
 21
58.31445581469796
 72
     1
 10
626.17421
 20
58.31445581469796
 11
626.0071720000001
 21
57.85981381469796
 72
     1
 10
626.0071720000001
 20
57.85981381469796
 11
625.818712
 21
57.60104781469799
 72
     1
 10
625.818712
 20
57.60104781469799
 11
625.5923460000001
 21
57.41627781469793
 72
     1
 10
625.5923460000001
 20
57.41627781469793
 11
625.1920480000001
 21
57.25230781469792
 72
     1
 10
625.1920480000001
 20
57.25230781469792
 11
624.772858
 21
57.20602781469797
 72
     1
 10
624.772858
 20
57.20602781469797
 11
624.3529980000001
 21
57.25230781469792
 72
     1
 10
624.3529980000001
 20
57.25230781469792
 11
623.9511120000001
 21
57.41627781469793
 72
     1
 10
623.9511120000001
 20
57.41627781469793
 11
623.7235420000002
 21
57.60104781469799
 72
     1
 10
623.7235420000002
 20
57.60104781469799
 11
623.5339220000001
 21
57.85981381469796
 72
     1
 10
623.5339220000001
 20
57.85981381469796
 11
623.3657380000002
 21
58.31445581469796
 72
     1
 10
623.3657380000002
 20
58.31445581469796
 11
623.3041240000001
 21
58.92728381469792
 72
     1
 10
623.3041240000001
 20
58.92728381469792
 11
623.4111940000001
 21
59.69167981469792
 72
     1
 10
623.4111940000001
 20
59.69167981469792
 11
623.6929180000002
 21
60.20152181469795
 72
     1
 10
623.6929180000002
 20
60.20152181469795
 11
624.0901200000001
 21
60.49940181469793
 72
     1
 10
624.0901200000001
 20
60.49940181469793
 11
624.428162
 21
60.60934381469796
 97
        0
 92
        0
 93
       20
 72
     1
 10
624.3699040000001
 20
57.95847381469799
 11
624.5409240000001
 21
57.82441381469794
 72
     1
 10
624.5409240000001
 20
57.82441381469794
 11
624.772858
 21
57.77552381469797
 72
     1
 10
624.772858
 20
57.77552381469797
 11
624.9996340000001
 21
57.82217781469801
 72
     1
 10
624.9996340000001
 20
57.82217781469801
 11
625.1674360000002
 21
57.95040781469795
 72
     1
 10
625.1674360000002
 20
57.95040781469795
 11
625.3130960000002
 21
58.21787981469795
 72
     1
 10
625.3130960000002
 20
58.21787981469795
 11
625.369034
 21
58.43879981469802
 72
     1
 10
625.369034
 20
58.43879981469802
 11
625.4071200000001
 21
58.92728381469792
 72
     1
 10
625.4071200000001
 20
58.92728381469792
 11
625.369034
 21
59.41424581469801
 72
     1
 10
625.369034
 20
59.41424581469801
 11
625.3130960000002
 21
59.63383181469795
 72
     1
 10
625.3130960000002
 20
59.63383181469795
 11
625.1674360000002
 21
59.89924181469797
 72
     1
 10
625.1674360000002
 20
59.89924181469797
 11
624.9996340000001
 21
60.02630981469792
 72
     1
 10
624.9996340000001
 20
60.02630981469792
 11
624.772858
 21
60.07250181469792
 72
     1
 10
624.772858
 20
60.07250181469792
 11
624.5409240000001
 21
60.02409781469797
 72
     1
 10
624.5409240000001
 20
60.02409781469797
 11
624.3699040000001
 21
59.89124981469796
 72
     1
 10
624.3699040000001
 20
59.89124981469796
 11
624.2264560000001
 21
59.62626181469799
 72
     1
 10
624.2264560000001
 20
59.62626181469799
 11
624.170778
 21
59.40857381469799
 72
     1
 10
624.170778
 20
59.40857381469799
 11
624.1323700000002
 21
58.92728381469792
 72
     1
 10
624.1323700000002
 20
58.92728381469792
 11
624.170778
 21
58.44450381469801
 72
     1
 10
624.170778
 20
58.44450381469801
 11
624.2264560000001
 21
58.22549781469799
 72
     1
 10
624.2264560000001
 20
58.22549781469799
 11
624.3699040000001
 21
57.95847381469799
 97
        0
 75
     0
 76
     1
 98
        1
 10
0.0
 20
0.0
  0
HATCH
  5
C2
330
1B
100
AcDbEntity
 67
     1
  8
0
  6
Continuous
 62
     7
100
AcDbHatch
 10
0.0
 20
0.0
 30
0.0
210
0.0
220
0.0
230
1.0
  2
SOLID
 70
     1
 71
     0
 91
        1
 92
        0
 93
        4
 72
     1
 10
626.8126380000001
 20
57.25771781469791
 11
626.8126380000001
 21
61.82053381469799
 72
     1
 10
626.8126380000001
 20
61.82053381469799
 11
627.6150520000001
 21
61.82053381469799
 72
     1
 10
627.6150520000001
 20
61.82053381469799
 11
627.6150520000001
 21
57.25771781469791
 72
     1
 10
627.6150520000001
 20
57.25771781469791
 11
626.8126380000001
 21
57.25771781469791
 97
        0
 75
     0
 76
     1
 98
        1
 10
0.0
 20
0.0
  0
HATCH
  5
C3
330
1B
100
AcDbEntity
 67
     1
  8
0
  6
Continuous
 62
     7
100
AcDbHatch
 10
0.0
 20
0.0
 30
0.0
210
0.0
220
0.0
230
1.0
  2
SOLID
 70
     1
 71
     0
 91
        2
 92
        0
 93
       22
 72
     1
 10
629.31604
 20
60.60934381469796
 11
629.6607520000001
 21
60.64199781469792
 72
     1
 10
629.6607520000001
 20
60.64199781469792
 11
630.0049900000001
 21
60.60934381469796
 72
     1
 10
630.0049900000001
 20
60.60934381469796
 11
630.3418740000001
 21
60.49940181469793
 72
     1
 10
630.3418740000001
 20
60.49940181469793
 11
630.7370460000002
 21
60.20152181469795
 72
     1
 10
630.7370460000002
 20
60.20152181469795
 11
631.0169680000001
 21
59.69167981469792
 72
     1
 10
631.0169680000001
 20
59.69167981469792
 11
631.1232460000001
 21
58.92728381469792
 72
     1
 10
631.1232460000001
 20
58.92728381469792
 11
631.0621040000001
 21
58.31445581469796
 72
     1
 10
631.0621040000001
 20
58.31445581469796
 11
630.8950660000002
 21
57.85981381469796
 72
     1
 10
630.8950660000002
 20
57.85981381469796
 11
630.7066040000001
 21
57.60104781469799
 72
     1
 10
630.7066040000001
 20
57.60104781469799
 11
630.4802400000001
 21
57.41627781469793
 72
     1
 10
630.4802400000001
 20
57.41627781469793
 11
630.0799260000001
 21
57.25230781469792
 72
     1
 10
630.0799260000001
 20
57.25230781469792
 11
629.6607520000001
 21
57.20602781469797
 72
     1
 10
629.6607520000001
 20
57.20602781469797
 11
629.2408920000001
 21
57.25230781469792
 72
     1
 10
629.2408920000001
 20
57.25230781469792
 11
628.839006
 21
57.41627781469793
 72
     1
 10
628.839006
 20
57.41627781469793
 11
628.6114360000001
 21
57.60104781469799
 72
     1
 10
628.6114360000001
 20
57.60104781469799
 11
628.421814
 21
57.85981381469796
 72
     1
 10
628.421814
 20
57.85981381469796
 11
628.253632
 21
58.31445581469796
 72
     1
 10
628.253632
 20
58.31445581469796
 11
628.1920180000001
 21
58.92728381469792
 72
     1
 10
628.1920180000001
 20
58.92728381469792
 11
628.2990880000001
 21
59.69167981469792
 72
     1
 10
628.2990880000001
 20
59.69167981469792
 11
628.580812
 21
60.20152181469795
 72
     1
 10
628.580812
 20
60.20152181469795
 11
628.9779980000001
 21
60.49940181469793
 72
     1
 10
628.9779980000001
 20
60.49940181469793
 11
629.31604
 21
60.60934381469796
 97
        0
 92
        0
 93
       20
 72
     1
 10
629.257798
 20
57.95847381469799
 11
629.4288180000001
 21
57.82441381469794
 72
     1
 10
629.4288180000001
 20
57.82441381469794
 11
629.6607520000001
 21
57.77552381469797
 72
     1
 10
629.6607520000001
 20
57.77552381469797
 11
629.887528
 21
57.82217781469801
 72
     1
 10
629.887528
 20
57.82217781469801
 11
630.0553300000001
 21
57.95040781469795
 72
     1
 10
630.0553300000001
 20
57.95040781469795
 11
630.20099
 21
58.21787981469795
 72
     1
 10
630.20099
 20
58.21787981469795
 11
630.2569280000001
 21
58.43879981469802
 72
     1
 10
630.2569280000001
 20
58.43879981469802
 11
630.2950140000002
 21
58.92728381469792
 72
     1
 10
630.2950140000002
 20
58.92728381469792
 11
630.2569280000001
 21
59.41424581469801
 72
     1
 10
630.2569280000001
 20
59.41424581469801
 11
630.20099
 21
59.63383181469795
 72
     1
 10
630.20099
 20
59.63383181469795
 11
630.0553300000001
 21
59.89924181469797
 72
     1
 10
630.0553300000001
 20
59.89924181469797
 11
629.887528
 21
60.02630981469792
 72
     1
 10
629.887528
 20
60.02630981469792
 11
629.6607520000001
 21
60.07250181469792
 72
     1
 10
629.6607520000001
 20
60.07250181469792
 11
629.4288180000001
 21
60.02409781469797
 72
     1
 10
629.4288180000001
 20
60.02409781469797
 11
629.257798
 21
59.89124981469796
 72
     1
 10
629.257798
 20
59.89124981469796
 11
629.1143340000001
 21
59.62626181469799
 72
     1
 10
629.1143340000001
 20
59.62626181469799
 11
629.05867
 21
59.40857381469799
 72
     1
 10
629.05867
 20
59.40857381469799
 11
629.0202640000001
 21
58.92728381469792
 72
     1
 10
629.0202640000001
 20
58.92728381469792
 11
629.05867
 21
58.44450381469801
 72
     1
 10
629.05867
 20
58.44450381469801
 11
629.1143340000001
 21
58.22549781469799
 72
     1
 10
629.1143340000001
 20
58.22549781469799
 11
629.257798
 21
57.95847381469799
 97
        0
 75
     0
 76
     1
 98
        1
 10
0.0
 20
0.0
  0
HATCH
  5
C4
330
1B
100
AcDbEntity
 67
     1
  8
0
  6
Continuous
 62
     7
100
AcDbHatch
 10
0.0
 20
0.0
 30
0.0
210
0.0
220
0.0
230
1.0
  2
SOLID
 70
     1
 71
     0
 91
        2
 92
        0
 93
       53
 72
     1
 10
631.7230380000001
 20
56.687201814698
 11
631.7263800000002
 21
56.73990581469801
 72
     1
 10
631.7263800000002
 20
56.73990581469801
 11
632.3097540000002
 21
56.50612581469794
 72
     1
 10
632.3097540000002
 20
56.50612581469794
 11
632.709992
 21
56.45531381469793
 72
     1
 10
632.709992
 20
56.45531381469793
 11
633.0448320000002
 21
56.49853781469793
 72
     1
 10
633.0448320000002
 20
56.49853781469793
 11
633.284028
 21
56.61778981469801
 72
     1
 10
633.284028
 20
56.61778981469801
 11
633.4755860000001
 21
56.85761181469795
 72
     1
 10
633.4755860000001
 20
56.85761181469795
 11
633.545518
 21
57.056521814698
 72
     1
 10
633.545518
 20
57.056521814698
 11
633.5899360000001
 21
57.50369581469794
 72
     1
 10
633.5899360000001
 20
57.50369581469794
 11
633.5899360000001
 21
57.54370381469798
 72
     1
 10
633.5899360000001
 20
57.54370381469798
 11
633.5899360000001
 21
57.73849181469792
 72
     1
 10
633.5899360000001
 20
57.73849181469792
 11
633.5899360000001
 21
57.82067181469797
 72
     1
 10
633.5899360000001
 20
57.82067181469797
 11
633.577164
 21
57.82067181469797
 72
     1
 10
633.577164
 20
57.82067181469797
 11
633.3294080000001
 21
57.479433814698
 72
     1
 10
633.3294080000001
 20
57.479433814698
 11
633.1293960000002
 21
57.34616781469792
 72
     1
 10
633.1293960000002
 20
57.34616781469792
 11
632.6969160000002
 21
57.25771781469791
 72
     1
 10
632.6969160000002
 20
57.25771781469791
 11
632.3620920000002
 21
57.31166381469799
 72
     1
 10
632.3620920000002
 20
57.31166381469799
 11
632.0196080000001
 21
57.50533981469796
 72
     1
 10
632.0196080000001
 20
57.50533981469796
 11
631.7307900000001
 21
57.88649781469801
 72
     1
 10
631.7307900000001
 20
57.88649781469801
 11
631.586304
 21
58.32412381469798
 72
     1
 10
631.586304
 20
58.32412381469798
 11
631.5323960000001
 21
58.91420381469792
 72
     1
 10
631.5323960000001
 20
58.91420381469792
 11
631.5836340000001
 21
59.50281981469796
 72
     1
 10
631.5836340000001
 20
59.50281981469796
 11
631.7467040000001
 21
60.01283981469796
 72
     1
 10
631.7467040000001
 20
60.01283981469796
 11
632.0356600000001
 21
60.398241814698
 72
     1
 10
632.0356600000001
 20
60.398241814698
 11
632.3434300000001
 21
60.57782381469801
 72
     1
 10
632.3434300000001
 20
60.57782381469801
 11
632.73584
 21
60.64199781469792
 72
     1
 10
632.73584
 20
60.64199781469792
 11
633.1423500000002
 21
60.559047814698
 72
     1
 10
633.1423500000002
 20
60.559047814698
 11
633.3394480000001
 21
60.42979381469793
 72
     1
 10
633.3394480000001
 20
60.42979381469793
 11
633.6157700000002
 21
60.07250181469792
 72
     1
 10
633.6157700000002
 20
60.07250181469792
 11
633.641922
 21
60.07250181469792
 72
     1
 10
633.641922
 20
60.07250181469792
 11
633.6677720000001
 21
60.58999981469793
 72
     1
 10
633.6677720000001
 20
60.58999981469793
 11
633.7214520000001
 21
60.58999981469793
 72
     1
 10
633.7214520000001
 20
60.58999981469793
 11
634.0300460000001
 21
60.58999981469793
 72
     1
 10
634.0300460000001
 20
60.58999981469793
 11
634.2556620000001
 21
60.58999981469793
 72
     1
 10
634.2556620000001
 20
60.58999981469793
 11
634.3386540000002
 21
60.58999981469793
 72
     1
 10
634.3386540000002
 20
60.58999981469793
 11
634.3923340000001
 21
60.58999981469793
 72
     1
 10
634.3923340000001
 20
60.58999981469793
 11
634.366486
 21
60.06596381469797
 72
     1
 10
634.366486
 20
60.06596381469797
 11
634.366486
 21
60.03748381469798
 72
     1
 10
634.366486
 20
60.03748381469798
 11
634.366486
 21
58.57485981469801
 72
     1
 10
634.366486
 20
58.57485981469801
 11
634.366486
 21
57.958877814698
 72
     1
 10
634.366486
 20
57.958877814698
 11
634.366486
 21
57.74328181469801
 72
     1
 10
634.366486
 20
57.74328181469801
 11
634.366486
 21
57.60707381469798
 72
     1
 10
634.366486
 20
57.60707381469798
 11
634.283326
 21
56.82832781469793
 72
     1
 10
634.283326
 20
56.82832781469793
 11
634.165834
 21
56.50619181469796
 72
     1
 10
634.165834
 20
56.50619181469796
 11
633.998856
 21
56.25295181469792
 72
     1
 10
633.998856
 20
56.25295181469792
 11
633.769304
 21
56.0528038146979
 72
     1
 10
633.769304
 20
56.0528038146979
 11
633.3652040000002
 21
55.88128981469798
 72
     1
 10
633.3652040000002
 20
55.88128981469798
 11
632.8264480000001
 21
55.82136581469798
 72
     1
 10
632.8264480000001
 20
55.82136581469798
 11
632.3368380000001
 21
55.859203814698
 72
     1
 10
632.3368380000001
 20
55.859203814698
 11
631.6812300000001
 21
56.02842781469797
 72
     1
 10
631.6812300000001
 20
56.02842781469797
 11
631.6845720000001
 21
56.08112981469793
 72
     1
 10
631.6845720000001
 20
56.08112981469793
 11
631.7037980000001
 21
56.38416581469797
 72
     1
 10
631.7037980000001
 20
56.38416581469797
 11
631.7178660000001
 21
56.60570981469792
 72
     1
 10
631.7178660000001
 20
56.60570981469792
 11
631.7230380000001
 21
56.687201814698
 97
        0
 92
        0
 93
       15
 72
     1
 10
632.6280060000003
 20
57.96107781469794
 11
632.75148
 21
57.87458781469801
 72
     1
 10
632.75148
 20
57.87458781469801
 11
632.884674
 21
57.84651581469791
 72
     1
 10
632.884674
 20
57.84651581469791
 11
633.1992800000002
 21
57.91071981469798
 72
     1
 10
633.1992800000002
 20
57.91071981469798
 11
633.4157120000001
 21
58.10515581469799
 72
     1
 10
633.4157120000001
 20
58.10515581469799
 11
633.5481580000002
 21
58.45847781469793
 72
     1
 10
633.5481580000002
 20
58.45847781469793
 11
633.5899360000001
 21
58.96589181469791
 72
     1
 10
633.5899360000001
 20
58.96589181469791
 11
633.5070040000002
 21
59.55483181469801
 72
     1
 10
633.5070040000002
 20
59.55483181469801
 11
633.2803040000001
 21
59.91501981469793
 72
     1
 10
633.2803040000001
 20
59.91501981469793
 11
632.9429020000001
 21
60.03357981469792
 72
     1
 10
632.9429020000001
 20
60.03357981469792
 11
632.7086500000001
 21
59.97843981469797
 72
     1
 10
632.7086500000001
 20
59.97843981469797
 11
632.5391100000002
 21
59.82485581469798
 72
     1
 10
632.5391100000002
 20
59.82485581469798
 11
632.4372260000002
 21
59.60677381469792
 72
     1
 10
632.4372260000002
 20
59.60677381469792
 11
632.3606420000001
 21
58.95935381469797
 72
     1
 10
632.3606420000001
 20
58.95935381469797
 11
632.4360960000001
 21
58.32293781469799
 72
     1
 10
632.4360960000001
 20
58.32293781469799
 11
632.6280060000003
 21
57.96107781469794
 97
        0
 75
     0
 76
     1
 98
        1
 10
0.0
 20
0.0
  0
HATCH
  5
C5
330
1B
100
AcDbEntity
 67
     1
  8
0
  6
Continuous
 62
     7
100
AcDbHatch
 10
0.0
 20
0.0
 30
0.0
210
0.0
220
0.0
230
1.0
  2
SOLID
 70
     1
 71
     0
 91
        1
 92
        0
 93
       49
 72
     1
 10
636.2326200000001
 20
58.21231781469793
 11
636.2698980000001
 21
58.072883814698
 72
     1
 10
636.2698980000001
 20
58.072883814698
 11
636.282974
 21
58.072883814698
 72
     1
 10
636.282974
 20
58.072883814698
 11
636.2903900000001
 21
58.10203581469797
 72
     1
 10
636.2903900000001
 20
58.10203581469797
 11
636.6713720000001
 21
59.59929581469792
 72
     1
 10
636.6713720000001
 20
59.59929581469792
 11
636.8318180000001
 21
60.22986581469792
 72
     1
 10
636.8318180000001
 20
60.22986581469792
 11
636.8879860000001
 21
60.45056581469799
 72
     1
 10
636.8879860000001
 20
60.45056581469799
 11
636.9234620000002
 21
60.58999981469793
 72
     1
 10
636.9234620000002
 20
60.58999981469793
 11
636.9809880000001
 21
60.58999981469793
 72
     1
 10
636.9809880000001
 20
60.58999981469793
 11
637.3117380000002
 21
60.58999981469793
 72
     1
 10
637.3117380000002
 20
60.58999981469793
 11
637.5535440000002
 21
60.58999981469793
 72
     1
 10
637.5535440000002
 20
60.58999981469793
 11
637.6424880000002
 21
60.58999981469793
 72
     1
 10
637.6424880000002
 20
60.58999981469793
 11
637.700012
 21
60.58999981469793
 72
     1
 10
637.700012
 20
60.58999981469793
 11
637.691406
 21
60.56193581469793
 72
     1
 10
637.691406
 20
60.56193581469793
 11
637.19272
 21
58.93591381469798
 72
     1
 10
637.19272
 20
58.93591381469798
 11
636.759614
 21
57.52377381469798
 72
     1
 10
636.759614
 20
57.52377381469798
 11
636.593202
 21
56.98115981469798
 72
     1
 10
636.593202
 20
56.98115981469798
 11
636.5194700000001
 21
56.74076781469795
 72
     1
 10
636.5194700000001
 20
56.74076781469795
 11
636.4834900000001
 21
56.62345581469796
 72
     1
 10
636.4834900000001
 20
56.62345581469796
 11
636.3234880000001
 21
56.25842981469798
 72
     1
 10
636.3234880000001
 20
56.25842981469798
 11
636.0780340000001
 21
55.98553381469795
 72
     1
 10
636.0780340000001
 20
55.98553381469795
 11
635.8363800000002
 21
55.86449381469794
 72
     1
 10
635.8363800000002
 20
55.86449381469794
 11
635.5322580000001
 21
55.82136581469798
 72
     1
 10
635.5322580000001
 20
55.82136581469798
 11
635.0209820000001
 21
55.90543381469792
 72
     1
 10
635.0209820000001
 20
55.90543381469792
 11
635.0243540000002
 21
55.95096581469794
 72
     1
 10
635.0243540000002
 20
55.95096581469794
 11
635.0437180000001
 21
56.21275781469792
 72
     1
 10
635.0437180000001
 20
56.21275781469792
 11
635.0578780000001
 21
56.40414381469794
 72
     1
 10
635.0578780000001
 20
56.40414381469794
 11
635.066452
 21
56.52007981469798
 72
     1
 10
635.066452
 20
56.52007981469798
 11
635.370652
 21
56.45531381469793
 72
     1
 10
635.370652
 20
56.45531381469793
 11
635.5696420000002
 21
56.50200581469799
 72
     1
 10
635.5696420000002
 20
56.50200581469799
 11
635.6669620000001
 21
56.59495581469798
 72
     1
 10
635.6669620000001
 20
56.59495581469798
 11
635.81685
 21
56.940737814698
 72
     1
 10
635.81685
 20
56.940737814698
 11
635.8242040000001
 21
56.97665781469796
 72
     1
 10
635.8242040000001
 20
56.97665781469796
 11
635.859986
 21
57.15154581469795
 72
     1
 10
635.859986
 20
57.15154581469795
 11
635.8750780000003
 21
57.22533381469796
 72
     1
 10
635.8750780000003
 20
57.22533381469796
 11
635.8629460000001
 21
57.26221381469798
 72
     1
 10
635.8629460000001
 20
57.26221381469798
 11
635.2301180000002
 21
59.18690181469799
 72
     1
 10
635.2301180000002
 20
59.18690181469799
 11
634.9378060000001
 21
60.07590181469791
 72
     1
 10
634.9378060000001
 20
60.07590181469791
 11
634.834428
 21
60.39033581469799
 72
     1
 10
634.834428
 20
60.39033581469799
 11
634.7860880000001
 21
60.53734581469794
 72
     1
 10
634.7860880000001
 20
60.53734581469794
 11
634.7687700000002
 21
60.58999981469793
 72
     1
 10
634.7687700000002
 20
60.58999981469793
 11
634.8301240000001
 21
60.58999981469793
 72
     1
 10
634.8301240000001
 20
60.58999981469793
 11
635.1828920000003
 21
60.58999981469793
 72
     1
 10
635.1828920000003
 20
60.58999981469793
 11
635.4407960000001
 21
60.58999981469793
 72
     1
 10
635.4407960000001
 20
60.58999981469793
 11
635.5356600000001
 21
60.58999981469793
 72
     1
 10
635.5356600000001
 20
60.58999981469793
 11
635.5970160000002
 21
60.58999981469793
 72
     1
 10
635.5970160000002
 20
60.58999981469793
 11
635.6048140000001
 21
60.56084381469795
 72
     1
 10
635.6048140000001
 20
60.56084381469795
 11
636.005066
 21
59.063587814698
 72
     1
 10
636.005066
 20
59.063587814698
 11
636.173616
 21
58.433017814698
 72
     1
 10
636.173616
 20
58.433017814698
 11
636.2326200000001
 21
58.21231781469793
 97
        0
 75
     0
 76
     1
 98
        1
 10
0.0
 20
0.0
  0
HATCH
  5
C6
330
1B
100
AcDbEntity
 67
     1
  8
0
  6
Continuous
 62
     7
100
AcDbHatch
 10
0.0
 20
0.0
 30
0.0
210
0.0
220
0.0
230
1.0
  2
SOLID
 70
     1
 71
     0
 91
        1
 92
        0
 93
      237
 72
     1
 10
600.2402200000001
 20
61.75950581469791
 11
600.1761640000001
 21
61.75950581469791
 72
     1
 10
600.1761640000001
 20
61.75950581469791
 11
600.1382920000001
 21
61.65405981469796
 72
     1
 10
600.1382920000001
 20
61.65405981469796
 11
598.0524600000001
 21
55.84642781469795
 72
     1
 10
598.0524600000001
 20
55.84642781469795
 11
596.7298900000001
 21
52.16393981469791
 72
     1
 10
596.7298900000001
 20
52.16393981469791
 11
596.243378
 21
50.80936781469791
 72
     1
 10
596.243378
 20
50.80936781469791
 11
596.0312660000001
 21
50.21874981469799
 72
     1
 10
596.0312660000001
 20
50.21874981469799
 11
595.9666300000001
 21
50.03879981469795
 72
     1
 10
595.9666300000001
 20
50.03879981469795
 11
595.9287580000001
 21
49.93335381469799
 72
     1
 10
595.9287580000001
 20
49.93335381469799
 11
595.3201920000001
 21
48.08690181469799
 72
     1
 10
595.3201920000001
 20
48.08690181469799
 11
594.6842200000001
 21
45.54987981469794
 72
     1
 10
594.6842200000001
 20
45.54987981469794
 11
594.6748660000001
 21
47.72386981469801
 72
     1
 10
594.6748660000001
 20
47.72386981469801
 11
594.636384
 21
48.95757581469795
 72
     1
 10
594.636384
 20
48.95757581469795
 11
594.4783940000001
 21
51.46186781469797
 72
     1
 10
594.4783940000001
 20
51.46186781469797
 11
594.46927
 21
51.55368781469794
 72
     1
 10
594.46927
 20
51.55368781469794
 11
593.9661880000001
 21
56.61068781469791
 72
     1
 10
593.9661880000001
 20
56.61068781469791
 11
593.6472020000001
 21
59.81721781469795
 72
     1
 10
593.6472020000001
 20
59.81721781469795
 11
593.5298780000002
 21
60.99671581469801
 72
     1
 10
593.5298780000002
 20
60.99671581469801
 11
593.4787140000002
 21
61.51099781469793
 72
     1
 10
593.4787140000002
 20
61.51099781469793
 11
593.4631200000001
 21
61.66768581469795
 72
     1
 10
593.4631200000001
 20
61.66768581469795
 11
593.4539960000002
 21
61.75950581469791
 72
     1
 10
593.4539960000002
 20
61.75950581469791
 11
593.4086000000001
 21
61.75950581469791
 72
     1
 10
593.4086000000001
 20
61.75950581469791
 11
590.9085400000001
 21
61.75950581469791
 72
     1
 10
590.9085400000001
 20
61.75950581469791
 11
589.3233040000001
 21
61.75950581469791
 72
     1
 10
589.3233040000001
 20
61.75950581469791
 11
588.7401900000001
 21
61.75950581469791
 72
     1
 10
588.7401900000001
 20
61.75950581469791
 11
588.4859480000001
 21
61.75950581469791
 72
     1
 10
588.4859480000001
 20
61.75950581469791
 11
588.3630840000002
 21
61.75950581469791
 72
     1
 10
588.3630840000002
 20
61.75950581469791
 11
588.3185880000001
 21
61.64890981469795
 72
     1
 10
588.3185880000001
 20
61.64890981469795
 11
585.8676160000001
 21
55.557787814698
 72
     1
 10
585.8676160000001
 20
55.557787814698
 11
584.3134920000001
 21
51.69554181469793
 72
     1
 10
584.3134920000001
 20
51.69554181469793
 11
583.7418380000001
 21
50.27484781469794
 72
     1
 10
583.7418380000001
 20
50.27484781469794
 11
583.4925700000001
 21
49.65539981469791
 72
     1
 10
583.4925700000001
 20
49.65539981469791
 11
583.4166260000001
 21
49.466667814698
 72
     1
 10
583.4166260000001
 20
49.466667814698
 11
583.3721320000002
 21
49.35607181469792
 72
     1
 10
583.3721320000002
 20
49.35607181469792
 11
582.5610060000001
 21
46.98023581469801
 72
     1
 10
582.5610060000001
 20
46.98023581469801
 11
582.2054300000001
 21
45.54987981469794
 72
     1
 10
582.2054300000001
 20
45.54987981469794
 11
582.2286380000002
 21
47.87741381469801
 72
     1
 10
582.2286380000002
 20
47.87741381469801
 11
582.1767900000001
 21
50.20517781469791
 72
     1
 10
582.1767900000001
 20
50.20517781469791
 11
582.1696780000001
 21
50.32209781469798
 72
     1
 10
582.1696780000001
 20
50.32209781469798
 11
581.7904060000001
 21
56.55920381469792
 72
     1
 10
581.7904060000001
 20
56.55920381469792
 11
581.5913700000002
 21
59.832313814698
 72
     1
 10
581.5913700000002
 20
59.832313814698
 11
581.5198820000002
 21
61.00772781469799
 72
     1
 10
581.5198820000002
 20
61.00772781469799
 11
581.4890140000001
 21
61.51554181469798
 72
     1
 10
581.4890140000001
 20
61.51554181469798
 11
581.4796460000001
 21
61.66953181469792
 72
     1
 10
581.4796460000001
 20
61.66953181469792
 11
581.4741680000002
 21
61.75950581469791
 72
     1
 10
581.4741680000002
 20
61.75950581469791
 11
581.4298860000001
 21
61.75950581469791
 72
     1
 10
581.4298860000001
 20
61.75950581469791
 11
578.8870700000002
 21
61.75950581469791
 72
     1
 10
578.8870700000002
 20
61.75950581469791
 11
576.8020640000001
 21
61.75950581469791
 72
     1
 10
576.8020640000001
 20
61.75950581469791
 11
576.0075080000001
 21
61.75950581469791
 72
     1
 10
576.0075080000001
 20
61.75950581469791
 11
575.6565560000001
 21
61.75950581469791
 72
     1
 10
575.6565560000001
 20
61.75950581469791
 11
575.5489200000002
 21
61.75950581469791
 72
     1
 10
575.5489200000002
 20
61.75950581469791
 11
575.485596
 21
61.75950581469791
 72
     1
 10
575.485596
 20
61.75950581469791
 11
575.497772
 21
61.65619581469794
 72
     1
 10
575.497772
 20
61.65619581469794
 11
575.5678720000002
 21
61.06219381469791
 72
     1
 10
575.5678720000002
 20
61.06219381469791
 11
575.6191100000001
 21
60.627929814698
 72
     1
 10
575.6191100000001
 20
60.627929814698
 11
575.6379560000001
 21
60.46818981469792
 72
     1
 10
575.6379560000001
 20
60.46818981469792
 11
575.6501480000002
 21
60.36487981469796
 72
     1
 10
575.6501480000002
 20
60.36487981469796
 11
574.6279760000001
 21
61.12065181469794
 72
     1
 10
574.6279760000001
 20
61.12065181469794
 11
573.5585940000001
 21
61.63431181469792
 72
     1
 10
573.5585940000001
 20
61.63431181469792
 11
572.1872720000001
 21
62.02328181469796
 72
     1
 10
572.1872720000001
 20
62.02328181469796
 11
571.3862320000001
 21
62.14423781469791
 72
     1
 10
571.3862320000001
 20
62.14423781469791
 11
570.2897500000001
 21
62.20165181469795
 72
     1
 10
570.2897500000001
 20
62.20165181469795
 11
568.7628020000002
 21
62.09885781469793
 72
     1
 10
568.7628020000002
 20
62.09885781469793
 11
567.4648440000001
 21
61.82133181469796
 72
     1
 10
567.4648440000001
 20
61.82133181469796
 11
566.5140700000001
 21
61.47626781469795
 72
     1
 10
566.5140700000001
 20
61.47626781469795
 11
565.710176
 21
61.06513581469797
 72
     1
 10
565.710176
 20
61.06513581469797
 11
564.8584760000001
 21
60.47475381469791
 72
     1
 10
564.8584760000001
 20
60.47475381469791
 11
564.2155460000001
 21
59.88972781469792
 72
     1
 10
564.2155460000001
 20
59.88972781469792
 11
563.3773820000001
 21
58.90769981469801
 72
     1
 10
563.3773820000001
 20
58.90769981469801
 11
562.7953340000001
 21
57.92285981469792
 72
     1
 10
562.7953340000001
 20
57.92285981469792
 11
562.3403780000001
 21
56.66894581469795
 72
     1
 10
562.3403780000001
 20
56.66894581469795
 11
562.1935120000002
 21
55.90961781469795
 72
     1
 10
562.1935120000002
 20
55.90961781469795
 11
562.1338820000001
 21
54.69108981469795
 72
     1
 10
562.1338820000001
 20
54.69108981469795
 11
562.2154400000002
 21
53.82444381469797
 72
     1
 10
562.2154400000002
 20
53.82444381469797
 11
562.3273620000001
 21
53.26493381469799
 72
     1
 10
562.3273620000001
 20
53.26493381469799
 11
562.6355760000001
 21
52.31438781469799
 72
     1
 10
562.6355760000001
 20
52.31438781469799
 11
563.0098420000002
 21
51.54331581469796
 72
     1
 10
563.0098420000002
 20
51.54331581469796
 11
563.5356600000001
 21
50.74851981469797
 72
     1
 10
563.5356600000001
 20
50.74851981469797
 11
564.5011760000001
 21
49.73943781469792
 72
     1
 10
564.5011760000001
 20
49.73943781469792
 11
566.0185100000001
 21
48.62658581469792
 72
     1
 10
566.0185100000001
 20
48.62658581469792
 11
567.8059540000002
 21
47.55479381469796
 72
     1
 10
567.8059540000002
 20
47.55479381469796
 11
569.1626600000002
 21
46.76201181469797
 72
     1
 10
569.1626600000002
 20
46.76201181469797
 11
569.6150980000001
 21
46.41421181469796
 72
     1
 10
569.6150980000001
 20
46.41421181469796
 11
570.0960860000001
 21
45.8210858146979
 72
     1
 10
570.0960860000001
 20
45.8210858146979
 11
570.3108380000001
 21
45.22678381469791
 72
     1
 10
570.3108380000001
 20
45.22678381469791
 11
570.3661960000002
 21
44.73377981469795
 72
     1
 10
570.3661960000002
 20
44.73377981469795
 11
570.2892000000002
 21
43.94304181469799
 72
     1
 10
570.2892000000002
 20
43.94304181469799
 11
570.0128180000002
 21
43.23702181469802
 72
     1
 10
570.0128180000002
 20
43.23702181469802
 11
569.5543680000002
 21
42.66799181469793
 72
     1
 10
569.5543680000002
 20
42.66799181469793
 11
568.9312440000001
 21
42.28823381469793
 72
     1
 10
568.9312440000001
 20
42.28823381469793
 11
568.1607680000002
 21
42.15003181469801
 72
     1
 10
568.1607680000002
 20
42.15003181469801
 11
567.5221100000001
 21
42.22690581469801
 72
     1
 10
567.5221100000001
 20
42.22690581469801
 11
567.194412
 21
42.33793981469791
 72
     1
 10
567.194412
 20
42.33793981469791
 11
566.7483840000001
 21
42.59279981469799
 72
     1
 10
566.7483840000001
 20
42.59279981469799
 11
566.3630840000001
 21
43.00802581469798
 72
     1
 10
566.3630840000001
 20
43.00802581469798
 11
566.1141220000001
 21
43.49225581469796
 72
     1
 10
566.1141220000001
 20
43.49225581469796
 11
565.9475420000001
 21
44.20770981469801
 72
     1
 10
565.9475420000001
 20
44.20770981469801
 11
565.9128420000002
 21
44.70597781469798
 72
     1
 10
565.9128420000002
 20
44.70597781469798
 11
565.941316
 21
45.68501581469797
 72
     1
 10
565.941316
 20
45.68501581469797
 11
565.9004680000002
 21
45.68501581469797
 72
     1
 10
565.9004680000002
 20
45.68501581469797
 11
563.555238
 21
45.68501581469797
 72
     1
 10
563.555238
 20
45.68501581469797
 11
561.6322480000001
 21
45.68501581469797
 72
     1
 10
561.6322480000001
 20
45.68501581469797
 11
560.8994460000001
 21
45.68501581469797
 72
     1
 10
560.8994460000001
 20
45.68501581469797
 11
560.5757460000001
 21
45.68501581469797
 72
     1
 10
560.5757460000001
 20
45.68501581469797
 11
560.4764720000002
 21
45.68501581469797
 72
     1
 10
560.4764720000002
 20
45.68501581469797
 11
560.4180760000002
 21
45.68501581469797
 72
     1
 10
560.4180760000002
 20
45.68501581469797
 11
560.2989960000001
 21
44.45720581469792
 72
     1
 10
560.2989960000001
 20
44.45720581469792
 11
560.2911840000002
 21
43.61284581469793
 72
     1
 10
560.2911840000002
 20
43.61284581469793
 11
560.363648
 21
42.79689781469798
 72
     1
 10
560.363648
 20
42.79689781469798
 11
560.5065160000001
 21
42.10661381469794
 72
     1
 10
560.5065160000001
 20
42.10661381469794
 11
560.7739720000001
 21
41.35394581469798
 72
     1
 10
560.7739720000001
 20
41.35394581469798
 11
560.9811720000001
 21
40.94161781469796
 72
     1
 10
560.9811720000001
 20
40.94161781469796
 11
561.4054260000001
 21
40.28087381469791
 72
     1
 10
561.4054260000001
 20
40.28087381469791
 11
561.8153080000001
 21
39.76691981469793
 72
     1
 10
561.8153080000001
 20
39.76691981469793
 11
562.3186200000001
 21
39.256771814698
 72
     1
 10
562.3186200000001
 20
39.256771814698
 11
562.9271560000001
 21
38.77037781469794
 72
     1
 10
562.9271560000001
 20
38.77037781469794
 11
563.6526800000001
 21
38.32768781469797
 72
     1
 10
563.6526800000001
 20
38.32768781469797
 11
564.8224500000001
 21
37.83989381469799
 72
     1
 10
564.8224500000001
 20
37.83989381469799
 11
566.2491460000001
 21
37.51253981469793
 72
     1
 10
566.2491460000001
 20
37.51253981469793
 11
567.9607100000002
 21
37.39291581469794
 72
     1
 10
567.9607100000002
 20
37.39291581469794
 11
569.2353380000002
 21
37.44342581469795
 72
     1
 10
569.2353380000002
 20
37.44342581469795
 11
570.1823440000002
 21
37.56949581469793
 72
     1
 10
570.1823440000002
 20
37.56949581469793
 11
570.876694
 21
37.73293181469795
 72
     1
 10
570.876694
 20
37.73293181469795
 11
571.9358080000001
 21
38.13194781469797
 72
     1
 10
571.9358080000001
 20
38.13194781469797
 11
572.6202860000002
 21
38.47596381469798
 72
     1
 10
572.6202860000002
 20
38.47596381469798
 11
573.7272660000001
 21
39.21828581469799
 72
     1
 10
573.7272660000001
 20
39.21828581469799
 11
574.3331000000002
 21
39.75838181469793
 72
     1
 10
574.3331000000002
 20
39.75838181469793
 11
574.9090120000001
 21
40.40403381469793
 72
     1
 10
574.9090120000001
 20
40.40403381469793
 11
575.396912
 21
41.10530381469801
 72
     1
 10
575.396912
 20
41.10530381469801
 11
575.821718
 21
41.91245381469799
 72
     1
 10
575.821718
 20
41.91245381469799
 11
576.1963060000002
 21
42.96996981469792
 72
     1
 10
576.1963060000002
 20
42.96996981469792
 11
576.400392
 21
44.05011381469792
 72
     1
 10
576.400392
 20
44.05011381469792
 11
576.4402480000001
 21
45.17530381469792
 72
     1
 10
576.4402480000001
 20
45.17530381469792
 11
576.3734440000002
 21
45.97254981469801
 72
     1
 10
576.3734440000002
 20
45.97254981469801
 11
576.23752
 21
46.702259814698
 72
     1
 10
576.23752
 20
46.702259814698
 11
575.796494
 21
47.97009181469791
 72
     1
 10
575.796494
 20
47.97009181469791
 11
575.193558
 21
49.00085381469799
 72
     1
 10
575.193558
 20
49.00085381469799
 11
574.4171600000001
 21
49.90423581469794
 72
     1
 10
574.4171600000001
 20
49.90423581469794
 11
573.8931440000001
 21
50.37090581469794
 72
     1
 10
573.8931440000001
 20
50.37090581469794
 11
572.9745500000001
 21
51.02065581469795
 72
     1
 10
572.9745500000001
 20
51.02065581469795
 11
571.9967040000001
 21
51.63666581469795
 72
     1
 10
571.9967040000001
 20
51.63666581469795
 11
570.9718180000001
 21
52.17584181469792
 72
     1
 10
570.9718180000001
 20
52.17584181469792
 11
569.7067880000001
 21
52.83666981469792
 72
     1
 10
569.7067880000001
 20
52.83666981469792
 11
569.1077580000001
 21
53.24572381469794
 72
     1
 10
569.1077580000001
 20
53.24572381469794
 11
568.7066500000001
 21
53.62428581469791
 72
     1
 10
568.7066500000001
 20
53.62428581469791
 11
568.3770000000002
 21
54.07893781469797
 72
     1
 10
568.3770000000002
 20
54.07893781469797
 11
568.0594480000001
 21
54.84749181469795
 72
     1
 10
568.0594480000001
 20
54.84749181469795
 11
568.0029000000001
 21
55.26930581469791
 72
     1
 10
568.0029000000001
 20
55.26930581469791
 11
568.070588
 21
55.92359981469797
 72
     1
 10
568.070588
 20
55.92359981469797
 11
568.3082140000001
 21
56.53043381469791
 72
     1
 10
568.3082140000001
 20
56.53043381469791
 11
568.6989440000001
 21
57.04186581469794
 72
     1
 10
568.6989440000001
 20
57.04186581469794
 11
569.225952
 21
57.40997581469798
 72
     1
 10
569.225952
 20
57.40997581469798
 11
569.727692
 21
57.55873181469795
 72
     1
 10
569.727692
 20
57.55873181469795
 11
570.0844120000002
 21
57.57998181469792
 72
     1
 10
570.0844120000002
 20
57.57998181469792
 11
570.4986580000001
 21
57.53235181469796
 72
     1
 10
570.4986580000001
 20
57.53235181469796
 11
570.9759380000002
 21
57.35894381469797
 72
     1
 10
570.9759380000002
 20
57.35894381469797
 11
571.297258
 21
57.14427981469794
 72
     1
 10
571.297258
 20
57.14427981469794
 11
571.5846560000001
 21
56.83467781469798
 72
     1
 10
571.5846560000001
 20
56.83467781469798
 11
571.8537600000001
 21
56.30156381469797
 72
     1
 10
571.8537600000001
 20
56.30156381469797
 11
571.9843920000001
 21
55.57506981469795
 72
     1
 10
571.9843920000001
 20
55.57506981469795
 11
571.9787760000002
 21
55.17602181469794
 72
     1
 10
571.9787760000002
 20
55.17602181469794
 11
571.8936160000001
 21
54.38469981469795
 72
     1
 10
571.8936160000001
 20
54.38469981469795
 11
571.9222260000001
 21
54.38469981469795
 72
     1
 10
571.9222260000001
 20
54.38469981469795
 11
573.3913420000001
 21
54.38469981469795
 72
     1
 10
573.3913420000001
 20
54.38469981469795
 11
574.010042
 21
54.38469981469795
 72
     1
 10
574.010042
 20
54.38469981469795
 11
574.2265940000001
 21
54.38469981469795
 72
     1
 10
574.2265940000001
 20
54.38469981469795
 11
574.36342
 21
54.38469981469795
 72
     1
 10
574.36342
 20
54.38469981469795
 11
574.36342
 21
54.39123981469795
 72
     1
 10
574.36342
 20
54.39123981469795
 11
574.423584
 21
54.391261814698
 72
     1
 10
574.423584
 20
54.391261814698
 11
577.7378080000002
 21
54.39248581469791
 72
     1
 10
577.7378080000002
 20
54.39248581469791
 11
579.83928
 21
54.39325981469801
 72
     1
 10
579.83928
 20
54.39325981469801
 11
580.6122900000001
 21
54.39354781469796
 72
     1
 10
580.6122900000001
 20
54.39354781469796
 11
580.9493420000001
 21
54.39367181469801
 72
     1
 10
580.9493420000001
 20
54.39367181469801
 11
581.052034
 21
54.39371181469799
 72
     1
 10
581.052034
 20
54.39371181469799
 11
581.1122140000001
 21
54.39372981469792
 72
     1
 10
581.1122140000001
 20
54.39372981469792
 11
581.0708320000001
 21
54.384929814698
 72
     1
 10
581.0708320000001
 20
54.384929814698
 11
578.7921920000001
 21
53.90005381469798
 72
     1
 10
578.7921920000001
 20
53.90005381469798
 11
577.3473520000001
 21
53.59260581469793
 72
     1
 10
577.3473520000001
 20
53.59260581469793
 11
576.815872
 21
53.4795158146979
 72
     1
 10
576.815872
 20
53.4795158146979
 11
576.584138
 21
53.43020581469793
 72
     1
 10
576.584138
 20
53.43020581469793
 11
576.4721680000001
 21
53.40637581469798
 72
     1
 10
576.4721680000001
 20
53.40637581469798
 11
576.4886320000002
 21
53.26691781469795
 72
     1
 10
576.4886320000002
 20
53.26691781469795
 11
577.3955400000001
 21
45.58615381469799
 72
     1
 10
577.3955400000001
 20
45.58615381469799
 11
577.970582
 21
40.71595381469795
 72
     1
 10
577.970582
 20
40.71595381469795
 11
578.1821140000001
 21
38.92449181469792
 72
     1
 10
578.1821140000001
 20
38.92449181469792
 11
578.2743380000002
 21
38.14338381469795
 72
     1
 10
578.2743380000002
 20
38.14338381469795
 11
578.3024460000001
 21
37.90539381469793
 72
     1
 10
578.3024460000001
 20
37.90539381469793
 11
578.3189100000002
 21
37.765935814698
 72
     1
 10
578.3189100000002
 20
37.765935814698
 11
578.3585220000001
 21
37.765935814698
 72
     1
 10
578.3585220000001
 20
37.765935814698
 11
580.6336220000002
 21
37.765935814698
 72
     1
 10
580.6336220000002
 20
37.765935814698
 11
582.4991000000001
 21
37.765935814698
 72
     1
 10
582.4991000000001
 20
37.765935814698
 11
583.2099920000002
 21
37.765935814698
 72
     1
 10
583.2099920000002
 20
37.765935814698
 11
583.5240020000001
 21
37.765935814698
 72
     1
 10
583.5240020000001
 20
37.765935814698
 11
583.6203020000002
 21
37.765935814698
 72
     1
 10
583.6203020000002
 20
37.765935814698
 11
583.6769560000001
 21
37.765935814698
 72
     1
 10
583.6769560000001
 20
37.765935814698
 11
583.7094120000002
 21
37.84586981469795
 72
     1
 10
583.7094120000002
 20
37.84586981469795
 11
585.5521700000002
 21
42.38577981469793
 72
     1
 10
585.5521700000002
 20
42.38577981469793
 11
586.9628300000002
 21
45.86113781469792
 72
     1
 10
586.9628300000002
 20
45.86113781469792
 11
587.4951940000002
 21
47.17267181469798
 72
     1
 10
587.4951940000002
 20
47.17267181469798
 11
587.7295080000001
 21
47.74996181469793
 72
     1
 10
587.7295080000001
 20
47.74996181469793
 11
587.8012560000001
 21
47.92669981469799
 72
     1
 10
587.8012560000001
 20
47.92669981469799
 11
587.8434160000002
 21
48.03056781469795
 72
     1
 10
587.8434160000002
 20
48.03056781469795
 11
588.8299720000001
 21
50.48832981469798
 72
     1
 10
588.8299720000001
 20
50.48832981469798
 11
589.3363960000001
 21
52.08573981469799
 72
     1
 10
589.3363960000001
 20
52.08573981469799
 11
589.6443800000001
 21
53.637413814698
 72
     1
 10
589.6443800000001
 20
53.637413814698
 11
589.6451720000001
 21
53.61457781469792
 72
     1
 10
589.6451720000001
 20
53.61457781469792
 11
589.6859140000001
 21
52.44180981469793
 72
     1
 10
589.6859140000001
 20
52.44180981469793
 11
589.7030800000001
 21
51.94790181469799
 72
     1
 10
589.7030800000001
 20
51.94790181469799
 11
589.7090760000001
 21
51.775031814698
 72
     1
 10
589.7090760000001
 20
51.775031814698
 11
589.712876
 21
51.66581781469792
 72
     1
 10
589.712876
 20
51.66581781469792
 11
590.0068060000001
 21
48.03056781469795
 72
     1
 10
590.0068060000001
 20
48.03056781469795
 11
590.0168160000001
 21
47.93904381469793
 72
     1
 10
590.0168160000001
 20
47.93904381469793
 11
590.5680540000001
 21
42.89825381469792
 72
     1
 10
590.5680540000001
 20
42.89825381469792
 11
590.9175880000001
 21
39.70199981469791
 72
     1
 10
590.9175880000001
 20
39.70199981469791
 11
591.0461580000001
 21
38.52628381469791
 72
     1
 10
591.0461580000001
 20
38.52628381469791
 11
591.1022040000001
 21
38.0136498146979
 72
     1
 10
591.1022040000001
 20
38.0136498146979
 11
591.1192940000001
 21
37.85746181469796
 72
     1
 10
591.1192940000001
 20
37.85746181469796
 11
591.129304
 21
37.765935814698
 72
     1
 10
591.129304
 20
37.765935814698
 11
591.1877000000001
 21
37.765935814698
 72
     1
 10
591.1877000000001
 20
37.765935814698
 11
594.2665560000002
 21
37.765935814698
 72
     1
 10
594.2665560000002
 20
37.765935814698
 11
595.7739120000001
 21
37.765935814698
 72
     1
 10
595.7739120000001
 20
37.765935814698
 11
596.3107160000001
 21
37.765935814698
 72
     1
 10
596.3107160000001
 20
37.765935814698
 11
596.5418700000001
 21
37.765935814698
 72
     1
 10
596.5418700000001
 20
37.765935814698
 11
596.6526960000001
 21
37.765935814698
 72
     1
 10
596.6526960000001
 20
37.765935814698
 11
596.6632860000001
 21
37.79246981469797
 72
     1
 10
596.6632860000001
 20
37.79246981469797
 11
601.7553560000001
 21
50.54462781469793
 72
     1
 10
601.7553560000001
 20
50.54462781469793
 11
604.5638580000001
 21
57.57802181469795
 72
     1
 10
604.5638580000001
 20
57.57802181469795
 11
605.5807040000001
 21
60.12455381469795
 72
     1
 10
605.5807040000001
 20
60.12455381469795
 11
606.0214080000002
 21
61.22821781469801
 72
     1
 10
606.0214080000002
 20
61.22821781469801
 11
606.1552740000001
 21
61.56344181469797
 72
     1
 10
606.1552740000001
 20
61.56344181469797
 11
606.2136240000001
 21
61.70958981469798
 72
     1
 10
606.2136240000001
 20
61.70958981469798
 11
606.2335680000002
 21
61.75950581469791
 72
     1
 10
606.2335680000002
 20
61.75950581469791
 11
606.1887680000001
 21
61.75950581469791
 72
     1
 10
606.1887680000001
 20
61.75950581469791
 11
603.6167300000002
 21
61.75950581469791
 72
     1
 10
603.6167300000002
 20
61.75950581469791
 11
601.5077520000001
 21
61.75950581469791
 72
     1
 10
601.5077520000001
 20
61.75950581469791
 11
600.7040880000001
 21
61.75950581469791
 72
     1
 10
600.7040880000001
 20
61.75950581469791
 11
600.349092
 21
61.75950581469791
 72
     1
 10
600.349092
 20
61.75950581469791
 11
600.2402200000001
 21
61.75950581469791
 97
        0
 75
     0
 76
     1
 98
        1
 10
0.0
 20
0.0
  0
LINE
  5
C7
330
1B
100
AcDbEntity
 67
     1
  8
RAHMEN_DICK
370
    25
100
AcDbLine
 10
420.0
 20
19.9999998147
 30
0.0
 11
420.0
 21
0.0
 31
0.0
  0
LINE
  5
C8
330
1B
100
AcDbEntity
 67
     1
  8
SLD-0
 62
    19
370
    25
100
AcDbLine
 10
554.7999603183
 20
28.5000023682
 30
0.0
 11
819.9999723183
 21
28.5000023682
 31
0.0
  0
LINE
  5
C9
330
1B
100
AcDbEntity
 67
     1
  8
SLD-0
 62
    19
370
    25
100
AcDbLine
 10
446.0
 20
19.9999998147
 30
0.0
 11
446.0
 21
164.4999998147
 31
0.0
  0
LINE
  5
CA
330
1B
100
AcDbEntity
 67
     1
  8
SLD-0
 62
    19
370
    25
100
AcDbLine
 10
446.0
 20
164.4999998147
 30
0.0
 11
820.0
 21
164.4999998147
 31
0.0
  0
LINE
  5
CB
330
1B
100
AcDbEntity
 67
     1
  8
SLD-0
 62
    19
370
    18
100
AcDbLine
 10
446.0
 20
147.4999998147
 30
0.0
 11
820.0
 21
147.4999998147
 31
0.0
  0
LINE
  5
CC
330
1B
100
AcDbEntity
 67
     1
  8
SLD-0
 62
    19
370
    25
100
AcDbLine
 10
446.0
 20
130.4999998147
 30
0.0
 11
820.0
 21
130.4999998147
 31
0.0
  0
LINE
  5
CD
330
1B
100
AcDbEntity
 67
     1
  8
SLD-0
 62
    19
370
    25
100
AcDbLine
 10
554.799988
 20
19.9999998147
 30
0.0
 11
554.799988
 21
164.4999998147
 31
0.0
  0
LINE
  5
CE
330
1B
100
AcDbEntity
 67
     1
  8
SLD-0
 62
    19
370
    25
100
AcDbLine
 10
643.200012
 20
19.9999998147
 30
0.0
 11
643.200012
 21
164.4999998147
 31
0.0
  0
LINE
  5
CF
330
1B
100
AcDbEntity
 67
     1
  8
SLD-0
 62
    19
370
    25
100
AcDbLine
 10
446.0
 20
113.4999998147
 30
0.0
 11
500.399994
 21
113.4999998147
 31
0.0
  0
LINE
  5
D0
330
1B
100
AcDbEntity
 67
     1
  8
SLD-0
 62
    19
370
    18
100
AcDbLine
 10
606.799988
 20
70.9999998147
 30
0.0
 11
606.799988
 21
130.4999998147
 31
0.0
  0
LINE
  5
D1
330
1B
100
AcDbEntity
 67
     1
  8
SLD-0
 62
    19
370
    25
100
AcDbLine
 10
643.200012
 20
117.7399978147
 30
0.0
 11
820.0
 21
117.7399978147
 31
0.0
  0
LINE
  5
D2
330
1B
100
AcDbEntity
 67
     1
  8
SLD-0
 62
    19
370
    25
100
AcDbLine
 10
783.599976
 20
53.9999998147
 30
0.0
 11
783.599976
 21
75.2499998147
 31
0.0
  0
LINE
  5
D3
330
1B
100
AcDbEntity
 67
     1
  8
SLD-0
 62
    19
370
    25
100
AcDbLine
 10
446.0
 20
96.4999998147
 30
0.0
 11
820.0
 21
96.4999998147
 31
0.0
  0
LINE
  5
D4
330
1B
100
AcDbEntity
 67
     1
  8
SLD-0
 62
    19
370
    25
100
AcDbLine
 10
643.200012
 20
75.2499998147
 30
0.0
 11
820.0
 21
75.2499998147
 31
0.0
  0
LINE
  5
D5
330
1B
100
AcDbEntity
 67
     1
  8
SLD-0
 62
    19
370
    18
100
AcDbLine
 10
575.599976
 20
70.9999998147
 30
0.0
 11
575.599976
 21
96.4999998147
 31
0.0
  0
LINE
  5
D6
330
1B
100
AcDbEntity
 67
     1
  8
SLD-0
 62
    19
370
    18
100
AcDbLine
 10
446.0
 20
87.9999998147
 30
0.0
 11
643.200012
 21
87.9999998147
 31
0.0
  0
LINE
  5
D7
330
1B
100
AcDbEntity
 67
     1
  8
SLD-0
 62
    19
370
    18
100
AcDbLine
 10
446.0
 20
79.4999998147
 30
0.0
 11
643.200012
 21
79.4999998147
 31
0.0
  0
LINE
  5
D8
330
1B
100
AcDbEntity
 67
     1
  8
SLD-0
 62
    19
370
    18
100
AcDbLine
 10
446.0
 20
70.9999998147
 30
0.0
 11
643.200012
 21
70.9999998147
 31
0.0
  0
LINE
  5
D9
330
1B
100
AcDbEntity
 67
     1
  8
SLD-0
 62
    19
370
    18
100
AcDbLine
 10
446.0
 20
62.4999998147
 30
0.0
 11
554.799988
 21
62.4999998147
 31
0.0
  0
LINE
  5
DA
330
1B
100
AcDbEntity
 67
     1
  8
SLD-0
 62
    19
370
    18
100
AcDbLine
 10
446.0
 20
53.9999998147
 30
0.0
 11
554.799988
 21
53.9999998147
 31
0.0
  0
LINE
  5
DB
330
1B
100
AcDbEntity
 67
     1
  8
SLD-0
 62
    19
370
    18
100
AcDbLine
 10
446.0
 20
45.4999998147
 30
0.0
 11
554.799988
 21
45.4999998147
 31
0.0
  0
LINE
  5
DC
330
1B
100
AcDbEntity
 67
     1
  8
SLD-0
 62
    19
370
    18
100
AcDbLine
 10
446.0
 20
36.9999998147
 30
0.0
 11
554.799988
 21
36.9999998147
 31
0.0
  0
LINE
  5
DD
330
1B
100
AcDbEntity
 67
     1
  8
SLD-0
 62
    19
370
    18
100
AcDbLine
 10
461.200012
 20
19.9999998147
 30
0.0
 11
461.200012
 21
96.4999998147
 31
0.0
  0
LINE
  5
DE
330
1B
100
AcDbEntity
 67
     1
  8
SLD-0
 62
    19
370
    18
100
AcDbLine
 10
500.399994
 20
19.9999998147
 30
0.0
 11
500.399994
 21
96.4999998147
 31
0.0
  0
LINE
  5
DF
330
1B
100
AcDbEntity
 67
     1
  8
SLD-0
 62
    19
370
    18
100
AcDbLine
 10
526.400024
 20
19.9999998147
 30
0.0
 11
526.400024
 21
96.4999998147
 31
0.0
  0
LINE
  5
E0
330
1B
100
AcDbEntity
 67
     1
  8
SLD-0
 62
    19
370
    25
100
AcDbLine
 10
446.0
 20
28.4999998147
 30
0.0
 11
554.799988
 21
28.4999998147
 31
0.0
  0
LINE
  5
E1
330
1B
100
AcDbEntity
 67
     1
  8
SLD-0
 62
    19
370
    18
100
AcDbLine
 10
643.200012
 20
42.2499998147
 30
0.0
 11
794.0
 21
42.2499998147
 31
0.0
  0
LINE
  5
E2
330
1B
100
AcDbEntity
 67
     1
  8
SLD-0
 62
    19
370
    25
100
AcDbLine
 10
643.200012
 20
53.9999998147
 30
0.0
 11
820.0
 21
53.9999998147
 31
0.0
  0
LINE
  5
E3
330
1B
100
AcDbEntity
 67
     1
  8
SLD-0
 62
    19
370
    25
100
AcDbLine
 10
781.52002
 20
28.4999998147
 30
0.0
 11
781.52002
 21
42.2499998147
 31
0.0
  0
LINE
  5
E4
330
1B
100
AcDbEntity
 67
     1
  8
SLD-0
 62
    19
370
    25
100
AcDbLine
 10
794.0
 20
28.4999998147
 30
0.0
 11
794.0
 21
53.9999998147
 31
0.0
  0
LINE
  5
E5
330
1B
100
AcDbEntity
 67
     1
  8
SLD-0
 62
    19
370
    18
100
AcDbLine
 10
794.0
 20
36.9999998147
 30
0.0
 11
820.0
 21
36.9999998147
 31
0.0
  0
LINE
  5
E6
330
1B
100
AcDbEntity
 67
     1
  8
SLD-0
 62
    19
370
    25
100
AcDbLine
 10
500.399994
 20
96.4999998147
 30
0.0
 11
500.399994
 21
130.4999998147
 31
0.0
  0
LINE
  5
E7
330
1B
100
AcDbEntity
 67
     1
  8
SLD-0
  6
CENTERX2
 62
    19
370
    35
100
AcDbLine
 10
473.1745191627
 20
104.8654644125
 30
0.0
 11
487.1814151627
 21
104.8654644125
 31
0.0
  0
LINE
  5
E8
330
1B
100
AcDbEntity
 67
     1
  8
SLD-0
  6
CENTERX2
 62
    19
370
    25
100
AcDbLine
 10
465.5623033021
 20
97.9015336825
 30
0.0
 11
465.5623033021
 21
111.9015336825
 31
0.0
  0
LINE
  5
E9
330
1B
100
AcDbEntity
 67
     1
  8
SLD-0
  6
CENTERX2
 62
    19
370
    25
100
AcDbLine
 10
458.5623033021
 20
104.9015336825
 30
0.0
 11
472.5623033021
 21
104.9015336825
 31
0.0
  0
LINE
  5
EA
330
1B
100
AcDbEntity
 67
     1
  8
RAHMEN_DICK
  6
Continuous
 62
     7
370
    25
100
AcDbLine
 10
486.4208691627
 20
98.8654644125
 30
0.0
 11
486.4208691627
 21
110.8654644125
 31
0.0
  0
LINE
  5
EB
330
1B
100
AcDbEntity
 67
     1
  8
RAHMEN_DICK
  6
Continuous
 62
     7
370
    25
100
AcDbLine
 10
474.4208691627
 20
101.8654644125
 30
0.0
 11
474.4208691627
 21
107.8654644125
 31
0.0
  0
LINE
  5
EC
330
1B
100
AcDbEntity
 67
     1
  8
RAHMEN_DÜNN
  6
CENTERX2
 62
     7
370
    18
100
AcDbLine
 10
473.1745171627
 20
104.8654644125
 30
0.0
 11
487.1814151627
 21
104.8654644125
 31
0.0
  0
LINE
  5
ED
330
1B
100
AcDbEntity
 67
     1
  8
RAHMEN_DÜNN
  6
CENTERX2
 62
     7
370
    18
100
AcDbLine
 10
465.5622973021
 20
97.9015336825
 30
0.0
 11
465.5622973021
 21
111.9015336825
 31
0.0
  0
LINE
  5
EE
330
1B
100
AcDbEntity
 67
     1
  8
RAHMEN_DÜNN
  6
CENTERX2
 62
     7
370
    18
100
AcDbLine
 10
458.5622973021
 20
104.9015336825
 30
0.0
 11
472.5622973021
 21
104.9015336825
 31
0.0
  0
LINE
  5
EF
330
1B
100
AcDbEntity
 67
     1
  8
RAHMEN_DICK
  6
Continuous
 62
     7
370
    25
100
AcDbLine
 10
474.4208691627
 20
101.8654644125
 30
0.0
 11
486.4208691627
 21
98.8654644125
 31
0.0
  0
LINE
  5
F0
330
1B
100
AcDbEntity
 67
     1
  8
SLD-0
 62
    19
370
    25
100
AcDbLine
 10
785.599976
 20
147.4999998147
 30
0.0
 11
785.599976
 21
164.4999998147
 31
0.0
  0
LINE
  5
F1
330
1B
100
AcDbEntity
 67
     1
  8
SLD-0
 62
    19
370
    25
100
AcDbLine
 10
446.0
 20
19.9999998147
 30
0.0
 11
820.0
 21
19.9999998147
 31
0.0
  0
LINE
  5
F2
330
1B
100
AcDbEntity
 67
     1
  8
RAHMEN_DICK
  6
Continuous
 62
     7
370
    25
100
AcDbLine
 10
474.4208691627
 20
107.8654644125
 30
0.0
 11
486.4208691627
 21
110.8654644125
 31
0.0
  0
LINE
  5
F3
330
1B
100
AcDbEntity
 67
     1
  8
20
  6
Continuous
 62
    19
100
AcDbLine
 10
600.176164
 20
61.7595058147
 30
0.0
 11
600.138292
 21
61.6540598147
 31
0.0
  0
LINE
  5
F4
330
1B
100
AcDbEntity
 67
     1
  8
20
  6
Continuous
 62
    19
100
AcDbLine
 10
600.138292
 20
61.6540598147
 30
0.0
 11
598.05246
 21
55.8464278147
 31
0.0
  0
LINE
  5
F5
330
1B
100
AcDbEntity
 67
     1
  8
20
  6
Continuous
 62
    19
100
AcDbLine
 10
598.05246
 20
55.8464278147
 30
0.0
 11
596.72989
 21
52.1639398147
 31
0.0
  0
LINE
  5
F6
330
1B
100
AcDbEntity
 67
     1
  8
20
  6
Continuous
 62
    19
100
AcDbLine
 10
596.72989
 20
52.1639398147
 30
0.0
 11
596.243378
 21
50.8093678147
 31
0.0
  0
LINE
  5
F7
330
1B
100
AcDbEntity
 67
     1
  8
20
  6
Continuous
 62
    19
100
AcDbLine
 10
596.243378
 20
50.8093678147
 30
0.0
 11
596.031266
 21
50.2187498147
 31
0.0
  0
LINE
  5
F8
330
1B
100
AcDbEntity
 67
     1
  8
20
  6
Continuous
 62
    19
100
AcDbLine
 10
596.031266
 20
50.2187498147
 30
0.0
 11
595.96663
 21
50.0387998147
 31
0.0
  0
LINE
  5
F9
330
1B
100
AcDbEntity
 67
     1
  8
20
  6
Continuous
 62
    19
100
AcDbLine
 10
595.96663
 20
50.0387998147
 30
0.0
 11
595.928758
 21
49.9333538147
 31
0.0
  0
LINE
  5
FA
330
1B
100
AcDbEntity
 67
     1
  8
20
  6
Continuous
 62
    19
100
AcDbLine
 10
595.928758
 20
49.9333538147
 30
0.0
 11
595.320192
 21
48.0869018147
 31
0.0
  0
LINE
  5
FB
330
1B
100
AcDbEntity
 67
     1
  8
20
  6
Continuous
 62
    19
100
AcDbLine
 10
595.320192
 20
48.0869018147
 30
0.0
 11
594.68422
 21
45.5498798147
 31
0.0
  0
LINE
  5
FC
330
1B
100
AcDbEntity
 67
     1
  8
20
  6
Continuous
 62
    19
100
AcDbLine
 10
594.68422
 20
45.5498798147
 30
0.0
 11
594.674866
 21
47.7238698147
 31
0.0
  0
LINE
  5
FD
330
1B
100
AcDbEntity
 67
     1
  8
20
  6
Continuous
 62
    19
100
AcDbLine
 10
594.674866
 20
47.7238698147
 30
0.0
 11
594.636384
 21
48.9575758147
 31
0.0
  0
LINE
  5
FE
330
1B
100
AcDbEntity
 67
     1
  8
20
  6
Continuous
 62
    19
100
AcDbLine
 10
594.636384
 20
48.9575758147
 30
0.0
 11
594.478394
 21
51.4618678147
 31
0.0
  0
LINE
  5
FF
330
1B
100
AcDbEntity
 67
     1
  8
20
  6
Continuous
 62
    19
100
AcDbLine
 10
594.478394
 20
51.4618678147
 30
0.0
 11
594.46927
 21
51.5536878147
 31
0.0
  0
LINE
  5
100
330
1B
100
AcDbEntity
 67
     1
  8
20
  6
Continuous
 62
    19
100
AcDbLine
 10
594.46927
 20
51.5536878147
 30
0.0
 11
593.966188
 21
56.6106878147
 31
0.0
  0
LINE
  5
101
330
1B
100
AcDbEntity
 67
     1
  8
20
  6
Continuous
 62
    19
100
AcDbLine
 10
593.966188
 20
56.6106878147
 30
0.0
 11
593.647202
 21
59.8172178147
 31
0.0
  0
LINE
  5
102
330
1B
100
AcDbEntity
 67
     1
  8
20
  6
Continuous
 62
    19
100
AcDbLine
 10
593.647202
 20
59.8172178147
 30
0.0
 11
593.529878
 21
60.9967158147
 31
0.0
  0
LINE
  5
103
330
1B
100
AcDbEntity
 67
     1
  8
20
  6
Continuous
 62
    19
100
AcDbLine
 10
593.529878
 20
60.9967158147
 30
0.0
 11
593.478714
 21
61.5109978147
 31
0.0
  0
LINE
  5
104
330
1B
100
AcDbEntity
 67
     1
  8
20
  6
Continuous
 62
    19
100
AcDbLine
 10
593.478714
 20
61.5109978147
 30
0.0
 11
593.46312
 21
61.6676858147
 31
0.0
  0
LINE
  5
105
330
1B
100
AcDbEntity
 67
     1
  8
20
  6
Continuous
 62
    19
100
AcDbLine
 10
593.46312
 20
61.6676858147
 30
0.0
 11
593.453996
 21
61.7595058147
 31
0.0
  0
LINE
  5
106
330
1B
100
AcDbEntity
 67
     1
  8
20
  6
Continuous
 62
    19
100
AcDbLine
 10
593.453996
 20
61.7595058147
 30
0.0
 11
593.4086
 21
61.7595058147
 31
0.0
  0
LINE
  5
107
330
1B
100
AcDbEntity
 67
     1
  8
20
  6
Continuous
 62
    19
100
AcDbLine
 10
593.4086
 20
61.7595058147
 30
0.0
 11
590.90854
 21
61.7595058147
 31
0.0
  0
LINE
  5
108
330
1B
100
AcDbEntity
 67
     1
  8
20
  6
Continuous
 62
    19
100
AcDbLine
 10
590.90854
 20
61.7595058147
 30
0.0
 11
589.323304
 21
61.7595058147
 31
0.0
  0
LINE
  5
109
330
1B
100
AcDbEntity
 67
     1
  8
20
  6
Continuous
 62
    19
100
AcDbLine
 10
589.323304
 20
61.7595058147
 30
0.0
 11
588.74019
 21
61.7595058147
 31
0.0
  0
LINE
  5
10A
330
1B
100
AcDbEntity
 67
     1
  8
20
  6
Continuous
 62
    19
100
AcDbLine
 10
588.74019
 20
61.7595058147
 30
0.0
 11
588.485948
 21
61.7595058147
 31
0.0
  0
LINE
  5
10B
330
1B
100
AcDbEntity
 67
     1
  8
20
  6
Continuous
 62
    19
100
AcDbLine
 10
588.485948
 20
61.7595058147
 30
0.0
 11
588.363084
 21
61.7595058147
 31
0.0
  0
LINE
  5
10C
330
1B
100
AcDbEntity
 67
     1
  8
20
  6
Continuous
 62
    19
100
AcDbLine
 10
588.363084
 20
61.7595058147
 30
0.0
 11
588.318588
 21
61.6489098147
 31
0.0
  0
LINE
  5
10D
330
1B
100
AcDbEntity
 67
     1
  8
20
  6
Continuous
 62
    19
100
AcDbLine
 10
588.318588
 20
61.6489098147
 30
0.0
 11
585.867616
 21
55.5577878147
 31
0.0
  0
LINE
  5
10E
330
1B
100
AcDbEntity
 67
     1
  8
20
  6
Continuous
 62
    19
100
AcDbLine
 10
585.867616
 20
55.5577878147
 30
0.0
 11
584.313492
 21
51.6955418147
 31
0.0
  0
LINE
  5
10F
330
1B
100
AcDbEntity
 67
     1
  8
20
  6
Continuous
 62
    19
100
AcDbLine
 10
584.313492
 20
51.6955418147
 30
0.0
 11
583.741838
 21
50.2748478147
 31
0.0
  0
LINE
  5
110
330
1B
100
AcDbEntity
 67
     1
  8
20
  6
Continuous
 62
    19
100
AcDbLine
 10
583.741838
 20
50.2748478147
 30
0.0
 11
583.49257
 21
49.6553998147
 31
0.0
  0
LINE
  5
111
330
1B
100
AcDbEntity
 67
     1
  8
20
  6
Continuous
 62
    19
100
AcDbLine
 10
583.49257
 20
49.6553998147
 30
0.0
 11
583.416626
 21
49.4666678147
 31
0.0
  0
LINE
  5
112
330
1B
100
AcDbEntity
 67
     1
  8
20
  6
Continuous
 62
    19
100
AcDbLine
 10
583.416626
 20
49.4666678147
 30
0.0
 11
583.372132
 21
49.3560718147
 31
0.0
  0
LINE
  5
113
330
1B
100
AcDbEntity
 67
     1
  8
20
  6
Continuous
 62
    19
100
AcDbLine
 10
583.372132
 20
49.3560718147
 30
0.0
 11
582.561006
 21
46.9802358147
 31
0.0
  0
LINE
  5
114
330
1B
100
AcDbEntity
 67
     1
  8
20
  6
Continuous
 62
    19
100
AcDbLine
 10
582.561006
 20
46.9802358147
 30
0.0
 11
582.20543
 21
45.5498798147
 31
0.0
  0
LINE
  5
115
330
1B
100
AcDbEntity
 67
     1
  8
20
  6
Continuous
 62
    19
100
AcDbLine
 10
582.20543
 20
45.5498798147
 30
0.0
 11
582.228638
 21
47.8774138147
 31
0.0
  0
LINE
  5
116
330
1B
100
AcDbEntity
 67
     1
  8
20
  6
Continuous
 62
    19
100
AcDbLine
 10
582.228638
 20
47.8774138147
 30
0.0
 11
582.17679
 21
50.2051778147
 31
0.0
  0
LINE
  5
117
330
1B
100
AcDbEntity
 67
     1
  8
20
  6
Continuous
 62
    19
100
AcDbLine
 10
582.17679
 20
50.2051778147
 30
0.0
 11
582.169678
 21
50.3220978147
 31
0.0
  0
LINE
  5
118
330
1B
100
AcDbEntity
 67
     1
  8
20
  6
Continuous
 62
    19
100
AcDbLine
 10
582.169678
 20
50.3220978147
 30
0.0
 11
581.790406
 21
56.5592038147
 31
0.0
  0
LINE
  5
119
330
1B
100
AcDbEntity
 67
     1
  8
20
  6
Continuous
 62
    19
100
AcDbLine
 10
581.790406
 20
56.5592038147
 30
0.0
 11
581.59137
 21
59.8323138147
 31
0.0
  0
LINE
  5
11A
330
1B
100
AcDbEntity
 67
     1
  8
20
  6
Continuous
 62
    19
100
AcDbLine
 10
581.59137
 20
59.8323138147
 30
0.0
 11
581.519882
 21
61.0077278147
 31
0.0
  0
LINE
  5
11B
330
1B
100
AcDbEntity
 67
     1
  8
20
  6
Continuous
 62
    19
100
AcDbLine
 10
581.519882
 20
61.0077278147
 30
0.0
 11
581.489014
 21
61.5155418147
 31
0.0
  0
LINE
  5
11C
330
1B
100
AcDbEntity
 67
     1
  8
20
  6
Continuous
 62
    19
100
AcDbLine
 10
581.489014
 20
61.5155418147
 30
0.0
 11
581.479646
 21
61.6695318147
 31
0.0
  0
LINE
  5
11D
330
1B
100
AcDbEntity
 67
     1
  8
20
  6
Continuous
 62
    19
100
AcDbLine
 10
581.479646
 20
61.6695318147
 30
0.0
 11
581.474168
 21
61.7595058147
 31
0.0
  0
LINE
  5
11E
330
1B
100
AcDbEntity
 67
     1
  8
20
  6
Continuous
 62
    19
100
AcDbLine
 10
581.474168
 20
61.7595058147
 30
0.0
 11
581.429886
 21
61.7595058147
 31
0.0
  0
LINE
  5
11F
330
1B
100
AcDbEntity
 67
     1
  8
20
  6
Continuous
 62
    19
100
AcDbLine
 10
581.429886
 20
61.7595058147
 30
0.0
 11
578.88707
 21
61.7595058147
 31
0.0
  0
LINE
  5
120
330
1B
100
AcDbEntity
 67
     1
  8
20
  6
Continuous
 62
    19
100
AcDbLine
 10
578.88707
 20
61.7595058147
 30
0.0
 11
576.802064
 21
61.7595058147
 31
0.0
  0
LINE
  5
121
330
1B
100
AcDbEntity
 67
     1
  8
20
  6
Continuous
 62
    19
100
AcDbLine
 10
576.802064
 20
61.7595058147
 30
0.0
 11
576.007508
 21
61.7595058147
 31
0.0
  0
LINE
  5
122
330
1B
100
AcDbEntity
 67
     1
  8
20
  6
Continuous
 62
    19
100
AcDbLine
 10
576.007508
 20
61.7595058147
 30
0.0
 11
575.656556
 21
61.7595058147
 31
0.0
  0
LINE
  5
123
330
1B
100
AcDbEntity
 67
     1
  8
20
  6
Continuous
 62
    19
100
AcDbLine
 10
575.656556
 20
61.7595058147
 30
0.0
 11
575.54892
 21
61.7595058147
 31
0.0
  0
LINE
  5
124
330
1B
100
AcDbEntity
 67
     1
  8
20
  6
Continuous
 62
    19
100
AcDbLine
 10
575.54892
 20
61.7595058147
 30
0.0
 11
575.485596
 21
61.7595058147
 31
0.0
  0
LINE
  5
125
330
1B
100
AcDbEntity
 67
     1
  8
20
  6
Continuous
 62
    19
100
AcDbLine
 10
575.485596
 20
61.7595058147
 30
0.0
 11
575.497772
 21
61.6561958147
 31
0.0
  0
LINE
  5
126
330
1B
100
AcDbEntity
 67
     1
  8
20
  6
Continuous
 62
    19
100
AcDbLine
 10
575.497772
 20
61.6561958147
 30
0.0
 11
575.567872
 21
61.0621938147
 31
0.0
  0
LINE
  5
127
330
1B
100
AcDbEntity
 67
     1
  8
20
  6
Continuous
 62
    19
100
AcDbLine
 10
575.567872
 20
61.0621938147
 30
0.0
 11
575.61911
 21
60.6279298147
 31
0.0
  0
LINE
  5
128
330
1B
100
AcDbEntity
 67
     1
  8
20
  6
Continuous
 62
    19
100
AcDbLine
 10
575.61911
 20
60.6279298147
 30
0.0
 11
575.637956
 21
60.4681898147
 31
0.0
  0
LINE
  5
129
330
1B
100
AcDbEntity
 67
     1
  8
20
  6
Continuous
 62
    19
100
AcDbLine
 10
575.637956
 20
60.4681898147
 30
0.0
 11
575.650148
 21
60.3648798147
 31
0.0
  0
LINE
  5
12A
330
1B
100
AcDbEntity
 67
     1
  8
20
  6
Continuous
 62
    19
100
AcDbLine
 10
575.650148
 20
60.3648798147
 30
0.0
 11
574.627976
 21
61.1206518147
 31
0.0
  0
LINE
  5
12B
330
1B
100
AcDbEntity
 67
     1
  8
20
  6
Continuous
 62
    19
100
AcDbLine
 10
574.627976
 20
61.1206518147
 30
0.0
 11
573.558594
 21
61.6343118147
 31
0.0
  0
LINE
  5
12C
330
1B
100
AcDbEntity
 67
     1
  8
20
  6
Continuous
 62
    19
100
AcDbLine
 10
573.558594
 20
61.6343118147
 30
0.0
 11
572.187272
 21
62.0232818147
 31
0.0
  0
LINE
  5
12D
330
1B
100
AcDbEntity
 67
     1
  8
20
  6
Continuous
 62
    19
100
AcDbLine
 10
572.187272
 20
62.0232818147
 30
0.0
 11
571.386232
 21
62.1442378147
 31
0.0
  0
LINE
  5
12E
330
1B
100
AcDbEntity
 67
     1
  8
20
  6
Continuous
 62
    19
100
AcDbLine
 10
571.386232
 20
62.1442378147
 30
0.0
 11
570.28975
 21
62.2016518147
 31
0.0
  0
LINE
  5
12F
330
1B
100
AcDbEntity
 67
     1
  8
20
  6
Continuous
 62
    19
100
AcDbLine
 10
570.28975
 20
62.2016518147
 30
0.0
 11
568.762802
 21
62.0988578147
 31
0.0
  0
LINE
  5
130
330
1B
100
AcDbEntity
 67
     1
  8
20
  6
Continuous
 62
    19
100
AcDbLine
 10
568.762802
 20
62.0988578147
 30
0.0
 11
567.464844
 21
61.8213318147
 31
0.0
  0
LINE
  5
131
330
1B
100
AcDbEntity
 67
     1
  8
20
  6
Continuous
 62
    19
100
AcDbLine
 10
567.464844
 20
61.8213318147
 30
0.0
 11
566.51407
 21
61.4762678147
 31
0.0
  0
LINE
  5
132
330
1B
100
AcDbEntity
 67
     1
  8
20
  6
Continuous
 62
    19
100
AcDbLine
 10
566.51407
 20
61.4762678147
 30
0.0
 11
565.710176
 21
61.0651358147
 31
0.0
  0
LINE
  5
133
330
1B
100
AcDbEntity
 67
     1
  8
20
  6
Continuous
 62
    19
100
AcDbLine
 10
565.710176
 20
61.0651358147
 30
0.0
 11
564.858476
 21
60.4747538147
 31
0.0
  0
LINE
  5
134
330
1B
100
AcDbEntity
 67
     1
  8
20
  6
Continuous
 62
    19
100
AcDbLine
 10
564.858476
 20
60.4747538147
 30
0.0
 11
564.215546
 21
59.8897278147
 31
0.0
  0
LINE
  5
135
330
1B
100
AcDbEntity
 67
     1
  8
20
  6
Continuous
 62
    19
100
AcDbLine
 10
564.215546
 20
59.8897278147
 30
0.0
 11
563.377382
 21
58.9076998147
 31
0.0
  0
LINE
  5
136
330
1B
100
AcDbEntity
 67
     1
  8
20
  6
Continuous
 62
    19
100
AcDbLine
 10
563.377382
 20
58.9076998147
 30
0.0
 11
562.795334
 21
57.9228598147
 31
0.0
  0
LINE
  5
137
330
1B
100
AcDbEntity
 67
     1
  8
20
  6
Continuous
 62
    19
100
AcDbLine
 10
562.795334
 20
57.9228598147
 30
0.0
 11
562.340378
 21
56.6689458147
 31
0.0
  0
LINE
  5
138
330
1B
100
AcDbEntity
 67
     1
  8
20
  6
Continuous
 62
    19
100
AcDbLine
 10
562.340378
 20
56.6689458147
 30
0.0
 11
562.193512
 21
55.9096178147
 31
0.0
  0
LINE
  5
139
330
1B
100
AcDbEntity
 67
     1
  8
20
  6
Continuous
 62
    19
100
AcDbLine
 10
562.193512
 20
55.9096178147
 30
0.0
 11
562.133882
 21
54.6910898147
 31
0.0
  0
LINE
  5
13A
330
1B
100
AcDbEntity
 67
     1
  8
20
  6
Continuous
 62
    19
100
AcDbLine
 10
562.133882
 20
54.6910898147
 30
0.0
 11
562.21544
 21
53.8244438147
 31
0.0
  0
LINE
  5
13B
330
1B
100
AcDbEntity
 67
     1
  8
20
  6
Continuous
 62
    19
100
AcDbLine
 10
562.21544
 20
53.8244438147
 30
0.0
 11
562.327362
 21
53.2649338147
 31
0.0
  0
LINE
  5
13C
330
1B
100
AcDbEntity
 67
     1
  8
20
  6
Continuous
 62
    19
100
AcDbLine
 10
562.327362
 20
53.2649338147
 30
0.0
 11
562.635576
 21
52.3143878147
 31
0.0
  0
LINE
  5
13D
330
1B
100
AcDbEntity
 67
     1
  8
20
  6
Continuous
 62
    19
100
AcDbLine
 10
562.635576
 20
52.3143878147
 30
0.0
 11
563.009842
 21
51.5433158147
 31
0.0
  0
LINE
  5
13E
330
1B
100
AcDbEntity
 67
     1
  8
20
  6
Continuous
 62
    19
100
AcDbLine
 10
563.009842
 20
51.5433158147
 30
0.0
 11
563.53566
 21
50.7485198147
 31
0.0
  0
LINE
  5
13F
330
1B
100
AcDbEntity
 67
     1
  8
20
  6
Continuous
 62
    19
100
AcDbLine
 10
563.53566
 20
50.7485198147
 30
0.0
 11
564.501176
 21
49.7394378147
 31
0.0
  0
LINE
  5
140
330
1B
100
AcDbEntity
 67
     1
  8
20
  6
Continuous
 62
    19
100
AcDbLine
 10
564.501176
 20
49.7394378147
 30
0.0
 11
566.01851
 21
48.6265858147
 31
0.0
  0
LINE
  5
141
330
1B
100
AcDbEntity
 67
     1
  8
20
  6
Continuous
 62
    19
100
AcDbLine
 10
566.01851
 20
48.6265858147
 30
0.0
 11
567.805954
 21
47.5547938147
 31
0.0
  0
LINE
  5
142
330
1B
100
AcDbEntity
 67
     1
  8
20
  6
Continuous
 62
    19
100
AcDbLine
 10
567.805954
 20
47.5547938147
 30
0.0
 11
569.16266
 21
46.7620118147
 31
0.0
  0
LINE
  5
143
330
1B
100
AcDbEntity
 67
     1
  8
20
  6
Continuous
 62
    19
100
AcDbLine
 10
569.16266
 20
46.7620118147
 30
0.0
 11
569.615098
 21
46.4142118147
 31
0.0
  0
LINE
  5
144
330
1B
100
AcDbEntity
 67
     1
  8
20
  6
Continuous
 62
    19
100
AcDbLine
 10
569.615098
 20
46.4142118147
 30
0.0
 11
570.096086
 21
45.8210858147
 31
0.0
  0
LINE
  5
145
330
1B
100
AcDbEntity
 67
     1
  8
20
  6
Continuous
 62
    19
100
AcDbLine
 10
570.096086
 20
45.8210858147
 30
0.0
 11
570.310838
 21
45.2267838147
 31
0.0
  0
LINE
  5
146
330
1B
100
AcDbEntity
 67
     1
  8
20
  6
Continuous
 62
    19
100
AcDbLine
 10
570.310838
 20
45.2267838147
 30
0.0
 11
570.366196
 21
44.7337798147
 31
0.0
  0
LINE
  5
147
330
1B
100
AcDbEntity
 67
     1
  8
20
  6
Continuous
 62
    19
100
AcDbLine
 10
570.366196
 20
44.7337798147
 30
0.0
 11
570.2892
 21
43.9430418147
 31
0.0
  0
LINE
  5
148
330
1B
100
AcDbEntity
 67
     1
  8
20
  6
Continuous
 62
    19
100
AcDbLine
 10
570.2892
 20
43.9430418147
 30
0.0
 11
570.012818
 21
43.2370218147
 31
0.0
  0
LINE
  5
149
330
1B
100
AcDbEntity
 67
     1
  8
20
  6
Continuous
 62
    19
100
AcDbLine
 10
570.012818
 20
43.2370218147
 30
0.0
 11
569.554368
 21
42.6679918147
 31
0.0
  0
LINE
  5
14A
330
1B
100
AcDbEntity
 67
     1
  8
20
  6
Continuous
 62
    19
100
AcDbLine
 10
569.554368
 20
42.6679918147
 30
0.0
 11
568.931244
 21
42.2882338147
 31
0.0
  0
LINE
  5
14B
330
1B
100
AcDbEntity
 67
     1
  8
20
  6
Continuous
 62
    19
100
AcDbLine
 10
568.931244
 20
42.2882338147
 30
0.0
 11
568.160768
 21
42.1500318147
 31
0.0
  0
LINE
  5
14C
330
1B
100
AcDbEntity
 67
     1
  8
20
  6
Continuous
 62
    19
100
AcDbLine
 10
568.160768
 20
42.1500318147
 30
0.0
 11
567.52211
 21
42.2269058147
 31
0.0
  0
LINE
  5
14D
330
1B
100
AcDbEntity
 67
     1
  8
20
  6
Continuous
 62
    19
100
AcDbLine
 10
567.52211
 20
42.2269058147
 30
0.0
 11
567.194412
 21
42.3379398147
 31
0.0
  0
LINE
  5
14E
330
1B
100
AcDbEntity
 67
     1
  8
20
  6
Continuous
 62
    19
100
AcDbLine
 10
567.194412
 20
42.3379398147
 30
0.0
 11
566.748384
 21
42.5927998147
 31
0.0
  0
LINE
  5
14F
330
1B
100
AcDbEntity
 67
     1
  8
20
  6
Continuous
 62
    19
100
AcDbLine
 10
566.748384
 20
42.5927998147
 30
0.0
 11
566.363084
 21
43.0080258147
 31
0.0
  0
LINE
  5
150
330
1B
100
AcDbEntity
 67
     1
  8
20
  6
Continuous
 62
    19
100
AcDbLine
 10
566.363084
 20
43.0080258147
 30
0.0
 11
566.114122
 21
43.4922558147
 31
0.0
  0
LINE
  5
151
330
1B
100
AcDbEntity
 67
     1
  8
20
  6
Continuous
 62
    19
100
AcDbLine
 10
566.114122
 20
43.4922558147
 30
0.0
 11
565.947542
 21
44.2077098147
 31
0.0
  0
LINE
  5
152
330
1B
100
AcDbEntity
 67
     1
  8
20
  6
Continuous
 62
    19
100
AcDbLine
 10
565.947542
 20
44.2077098147
 30
0.0
 11
565.912842
 21
44.7059778147
 31
0.0
  0
LINE
  5
153
330
1B
100
AcDbEntity
 67
     1
  8
20
  6
Continuous
 62
    19
100
AcDbLine
 10
565.912842
 20
44.7059778147
 30
0.0
 11
565.941316
 21
45.6850158147
 31
0.0
  0
LINE
  5
154
330
1B
100
AcDbEntity
 67
     1
  8
20
  6
Continuous
 62
    19
100
AcDbLine
 10
565.941316
 20
45.6850158147
 30
0.0
 11
565.900468
 21
45.6850158147
 31
0.0
  0
LINE
  5
155
330
1B
100
AcDbEntity
 67
     1
  8
20
  6
Continuous
 62
    19
100
AcDbLine
 10
565.900468
 20
45.6850158147
 30
0.0
 11
563.555238
 21
45.6850158147
 31
0.0
  0
LINE
  5
156
330
1B
100
AcDbEntity
 67
     1
  8
20
  6
Continuous
 62
    19
100
AcDbLine
 10
563.555238
 20
45.6850158147
 30
0.0
 11
561.632248
 21
45.6850158147
 31
0.0
  0
LINE
  5
157
330
1B
100
AcDbEntity
 67
     1
  8
20
  6
Continuous
 62
    19
100
AcDbLine
 10
561.632248
 20
45.6850158147
 30
0.0
 11
560.899446
 21
45.6850158147
 31
0.0
  0
LINE
  5
158
330
1B
100
AcDbEntity
 67
     1
  8
20
  6
Continuous
 62
    19
100
AcDbLine
 10
560.899446
 20
45.6850158147
 30
0.0
 11
560.575746
 21
45.6850158147
 31
0.0
  0
LINE
  5
159
330
1B
100
AcDbEntity
 67
     1
  8
20
  6
Continuous
 62
    19
100
AcDbLine
 10
560.575746
 20
45.6850158147
 30
0.0
 11
560.476472
 21
45.6850158147
 31
0.0
  0
LINE
  5
15A
330
1B
100
AcDbEntity
 67
     1
  8
20
  6
Continuous
 62
    19
100
AcDbLine
 10
560.476472
 20
45.6850158147
 30
0.0
 11
560.418076
 21
45.6850158147
 31
0.0
  0
LINE
  5
15B
330
1B
100
AcDbEntity
 67
     1
  8
20
  6
Continuous
 62
    19
100
AcDbLine
 10
560.418076
 20
45.6850158147
 30
0.0
 11
560.298996
 21
44.4572058147
 31
0.0
  0
LINE
  5
15C
330
1B
100
AcDbEntity
 67
     1
  8
20
  6
Continuous
 62
    19
100
AcDbLine
 10
560.298996
 20
44.4572058147
 30
0.0
 11
560.291184
 21
43.6128458147
 31
0.0
  0
LINE
  5
15D
330
1B
100
AcDbEntity
 67
     1
  8
20
  6
Continuous
 62
    19
100
AcDbLine
 10
560.291184
 20
43.6128458147
 30
0.0
 11
560.363648
 21
42.7968978147
 31
0.0
  0
LINE
  5
15E
330
1B
100
AcDbEntity
 67
     1
  8
20
  6
Continuous
 62
    19
100
AcDbLine
 10
560.363648
 20
42.7968978147
 30
0.0
 11
560.506516
 21
42.1066138147
 31
0.0
  0
LINE
  5
15F
330
1B
100
AcDbEntity
 67
     1
  8
20
  6
Continuous
 62
    19
100
AcDbLine
 10
560.506516
 20
42.1066138147
 30
0.0
 11
560.773972
 21
41.3539458147
 31
0.0
  0
LINE
  5
160
330
1B
100
AcDbEntity
 67
     1
  8
20
  6
Continuous
 62
    19
100
AcDbLine
 10
560.773972
 20
41.3539458147
 30
0.0
 11
560.981172
 21
40.9416178147
 31
0.0
  0
LINE
  5
161
330
1B
100
AcDbEntity
 67
     1
  8
20
  6
Continuous
 62
    19
100
AcDbLine
 10
560.981172
 20
40.9416178147
 30
0.0
 11
561.405426
 21
40.2808738147
 31
0.0
  0
LINE
  5
162
330
1B
100
AcDbEntity
 67
     1
  8
20
  6
Continuous
 62
    19
100
AcDbLine
 10
561.405426
 20
40.2808738147
 30
0.0
 11
561.815308
 21
39.7669198147
 31
0.0
  0
LINE
  5
163
330
1B
100
AcDbEntity
 67
     1
  8
20
  6
Continuous
 62
    19
100
AcDbLine
 10
561.815308
 20
39.7669198147
 30
0.0
 11
562.31862
 21
39.2567718147
 31
0.0
  0
LINE
  5
164
330
1B
100
AcDbEntity
 67
     1
  8
20
  6
Continuous
 62
    19
100
AcDbLine
 10
562.31862
 20
39.2567718147
 30
0.0
 11
562.927156
 21
38.7703778147
 31
0.0
  0
LINE
  5
165
330
1B
100
AcDbEntity
 67
     1
  8
20
  6
Continuous
 62
    19
100
AcDbLine
 10
562.927156
 20
38.7703778147
 30
0.0
 11
563.65268
 21
38.3276878147
 31
0.0
  0
LINE
  5
166
330
1B
100
AcDbEntity
 67
     1
  8
20
  6
Continuous
 62
    19
100
AcDbLine
 10
563.65268
 20
38.3276878147
 30
0.0
 11
564.82245
 21
37.8398938147
 31
0.0
  0
LINE
  5
167
330
1B
100
AcDbEntity
 67
     1
  8
20
  6
Continuous
 62
    19
100
AcDbLine
 10
564.82245
 20
37.8398938147
 30
0.0
 11
566.249146
 21
37.5125398147
 31
0.0
  0
LINE
  5
168
330
1B
100
AcDbEntity
 67
     1
  8
20
  6
Continuous
 62
    19
100
AcDbLine
 10
566.249146
 20
37.5125398147
 30
0.0
 11
567.96071
 21
37.3929158147
 31
0.0
  0
LINE
  5
169
330
1B
100
AcDbEntity
 67
     1
  8
20
  6
Continuous
 62
    19
100
AcDbLine
 10
567.96071
 20
37.3929158147
 30
0.0
 11
569.235338
 21
37.4434258147
 31
0.0
  0
LINE
  5
16A
330
1B
100
AcDbEntity
 67
     1
  8
20
  6
Continuous
 62
    19
100
AcDbLine
 10
569.235338
 20
37.4434258147
 30
0.0
 11
570.182344
 21
37.5694958147
 31
0.0
  0
LINE
  5
16B
330
1B
100
AcDbEntity
 67
     1
  8
20
  6
Continuous
 62
    19
100
AcDbLine
 10
570.182344
 20
37.5694958147
 30
0.0
 11
570.876694
 21
37.7329318147
 31
0.0
  0
LINE
  5
16C
330
1B
100
AcDbEntity
 67
     1
  8
20
  6
Continuous
 62
    19
100
AcDbLine
 10
570.876694
 20
37.7329318147
 30
0.0
 11
571.935808
 21
38.1319478147
 31
0.0
  0
LINE
  5
16D
330
1B
100
AcDbEntity
 67
     1
  8
20
  6
Continuous
 62
    19
100
AcDbLine
 10
571.935808
 20
38.1319478147
 30
0.0
 11
572.620286
 21
38.4759638147
 31
0.0
  0
LINE
  5
16E
330
1B
100
AcDbEntity
 67
     1
  8
20
  6
Continuous
 62
    19
100
AcDbLine
 10
572.620286
 20
38.4759638147
 30
0.0
 11
573.727266
 21
39.2182858147
 31
0.0
  0
LINE
  5
16F
330
1B
100
AcDbEntity
 67
     1
  8
20
  6
Continuous
 62
    19
100
AcDbLine
 10
573.727266
 20
39.2182858147
 30
0.0
 11
574.3331
 21
39.7583818147
 31
0.0
  0
LINE
  5
170
330
1B
100
AcDbEntity
 67
     1
  8
20
  6
Continuous
 62
    19
100
AcDbLine
 10
574.3331
 20
39.7583818147
 30
0.0
 11
574.909012
 21
40.4040338147
 31
0.0
  0
LINE
  5
171
330
1B
100
AcDbEntity
 67
     1
  8
20
  6
Continuous
 62
    19
100
AcDbLine
 10
574.909012
 20
40.4040338147
 30
0.0
 11
575.396912
 21
41.1053038147
 31
0.0
  0
LINE
  5
172
330
1B
100
AcDbEntity
 67
     1
  8
20
  6
Continuous
 62
    19
100
AcDbLine
 10
575.396912
 20
41.1053038147
 30
0.0
 11
575.821718
 21
41.9124538147
 31
0.0
  0
LINE
  5
173
330
1B
100
AcDbEntity
 67
     1
  8
20
  6
Continuous
 62
    19
100
AcDbLine
 10
575.821718
 20
41.9124538147
 30
0.0
 11
576.196306
 21
42.9699698147
 31
0.0
  0
LINE
  5
174
330
1B
100
AcDbEntity
 67
     1
  8
20
  6
Continuous
 62
    19
100
AcDbLine
 10
576.196306
 20
42.9699698147
 30
0.0
 11
576.400392
 21
44.0501138147
 31
0.0
  0
LINE
  5
175
330
1B
100
AcDbEntity
 67
     1
  8
20
  6
Continuous
 62
    19
100
AcDbLine
 10
576.400392
 20
44.0501138147
 30
0.0
 11
576.440248
 21
45.1753038147
 31
0.0
  0
LINE
  5
176
330
1B
100
AcDbEntity
 67
     1
  8
20
  6
Continuous
 62
    19
100
AcDbLine
 10
576.440248
 20
45.1753038147
 30
0.0
 11
576.373444
 21
45.9725498147
 31
0.0
  0
LINE
  5
177
330
1B
100
AcDbEntity
 67
     1
  8
20
  6
Continuous
 62
    19
100
AcDbLine
 10
576.373444
 20
45.9725498147
 30
0.0
 11
576.23752
 21
46.7022598147
 31
0.0
  0
LINE
  5
178
330
1B
100
AcDbEntity
 67
     1
  8
20
  6
Continuous
 62
    19
100
AcDbLine
 10
576.23752
 20
46.7022598147
 30
0.0
 11
575.796494
 21
47.9700918147
 31
0.0
  0
LINE
  5
179
330
1B
100
AcDbEntity
 67
     1
  8
20
  6
Continuous
 62
    19
100
AcDbLine
 10
575.796494
 20
47.9700918147
 30
0.0
 11
575.193558
 21
49.0008538147
 31
0.0
  0
LINE
  5
17A
330
1B
100
AcDbEntity
 67
     1
  8
20
  6
Continuous
 62
    19
100
AcDbLine
 10
575.193558
 20
49.0008538147
 30
0.0
 11
574.41716
 21
49.9042358147
 31
0.0
  0
LINE
  5
17B
330
1B
100
AcDbEntity
 67
     1
  8
20
  6
Continuous
 62
    19
100
AcDbLine
 10
574.41716
 20
49.9042358147
 30
0.0
 11
573.893144
 21
50.3709058147
 31
0.0
  0
LINE
  5
17C
330
1B
100
AcDbEntity
 67
     1
  8
20
  6
Continuous
 62
    19
100
AcDbLine
 10
573.893144
 20
50.3709058147
 30
0.0
 11
572.97455
 21
51.0206558147
 31
0.0
  0
LINE
  5
17D
330
1B
100
AcDbEntity
 67
     1
  8
20
  6
Continuous
 62
    19
100
AcDbLine
 10
572.97455
 20
51.0206558147
 30
0.0
 11
571.996704
 21
51.6366658147
 31
0.0
  0
LINE
  5
17E
330
1B
100
AcDbEntity
 67
     1
  8
20
  6
Continuous
 62
    19
100
AcDbLine
 10
571.996704
 20
51.6366658147
 30
0.0
 11
570.971818
 21
52.1758418147
 31
0.0
  0
LINE
  5
17F
330
1B
100
AcDbEntity
 67
     1
  8
20
  6
Continuous
 62
    19
100
AcDbLine
 10
570.971818
 20
52.1758418147
 30
0.0
 11
569.706788
 21
52.8366698147
 31
0.0
  0
LINE
  5
180
330
1B
100
AcDbEntity
 67
     1
  8
20
  6
Continuous
 62
    19
100
AcDbLine
 10
569.706788
 20
52.8366698147
 30
0.0
 11
569.107758
 21
53.2457238147
 31
0.0
  0
LINE
  5
181
330
1B
100
AcDbEntity
 67
     1
  8
20
  6
Continuous
 62
    19
100
AcDbLine
 10
569.107758
 20
53.2457238147
 30
0.0
 11
568.70665
 21
53.6242858147
 31
0.0
  0
LINE
  5
182
330
1B
100
AcDbEntity
 67
     1
  8
20
  6
Continuous
 62
    19
100
AcDbLine
 10
568.70665
 20
53.6242858147
 30
0.0
 11
568.377
 21
54.0789378147
 31
0.0
  0
LINE
  5
183
330
1B
100
AcDbEntity
 67
     1
  8
20
  6
Continuous
 62
    19
100
AcDbLine
 10
568.377
 20
54.0789378147
 30
0.0
 11
568.059448
 21
54.8474918147
 31
0.0
  0
LINE
  5
184
330
1B
100
AcDbEntity
 67
     1
  8
20
  6
Continuous
 62
    19
100
AcDbLine
 10
568.059448
 20
54.8474918147
 30
0.0
 11
568.0029
 21
55.2693058147
 31
0.0
  0
LINE
  5
185
330
1B
100
AcDbEntity
 67
     1
  8
20
  6
Continuous
 62
    19
100
AcDbLine
 10
568.0029
 20
55.2693058147
 30
0.0
 11
568.070588
 21
55.9235998147
 31
0.0
  0
LINE
  5
186
330
1B
100
AcDbEntity
 67
     1
  8
20
  6
Continuous
 62
    19
100
AcDbLine
 10
568.070588
 20
55.9235998147
 30
0.0
 11
568.308214
 21
56.5304338147
 31
0.0
  0
LINE
  5
187
330
1B
100
AcDbEntity
 67
     1
  8
20
  6
Continuous
 62
    19
100
AcDbLine
 10
568.308214
 20
56.5304338147
 30
0.0
 11
568.698944
 21
57.0418658147
 31
0.0
  0
LINE
  5
188
330
1B
100
AcDbEntity
 67
     1
  8
20
  6
Continuous
 62
    19
100
AcDbLine
 10
568.698944
 20
57.0418658147
 30
0.0
 11
569.225952
 21
57.4099758147
 31
0.0
  0
LINE
  5
189
330
1B
100
AcDbEntity
 67
     1
  8
20
  6
Continuous
 62
    19
100
AcDbLine
 10
569.225952
 20
57.4099758147
 30
0.0
 11
569.727692
 21
57.5587318147
 31
0.0
  0
LINE
  5
18A
330
1B
100
AcDbEntity
 67
     1
  8
20
  6
Continuous
 62
    19
100
AcDbLine
 10
569.727692
 20
57.5587318147
 30
0.0
 11
570.084412
 21
57.5799818147
 31
0.0
  0
LINE
  5
18B
330
1B
100
AcDbEntity
 67
     1
  8
20
  6
Continuous
 62
    19
100
AcDbLine
 10
570.084412
 20
57.5799818147
 30
0.0
 11
570.498658
 21
57.5323518147
 31
0.0
  0
LINE
  5
18C
330
1B
100
AcDbEntity
 67
     1
  8
20
  6
Continuous
 62
    19
100
AcDbLine
 10
570.498658
 20
57.5323518147
 30
0.0
 11
570.975938
 21
57.3589438147
 31
0.0
  0
LINE
  5
18D
330
1B
100
AcDbEntity
 67
     1
  8
20
  6
Continuous
 62
    19
100
AcDbLine
 10
570.975938
 20
57.3589438147
 30
0.0
 11
571.297258
 21
57.1442798147
 31
0.0
  0
LINE
  5
18E
330
1B
100
AcDbEntity
 67
     1
  8
20
  6
Continuous
 62
    19
100
AcDbLine
 10
571.297258
 20
57.1442798147
 30
0.0
 11
571.584656
 21
56.8346778147
 31
0.0
  0
LINE
  5
18F
330
1B
100
AcDbEntity
 67
     1
  8
20
  6
Continuous
 62
    19
100
AcDbLine
 10
571.584656
 20
56.8346778147
 30
0.0
 11
571.85376
 21
56.3015638147
 31
0.0
  0
LINE
  5
190
330
1B
100
AcDbEntity
 67
     1
  8
20
  6
Continuous
 62
    19
100
AcDbLine
 10
571.85376
 20
56.3015638147
 30
0.0
 11
571.984392
 21
55.5750698147
 31
0.0
  0
LINE
  5
191
330
1B
100
AcDbEntity
 67
     1
  8
20
  6
Continuous
 62
    19
100
AcDbLine
 10
571.984392
 20
55.5750698147
 30
0.0
 11
571.978776
 21
55.1760218147
 31
0.0
  0
LINE
  5
192
330
1B
100
AcDbEntity
 67
     1
  8
20
  6
Continuous
 62
    19
100
AcDbLine
 10
571.978776
 20
55.1760218147
 30
0.0
 11
571.893616
 21
54.3846998147
 31
0.0
  0
LINE
  5
193
330
1B
100
AcDbEntity
 67
     1
  8
20
  6
Continuous
 62
    19
100
AcDbLine
 10
571.893616
 20
54.3846998147
 30
0.0
 11
571.922226
 21
54.3846998147
 31
0.0
  0
LINE
  5
194
330
1B
100
AcDbEntity
 67
     1
  8
20
  6
Continuous
 62
    19
100
AcDbLine
 10
571.922226
 20
54.3846998147
 30
0.0
 11
573.391342
 21
54.3846998147
 31
0.0
  0
LINE
  5
195
330
1B
100
AcDbEntity
 67
     1
  8
20
  6
Continuous
 62
    19
100
AcDbLine
 10
573.391342
 20
54.3846998147
 30
0.0
 11
574.010042
 21
54.3846998147
 31
0.0
  0
LINE
  5
196
330
1B
100
AcDbEntity
 67
     1
  8
20
  6
Continuous
 62
    19
100
AcDbLine
 10
574.010042
 20
54.3846998147
 30
0.0
 11
574.226594
 21
54.3846998147
 31
0.0
  0
LINE
  5
197
330
1B
100
AcDbEntity
 67
     1
  8
20
  6
Continuous
 62
    19
100
AcDbLine
 10
574.226594
 20
54.3846998147
 30
0.0
 11
574.36342
 21
54.3846998147
 31
0.0
  0
LINE
  5
198
330
1B
100
AcDbEntity
 67
     1
  8
20
  6
Continuous
 62
    19
100
AcDbLine
 10
574.36342
 20
54.3846998147
 30
0.0
 11
574.36342
 21
54.3912398147
 31
0.0
  0
LINE
  5
199
330
1B
100
AcDbEntity
 67
     1
  8
20
  6
Continuous
 62
    19
100
AcDbLine
 10
574.36342
 20
54.3912398147
 30
0.0
 11
574.423584
 21
54.3912618147
 31
0.0
  0
LINE
  5
19A
330
1B
100
AcDbEntity
 67
     1
  8
20
  6
Continuous
 62
    19
100
AcDbLine
 10
574.423584
 20
54.3912618147
 30
0.0
 11
577.737808
 21
54.3924858147
 31
0.0
  0
LINE
  5
19B
330
1B
100
AcDbEntity
 67
     1
  8
20
  6
Continuous
 62
    19
100
AcDbLine
 10
577.737808
 20
54.3924858147
 30
0.0
 11
579.83928
 21
54.3932598147
 31
0.0
  0
LINE
  5
19C
330
1B
100
AcDbEntity
 67
     1
  8
20
  6
Continuous
 62
    19
100
AcDbLine
 10
579.83928
 20
54.3932598147
 30
0.0
 11
580.61229
 21
54.3935478147
 31
0.0
  0
LINE
  5
19D
330
1B
100
AcDbEntity
 67
     1
  8
20
  6
Continuous
 62
    19
100
AcDbLine
 10
580.61229
 20
54.3935478147
 30
0.0
 11
580.949342
 21
54.3936718147
 31
0.0
  0
LINE
  5
19E
330
1B
100
AcDbEntity
 67
     1
  8
20
  6
Continuous
 62
    19
100
AcDbLine
 10
580.949342
 20
54.3936718147
 30
0.0
 11
581.052034
 21
54.3937118147
 31
0.0
  0
LINE
  5
19F
330
1B
100
AcDbEntity
 67
     1
  8
20
  6
Continuous
 62
    19
100
AcDbLine
 10
581.052034
 20
54.3937118147
 30
0.0
 11
581.112214
 21
54.3937298147
 31
0.0
  0
LINE
  5
1A0
330
1B
100
AcDbEntity
 67
     1
  8
20
  6
Continuous
 62
    19
100
AcDbLine
 10
581.112214
 20
54.3937298147
 30
0.0
 11
581.070832
 21
54.3849298147
 31
0.0
  0
LINE
  5
1A1
330
1B
100
AcDbEntity
 67
     1
  8
20
  6
Continuous
 62
    19
100
AcDbLine
 10
581.070832
 20
54.3849298147
 30
0.0
 11
578.792192
 21
53.9000538147
 31
0.0
  0
LINE
  5
1A2
330
1B
100
AcDbEntity
 67
     1
  8
20
  6
Continuous
 62
    19
100
AcDbLine
 10
578.792192
 20
53.9000538147
 30
0.0
 11
577.347352
 21
53.5926058147
 31
0.0
  0
LINE
  5
1A3
330
1B
100
AcDbEntity
 67
     1
  8
20
  6
Continuous
 62
    19
100
AcDbLine
 10
577.347352
 20
53.5926058147
 30
0.0
 11
576.815872
 21
53.4795158147
 31
0.0
  0
LINE
  5
1A4
330
1B
100
AcDbEntity
 67
     1
  8
20
  6
Continuous
 62
    19
100
AcDbLine
 10
576.815872
 20
53.4795158147
 30
0.0
 11
576.584138
 21
53.4302058147
 31
0.0
  0
LINE
  5
1A5
330
1B
100
AcDbEntity
 67
     1
  8
20
  6
Continuous
 62
    19
100
AcDbLine
 10
576.584138
 20
53.4302058147
 30
0.0
 11
576.472168
 21
53.4063758147
 31
0.0
  0
LINE
  5
1A6
330
1B
100
AcDbEntity
 67
     1
  8
20
  6
Continuous
 62
    19
100
AcDbLine
 10
576.472168
 20
53.4063758147
 30
0.0
 11
576.488632
 21
53.2669178147
 31
0.0
  0
LINE
  5
1A7
330
1B
100
AcDbEntity
 67
     1
  8
20
  6
Continuous
 62
    19
100
AcDbLine
 10
576.488632
 20
53.2669178147
 30
0.0
 11
577.39554
 21
45.5861538147
 31
0.0
  0
LINE
  5
1A8
330
1B
100
AcDbEntity
 67
     1
  8
20
  6
Continuous
 62
    19
100
AcDbLine
 10
577.39554
 20
45.5861538147
 30
0.0
 11
577.970582
 21
40.7159538147
 31
0.0
  0
LINE
  5
1A9
330
1B
100
AcDbEntity
 67
     1
  8
20
  6
Continuous
 62
    19
100
AcDbLine
 10
577.970582
 20
40.7159538147
 30
0.0
 11
578.182114
 21
38.9244918147
 31
0.0
  0
LINE
  5
1AA
330
1B
100
AcDbEntity
 67
     1
  8
20
  6
Continuous
 62
    19
100
AcDbLine
 10
578.182114
 20
38.9244918147
 30
0.0
 11
578.274338
 21
38.1433838147
 31
0.0
  0
LINE
  5
1AB
330
1B
100
AcDbEntity
 67
     1
  8
20
  6
Continuous
 62
    19
100
AcDbLine
 10
578.274338
 20
38.1433838147
 30
0.0
 11
578.302446
 21
37.9053938147
 31
0.0
  0
LINE
  5
1AC
330
1B
100
AcDbEntity
 67
     1
  8
20
  6
Continuous
 62
    19
100
AcDbLine
 10
578.302446
 20
37.9053938147
 30
0.0
 11
578.31891
 21
37.7659358147
 31
0.0
  0
LINE
  5
1AD
330
1B
100
AcDbEntity
 67
     1
  8
20
  6
Continuous
 62
    19
100
AcDbLine
 10
578.31891
 20
37.7659358147
 30
0.0
 11
578.358522
 21
37.7659358147
 31
0.0
  0
LINE
  5
1AE
330
1B
100
AcDbEntity
 67
     1
  8
20
  6
Continuous
 62
    19
100
AcDbLine
 10
578.358522
 20
37.7659358147
 30
0.0
 11
580.633622
 21
37.7659358147
 31
0.0
  0
LINE
  5
1AF
330
1B
100
AcDbEntity
 67
     1
  8
20
  6
Continuous
 62
    19
100
AcDbLine
 10
580.633622
 20
37.7659358147
 30
0.0
 11
582.4991
 21
37.7659358147
 31
0.0
  0
LINE
  5
1B0
330
1B
100
AcDbEntity
 67
     1
  8
20
  6
Continuous
 62
    19
100
AcDbLine
 10
582.4991
 20
37.7659358147
 30
0.0
 11
583.209992
 21
37.7659358147
 31
0.0
  0
LINE
  5
1B1
330
1B
100
AcDbEntity
 67
     1
  8
20
  6
Continuous
 62
    19
100
AcDbLine
 10
583.209992
 20
37.7659358147
 30
0.0
 11
583.524002
 21
37.7659358147
 31
0.0
  0
LINE
  5
1B2
330
1B
100
AcDbEntity
 67
     1
  8
20
  6
Continuous
 62
    19
100
AcDbLine
 10
583.524002
 20
37.7659358147
 30
0.0
 11
583.620302
 21
37.7659358147
 31
0.0
  0
LINE
  5
1B3
330
1B
100
AcDbEntity
 67
     1
  8
20
  6
Continuous
 62
    19
100
AcDbLine
 10
583.620302
 20
37.7659358147
 30
0.0
 11
583.676956
 21
37.7659358147
 31
0.0
  0
LINE
  5
1B4
330
1B
100
AcDbEntity
 67
     1
  8
20
  6
Continuous
 62
    19
100
AcDbLine
 10
583.676956
 20
37.7659358147
 30
0.0
 11
583.709412
 21
37.8458698147
 31
0.0
  0
LINE
  5
1B5
330
1B
100
AcDbEntity
 67
     1
  8
20
  6
Continuous
 62
    19
100
AcDbLine
 10
583.709412
 20
37.8458698147
 30
0.0
 11
585.55217
 21
42.3857798147
 31
0.0
  0
LINE
  5
1B6
330
1B
100
AcDbEntity
 67
     1
  8
20
  6
Continuous
 62
    19
100
AcDbLine
 10
585.55217
 20
42.3857798147
 30
0.0
 11
586.96283
 21
45.8611378147
 31
0.0
  0
LINE
  5
1B7
330
1B
100
AcDbEntity
 67
     1
  8
20
  6
Continuous
 62
    19
100
AcDbLine
 10
586.96283
 20
45.8611378147
 30
0.0
 11
587.495194
 21
47.1726718147
 31
0.0
  0
LINE
  5
1B8
330
1B
100
AcDbEntity
 67
     1
  8
20
  6
Continuous
 62
    19
100
AcDbLine
 10
587.495194
 20
47.1726718147
 30
0.0
 11
587.729508
 21
47.7499618147
 31
0.0
  0
LINE
  5
1B9
330
1B
100
AcDbEntity
 67
     1
  8
20
  6
Continuous
 62
    19
100
AcDbLine
 10
587.729508
 20
47.7499618147
 30
0.0
 11
587.801256
 21
47.9266998147
 31
0.0
  0
LINE
  5
1BA
330
1B
100
AcDbEntity
 67
     1
  8
20
  6
Continuous
 62
    19
100
AcDbLine
 10
587.801256
 20
47.9266998147
 30
0.0
 11
587.843416
 21
48.0305678147
 31
0.0
  0
LINE
  5
1BB
330
1B
100
AcDbEntity
 67
     1
  8
20
  6
Continuous
 62
    19
100
AcDbLine
 10
587.843416
 20
48.0305678147
 30
0.0
 11
588.829972
 21
50.4883298147
 31
0.0
  0
LINE
  5
1BC
330
1B
100
AcDbEntity
 67
     1
  8
20
  6
Continuous
 62
    19
100
AcDbLine
 10
588.829972
 20
50.4883298147
 30
0.0
 11
589.336396
 21
52.0857398147
 31
0.0
  0
LINE
  5
1BD
330
1B
100
AcDbEntity
 67
     1
  8
20
  6
Continuous
 62
    19
100
AcDbLine
 10
589.336396
 20
52.0857398147
 30
0.0
 11
589.64438
 21
53.6374138147
 31
0.0
  0
LINE
  5
1BE
330
1B
100
AcDbEntity
 67
     1
  8
20
  6
Continuous
 62
    19
100
AcDbLine
 10
589.64438
 20
53.6374138147
 30
0.0
 11
589.645172
 21
53.6145778147
 31
0.0
  0
LINE
  5
1BF
330
1B
100
AcDbEntity
 67
     1
  8
20
  6
Continuous
 62
    19
100
AcDbLine
 10
589.645172
 20
53.6145778147
 30
0.0
 11
589.685914
 21
52.4418098147
 31
0.0
  0
LINE
  5
1C0
330
1B
100
AcDbEntity
 67
     1
  8
20
  6
Continuous
 62
    19
100
AcDbLine
 10
589.685914
 20
52.4418098147
 30
0.0
 11
589.70308
 21
51.9479018147
 31
0.0
  0
LINE
  5
1C1
330
1B
100
AcDbEntity
 67
     1
  8
20
  6
Continuous
 62
    19
100
AcDbLine
 10
589.70308
 20
51.9479018147
 30
0.0
 11
589.709076
 21
51.7750318147
 31
0.0
  0
LINE
  5
1C2
330
1B
100
AcDbEntity
 67
     1
  8
20
  6
Continuous
 62
    19
100
AcDbLine
 10
589.709076
 20
51.7750318147
 30
0.0
 11
589.712876
 21
51.6658178147
 31
0.0
  0
LINE
  5
1C3
330
1B
100
AcDbEntity
 67
     1
  8
20
  6
Continuous
 62
    19
100
AcDbLine
 10
589.712876
 20
51.6658178147
 30
0.0
 11
590.006806
 21
48.0305678147
 31
0.0
  0
LINE
  5
1C4
330
1B
100
AcDbEntity
 67
     1
  8
20
  6
Continuous
 62
    19
100
AcDbLine
 10
590.006806
 20
48.0305678147
 30
0.0
 11
590.016816
 21
47.9390438147
 31
0.0
  0
LINE
  5
1C5
330
1B
100
AcDbEntity
 67
     1
  8
20
  6
Continuous
 62
    19
100
AcDbLine
 10
590.016816
 20
47.9390438147
 30
0.0
 11
590.568054
 21
42.8982538147
 31
0.0
  0
LINE
  5
1C6
330
1B
100
AcDbEntity
 67
     1
  8
20
  6
Continuous
 62
    19
100
AcDbLine
 10
590.568054
 20
42.8982538147
 30
0.0
 11
590.917588
 21
39.7019998147
 31
0.0
  0
LINE
  5
1C7
330
1B
100
AcDbEntity
 67
     1
  8
20
  6
Continuous
 62
    19
100
AcDbLine
 10
590.917588
 20
39.7019998147
 30
0.0
 11
591.046158
 21
38.5262838147
 31
0.0
  0
LINE
  5
1C8
330
1B
100
AcDbEntity
 67
     1
  8
20
  6
Continuous
 62
    19
100
AcDbLine
 10
591.046158
 20
38.5262838147
 30
0.0
 11
591.102204
 21
38.0136498147
 31
0.0
  0
LINE
  5
1C9
330
1B
100
AcDbEntity
 67
     1
  8
20
  6
Continuous
 62
    19
100
AcDbLine
 10
591.102204
 20
38.0136498147
 30
0.0
 11
591.119294
 21
37.8574618147
 31
0.0
  0
LINE
  5
1CA
330
1B
100
AcDbEntity
 67
     1
  8
20
  6
Continuous
 62
    19
100
AcDbLine
 10
591.119294
 20
37.8574618147
 30
0.0
 11
591.129304
 21
37.7659358147
 31
0.0
  0
LINE
  5
1CB
330
1B
100
AcDbEntity
 67
     1
  8
20
  6
Continuous
 62
    19
100
AcDbLine
 10
591.129304
 20
37.7659358147
 30
0.0
 11
591.1877
 21
37.7659358147
 31
0.0
  0
LINE
  5
1CC
330
1B
100
AcDbEntity
 67
     1
  8
20
  6
Continuous
 62
    19
100
AcDbLine
 10
591.1877
 20
37.7659358147
 30
0.0
 11
594.266556
 21
37.7659358147
 31
0.0
  0
LINE
  5
1CD
330
1B
100
AcDbEntity
 67
     1
  8
20
  6
Continuous
 62
    19
100
AcDbLine
 10
594.266556
 20
37.7659358147
 30
0.0
 11
595.773912
 21
37.7659358147
 31
0.0
  0
LINE
  5
1CE
330
1B
100
AcDbEntity
 67
     1
  8
20
  6
Continuous
 62
    19
100
AcDbLine
 10
595.773912
 20
37.7659358147
 30
0.0
 11
596.310716
 21
37.7659358147
 31
0.0
  0
LINE
  5
1CF
330
1B
100
AcDbEntity
 67
     1
  8
20
  6
Continuous
 62
    19
100
AcDbLine
 10
596.310716
 20
37.7659358147
 30
0.0
 11
596.54187
 21
37.7659358147
 31
0.0
  0
LINE
  5
1D0
330
1B
100
AcDbEntity
 67
     1
  8
20
  6
Continuous
 62
    19
100
AcDbLine
 10
596.54187
 20
37.7659358147
 30
0.0
 11
596.652696
 21
37.7659358147
 31
0.0
  0
LINE
  5
1D1
330
1B
100
AcDbEntity
 67
     1
  8
20
  6
Continuous
 62
    19
100
AcDbLine
 10
596.652696
 20
37.7659358147
 30
0.0
 11
596.663286
 21
37.7924698147
 31
0.0
  0
LINE
  5
1D2
330
1B
100
AcDbEntity
 67
     1
  8
20
  6
Continuous
 62
    19
100
AcDbLine
 10
596.663286
 20
37.7924698147
 30
0.0
 11
601.755356
 21
50.5446278147
 31
0.0
  0
LINE
  5
1D3
330
1B
100
AcDbEntity
 67
     1
  8
20
  6
Continuous
 62
    19
100
AcDbLine
 10
601.755356
 20
50.5446278147
 30
0.0
 11
604.563858
 21
57.5780218147
 31
0.0
  0
LINE
  5
1D4
330
1B
100
AcDbEntity
 67
     1
  8
20
  6
Continuous
 62
    19
100
AcDbLine
 10
604.563858
 20
57.5780218147
 30
0.0
 11
605.580704
 21
60.1245538147
 31
0.0
  0
LINE
  5
1D5
330
1B
100
AcDbEntity
 67
     1
  8
20
  6
Continuous
 62
    19
100
AcDbLine
 10
605.580704
 20
60.1245538147
 30
0.0
 11
606.021408
 21
61.2282178147
 31
0.0
  0
LINE
  5
1D6
330
1B
100
AcDbEntity
 67
     1
  8
20
  6
Continuous
 62
    19
100
AcDbLine
 10
606.021408
 20
61.2282178147
 30
0.0
 11
606.155274
 21
61.5634418147
 31
0.0
  0
LINE
  5
1D7
330
1B
100
AcDbEntity
 67
     1
  8
20
  6
Continuous
 62
    19
100
AcDbLine
 10
606.155274
 20
61.5634418147
 30
0.0
 11
606.213624
 21
61.7095898147
 31
0.0
  0
LINE
  5
1D8
330
1B
100
AcDbEntity
 67
     1
  8
20
  6
Continuous
 62
    19
100
AcDbLine
 10
606.213624
 20
61.7095898147
 30
0.0
 11
606.233568
 21
61.7595058147
 31
0.0
  0
LINE
  5
1D9
330
1B
100
AcDbEntity
 67
     1
  8
20
  6
Continuous
 62
    19
100
AcDbLine
 10
606.233568
 20
61.7595058147
 30
0.0
 11
606.188768
 21
61.7595058147
 31
0.0
  0
LINE
  5
1DA
330
1B
100
AcDbEntity
 67
     1
  8
20
  6
Continuous
 62
    19
100
AcDbLine
 10
606.188768
 20
61.7595058147
 30
0.0
 11
603.61673
 21
61.7595058147
 31
0.0
  0
LINE
  5
1DB
330
1B
100
AcDbEntity
 67
     1
  8
20
  6
Continuous
 62
    19
100
AcDbLine
 10
603.61673
 20
61.7595058147
 30
0.0
 11
601.507752
 21
61.7595058147
 31
0.0
  0
LINE
  5
1DC
330
1B
100
AcDbEntity
 67
     1
  8
20
  6
Continuous
 62
    19
100
AcDbLine
 10
601.507752
 20
61.7595058147
 30
0.0
 11
600.704088
 21
61.7595058147
 31
0.0
  0
LINE
  5
1DD
330
1B
100
AcDbEntity
 67
     1
  8
20
  6
Continuous
 62
    19
100
AcDbLine
 10
600.704088
 20
61.7595058147
 30
0.0
 11
600.349092
 21
61.7595058147
 31
0.0
  0
LINE
  5
1DE
330
1B
100
AcDbEntity
 67
     1
  8
20
  6
Continuous
 62
    19
100
AcDbLine
 10
600.349092
 20
61.7595058147
 30
0.0
 11
600.24022
 21
61.7595058147
 31
0.0
  0
LINE
  5
1DF
330
1B
100
AcDbEntity
 67
     1
  8
20
  6
Continuous
 62
    19
100
AcDbLine
 10
600.24022
 20
61.7595058147
 30
0.0
 11
600.176164
 21
61.7595058147
 31
0.0
  0
LINE
  5
1E0
330
1B
100
AcDbEntity
 67
     1
  8
20
  6
Continuous
 62
    19
100
AcDbLine
 10
609.443788
 20
61.1143498147
 30
0.0
 11
608.434326
 21
61.1143498147
 31
0.0
  0
LINE
  5
1E1
330
1B
100
AcDbEntity
 67
     1
  8
20
  6
Continuous
 62
    19
100
AcDbLine
 10
608.434326
 20
61.1143498147
 30
0.0
 11
608.434326
 21
61.7741398147
 31
0.0
  0
LINE
  5
1E2
330
1B
100
AcDbEntity
 67
     1
  8
20
  6
Continuous
 62
    19
100
AcDbLine
 10
608.434326
 20
61.7741398147
 30
0.0
 11
611.274644
 21
61.7741398147
 31
0.0
  0
LINE
  5
1E3
330
1B
100
AcDbEntity
 67
     1
  8
20
  6
Continuous
 62
    19
100
AcDbLine
 10
611.274644
 20
61.7741398147
 30
0.0
 11
611.274644
 21
61.1143498147
 31
0.0
  0
LINE
  5
1E4
330
1B
100
AcDbEntity
 67
     1
  8
20
  6
Continuous
 62
    19
100
AcDbLine
 10
611.274644
 20
61.1143498147
 30
0.0
 11
610.272034
 21
61.1143498147
 31
0.0
  0
LINE
  5
1E5
330
1B
100
AcDbEntity
 67
     1
  8
20
  6
Continuous
 62
    19
100
AcDbLine
 10
610.272034
 20
61.1143498147
 30
0.0
 11
610.272034
 21
57.2577178147
 31
0.0
  0
LINE
  5
1E6
330
1B
100
AcDbEntity
 67
     1
  8
20
  6
Continuous
 62
    19
100
AcDbLine
 10
610.272034
 20
57.2577178147
 30
0.0
 11
609.443788
 21
57.2577178147
 31
0.0
  0
LINE
  5
1E7
330
1B
100
AcDbEntity
 67
     1
  8
20
  6
Continuous
 62
    19
100
AcDbLine
 10
609.443788
 20
57.2577178147
 30
0.0
 11
609.443788
 21
61.1143498147
 31
0.0
  0
LINE
  5
1E8
330
1B
100
AcDbEntity
 67
     1
  8
20
  6
Continuous
 62
    19
100
AcDbLine
 10
613.534578
 20
57.4196278147
 30
0.0
 11
612.97168
 21
57.2455598147
 31
0.0
  0
LINE
  5
1E9
330
1B
100
AcDbEntity
 67
     1
  8
20
  6
Continuous
 62
    19
100
AcDbLine
 10
612.97168
 20
57.2455598147
 30
0.0
 11
612.537874
 21
57.2060278147
 31
0.0
  0
LINE
  5
1EA
330
1B
100
AcDbEntity
 67
     1
  8
20
  6
Continuous
 62
    19
100
AcDbLine
 10
612.537874
 20
57.2060278147
 30
0.0
 11
611.910462
 21
57.3130718147
 31
0.0
  0
LINE
  5
1EB
330
1B
100
AcDbEntity
 67
     1
  8
20
  6
Continuous
 62
    19
100
AcDbLine
 10
611.910462
 20
57.3130718147
 30
0.0
 11
611.453858
 21
57.6060798147
 31
0.0
  0
LINE
  5
1EC
330
1B
100
AcDbEntity
 67
     1
  8
20
  6
Continuous
 62
    19
100
AcDbLine
 10
611.453858
 20
57.6060798147
 30
0.0
 11
611.158692
 21
58.0428538147
 31
0.0
  0
LINE
  5
1ED
330
1B
100
AcDbEntity
 67
     1
  8
20
  6
Continuous
 62
    19
100
AcDbLine
 10
611.158692
 20
58.0428538147
 30
0.0
 11
611.037628
 21
58.4393998147
 31
0.0
  0
LINE
  5
1EE
330
1B
100
AcDbEntity
 67
     1
  8
20
  6
Continuous
 62
    19
100
AcDbLine
 10
611.037628
 20
58.4393998147
 30
0.0
 11
610.998154
 21
58.8752818147
 31
0.0
  0
LINE
  5
1EF
330
1B
100
AcDbEntity
 67
     1
  8
20
  6
Continuous
 62
    19
100
AcDbLine
 10
610.998154
 20
58.8752818147
 30
0.0
 11
611.093232
 21
59.5718158147
 31
0.0
  0
LINE
  5
1F0
330
1B
100
AcDbEntity
 67
     1
  8
20
  6
Continuous
 62
    19
100
AcDbLine
 10
611.093232
 20
59.5718158147
 30
0.0
 11
611.365998
 21
60.1324038147
 31
0.0
  0
LINE
  5
1F1
330
1B
100
AcDbEntity
 67
     1
  8
20
  6
Continuous
 62
    19
100
AcDbLine
 10
611.365998
 20
60.1324038147
 30
0.0
 11
611.79773
 21
60.5061118147
 31
0.0
  0
LINE
  5
1F2
330
1B
100
AcDbEntity
 67
     1
  8
20
  6
Continuous
 62
    19
100
AcDbLine
 10
611.79773
 20
60.5061118147
 30
0.0
 11
612.369736
 21
60.6419978147
 31
0.0
  0
LINE
  5
1F3
330
1B
100
AcDbEntity
 67
     1
  8
20
  6
Continuous
 62
    19
100
AcDbLine
 10
612.369736
 20
60.6419978147
 30
0.0
 11
612.717896
 21
60.6045498147
 31
0.0
  0
LINE
  5
1F4
330
1B
100
AcDbEntity
 67
     1
  8
20
  6
Continuous
 62
    19
100
AcDbLine
 10
612.717896
 20
60.6045498147
 30
0.0
 11
613.034578
 21
60.4826118147
 31
0.0
  0
LINE
  5
1F5
330
1B
100
AcDbEntity
 67
     1
  8
20
  6
Continuous
 62
    19
100
AcDbLine
 10
613.034578
 20
60.4826118147
 30
0.0
 11
613.383332
 21
60.1637638147
 31
0.0
  0
LINE
  5
1F6
330
1B
100
AcDbEntity
 67
     1
  8
20
  6
Continuous
 62
    19
100
AcDbLine
 10
613.383332
 20
60.1637638147
 30
0.0
 11
613.617264
 21
59.6350898147
 31
0.0
  0
LINE
  5
1F7
330
1B
100
AcDbEntity
 67
     1
  8
20
  6
Continuous
 62
    19
100
AcDbLine
 10
613.617264
 20
59.6350898147
 30
0.0
 11
613.702714
 21
58.8625178147
 31
0.0
  0
LINE
  5
1F8
330
1B
100
AcDbEntity
 67
     1
  8
20
  6
Continuous
 62
    19
100
AcDbLine
 10
613.702714
 20
58.8625178147
 30
0.0
 11
613.702714
 21
58.7848318147
 31
0.0
  0
LINE
  5
1F9
330
1B
100
AcDbEntity
 67
     1
  8
20
  6
Continuous
 62
    19
100
AcDbLine
 10
613.702714
 20
58.7848318147
 30
0.0
 11
613.702714
 21
58.7071458147
 31
0.0
  0
LINE
  5
1FA
330
1B
100
AcDbEntity
 67
     1
  8
20
  6
Continuous
 62
    19
100
AcDbLine
 10
613.702714
 20
58.7071458147
 30
0.0
 11
613.595886
 21
58.7071458147
 31
0.0
  0
LINE
  5
1FB
330
1B
100
AcDbEntity
 67
     1
  8
20
  6
Continuous
 62
    19
100
AcDbLine
 10
613.595886
 20
58.7071458147
 30
0.0
 11
612.234024
 21
58.7071458147
 31
0.0
  0
LINE
  5
1FC
330
1B
100
AcDbEntity
 67
     1
  8
20
  6
Continuous
 62
    19
100
AcDbLine
 10
612.234024
 20
58.7071458147
 30
0.0
 11
611.957628
 21
58.7071458147
 31
0.0
  0
LINE
  5
1FD
330
1B
100
AcDbEntity
 67
     1
  8
20
  6
Continuous
 62
    19
100
AcDbLine
 10
611.957628
 20
58.7071458147
 30
0.0
 11
611.823532
 21
58.7071458147
 31
0.0
  0
LINE
  5
1FE
330
1B
100
AcDbEntity
 67
     1
  8
20
  6
Continuous
 62
    19
100
AcDbLine
 10
611.823532
 20
58.7071458147
 30
0.0
 11
611.7744
 21
58.7071458147
 31
0.0
  0
LINE
  5
1FF
330
1B
100
AcDbEntity
 67
     1
  8
20
  6
Continuous
 62
    19
100
AcDbLine
 10
611.7744
 20
58.7071458147
 30
0.0
 11
611.856096
 21
58.2175098147
 31
0.0
  0
LINE
  5
200
330
1B
100
AcDbEntity
 67
     1
  8
20
  6
Continuous
 62
    19
100
AcDbLine
 10
611.856096
 20
58.2175098147
 30
0.0
 11
612.126222
 21
57.9047998147
 31
0.0
  0
LINE
  5
201
330
1B
100
AcDbEntity
 67
     1
  8
20
  6
Continuous
 62
    19
100
AcDbLine
 10
612.126222
 20
57.9047998147
 30
0.0
 11
612.622254
 21
57.7948298147
 31
0.0
  0
LINE
  5
202
330
1B
100
AcDbEntity
 67
     1
  8
20
  6
Continuous
 62
    19
100
AcDbLine
 10
612.622254
 20
57.7948298147
 30
0.0
 11
613.232042
 21
57.9004438147
 31
0.0
  0
LINE
  5
203
330
1B
100
AcDbEntity
 67
     1
  8
20
  6
Continuous
 62
    19
100
AcDbLine
 10
613.232042
 20
57.9004438147
 30
0.0
 11
613.495652
 21
58.0535778147
 31
0.0
  0
LINE
  5
204
330
1B
100
AcDbEntity
 67
     1
  8
20
  6
Continuous
 62
    19
100
AcDbLine
 10
613.495652
 20
58.0535778147
 30
0.0
 11
613.498536
 21
58.0066138147
 31
0.0
  0
LINE
  5
205
330
1B
100
AcDbEntity
 67
     1
  8
20
  6
Continuous
 62
    19
100
AcDbLine
 10
613.498536
 20
58.0066138147
 30
0.0
 11
613.515106
 21
57.7366018147
 31
0.0
  0
LINE
  5
206
330
1B
100
AcDbEntity
 67
     1
  8
20
  6
Continuous
 62
    19
100
AcDbLine
 10
613.515106
 20
57.7366018147
 30
0.0
 11
613.527222
 21
57.5392038147
 31
0.0
  0
LINE
  5
207
330
1B
100
AcDbEntity
 67
     1
  8
20
  6
Continuous
 62
    19
100
AcDbLine
 10
613.527222
 20
57.5392038147
 30
0.0
 11
613.534578
 21
57.4196278147
 31
0.0
  0
LINE
  5
208
330
1B
100
AcDbEntity
 67
     1
  8
20
  6
Continuous
 62
    19
100
AcDbLine
 10
612.926148
 20
59.2118758147
 30
0.0
 11
612.886628
 21
59.6145518147
 31
0.0
  0
LINE
  5
209
330
1B
100
AcDbEntity
 67
     1
  8
20
  6
Continuous
 62
    19
100
AcDbLine
 10
612.886628
 20
59.6145518147
 30
0.0
 11
612.76996
 21
59.8966518147
 31
0.0
  0
LINE
  5
20A
330
1B
100
AcDbEntity
 67
     1
  8
20
  6
Continuous
 62
    19
100
AcDbLine
 10
612.76996
 20
59.8966518147
 30
0.0
 11
612.599442
 21
60.0478358147
 31
0.0
  0
LINE
  5
20B
330
1B
100
AcDbEntity
 67
     1
  8
20
  6
Continuous
 62
    19
100
AcDbLine
 10
612.599442
 20
60.0478358147
 30
0.0
 11
612.369736
 21
60.0983458147
 31
0.0
  0
LINE
  5
20C
330
1B
100
AcDbEntity
 67
     1
  8
20
  6
Continuous
 62
    19
100
AcDbLine
 10
612.369736
 20
60.0983458147
 30
0.0
 11
612.123536
 21
60.0363758147
 31
0.0
  0
LINE
  5
20D
330
1B
100
AcDbEntity
 67
     1
  8
20
  6
Continuous
 62
    19
100
AcDbLine
 10
612.123536
 20
60.0363758147
 30
0.0
 11
611.946428
 21
59.8707538147
 31
0.0
  0
LINE
  5
20E
330
1B
100
AcDbEntity
 67
     1
  8
20
  6
Continuous
 62
    19
100
AcDbLine
 10
611.946428
 20
59.8707538147
 30
0.0
 11
611.815904
 21
59.5684818147
 31
0.0
  0
LINE
  5
20F
330
1B
100
AcDbEntity
 67
     1
  8
20
  6
Continuous
 62
    19
100
AcDbLine
 10
611.815904
 20
59.5684818147
 30
0.0
 11
611.7744
 21
59.2118758147
 31
0.0
  0
LINE
  5
210
330
1B
100
AcDbEntity
 67
     1
  8
20
  6
Continuous
 62
    19
100
AcDbLine
 10
611.7744
 20
59.2118758147
 30
0.0
 11
611.830368
 21
59.2118758147
 31
0.0
  0
LINE
  5
211
330
1B
100
AcDbEntity
 67
     1
  8
20
  6
Continuous
 62
    19
100
AcDbLine
 10
611.830368
 20
59.2118758147
 30
0.0
 11
612.627548
 21
59.2118758147
 31
0.0
  0
LINE
  5
212
330
1B
100
AcDbEntity
 67
     1
  8
20
  6
Continuous
 62
    19
100
AcDbLine
 10
612.627548
 20
59.2118758147
 30
0.0
 11
612.806366
 21
59.2118758147
 31
0.0
  0
LINE
  5
213
330
1B
100
AcDbEntity
 67
     1
  8
20
  6
Continuous
 62
    19
100
AcDbLine
 10
612.806366
 20
59.2118758147
 30
0.0
 11
612.926148
 21
59.2118758147
 31
0.0
  0
LINE
  5
214
330
1B
100
AcDbEntity
 67
     1
  8
20
  6
Continuous
 62
    19
100
AcDbLine
 10
616.499436
 20
57.3417858147
 30
0.0
 11
616.155808
 21
57.2472838147
 31
0.0
  0
LINE
  5
215
330
1B
100
AcDbEntity
 67
     1
  8
20
  6
Continuous
 62
    19
100
AcDbLine
 10
616.155808
 20
57.2472838147
 30
0.0
 11
615.710114
 21
57.2060278147
 31
0.0
  0
LINE
  5
216
330
1B
100
AcDbEntity
 67
     1
  8
20
  6
Continuous
 62
    19
100
AcDbLine
 10
615.710114
 20
57.2060278147
 30
0.0
 11
615.068848
 21
57.3135718147
 31
0.0
  0
LINE
  5
217
330
1B
100
AcDbEntity
 67
     1
  8
20
  6
Continuous
 62
    19
100
AcDbLine
 10
615.068848
 20
57.3135718147
 30
0.0
 11
614.604416
 21
57.6100698147
 31
0.0
  0
LINE
  5
218
330
1B
100
AcDbEntity
 67
     1
  8
20
  6
Continuous
 62
    19
100
AcDbLine
 10
614.604416
 20
57.6100698147
 30
0.0
 11
614.305742
 21
58.0563238147
 31
0.0
  0
LINE
  5
219
330
1B
100
AcDbEntity
 67
     1
  8
20
  6
Continuous
 62
    19
100
AcDbLine
 10
614.305742
 20
58.0563238147
 30
0.0
 11
614.183824
 21
58.4657098147
 31
0.0
  0
LINE
  5
21A
330
1B
100
AcDbEntity
 67
     1
  8
20
  6
Continuous
 62
    19
100
AcDbLine
 10
614.183824
 20
58.4657098147
 30
0.0
 11
614.144226
 21
58.9207458147
 31
0.0
  0
LINE
  5
21B
330
1B
100
AcDbEntity
 67
     1
  8
20
  6
Continuous
 62
    19
100
AcDbLine
 10
614.144226
 20
58.9207458147
 30
0.0
 11
614.238542
 21
59.5909918147
 31
0.0
  0
LINE
  5
21C
330
1B
100
AcDbEntity
 67
     1
  8
20
  6
Continuous
 62
    19
100
AcDbLine
 10
614.238542
 20
59.5909918147
 30
0.0
 11
614.529984
 21
60.1380838147
 31
0.0
  0
LINE
  5
21D
330
1B
100
AcDbEntity
 67
     1
  8
20
  6
Continuous
 62
    19
100
AcDbLine
 10
614.529984
 20
60.1380838147
 30
0.0
 11
615.031296
 21
60.5068198147
 31
0.0
  0
LINE
  5
21E
330
1B
100
AcDbEntity
 67
     1
  8
20
  6
Continuous
 62
    19
100
AcDbLine
 10
615.031296
 20
60.5068198147
 30
0.0
 11
615.755266
 21
60.6419978147
 31
0.0
  0
LINE
  5
21F
330
1B
100
AcDbEntity
 67
     1
  8
20
  6
Continuous
 62
    19
100
AcDbLine
 10
615.755266
 20
60.6419978147
 30
0.0
 11
616.143662
 21
60.5957978147
 31
0.0
  0
LINE
  5
220
330
1B
100
AcDbEntity
 67
     1
  8
20
  6
Continuous
 62
    19
100
AcDbLine
 10
616.143662
 20
60.5957978147
 30
0.0
 11
616.454286
 21
60.5059318147
 31
0.0
  0
LINE
  5
221
330
1B
100
AcDbEntity
 67
     1
  8
20
  6
Continuous
 62
    19
100
AcDbLine
 10
616.454286
 20
60.5059318147
 30
0.0
 11
616.450928
 21
60.4589698147
 31
0.0
  0
LINE
  5
222
330
1B
100
AcDbEntity
 67
     1
  8
20
  6
Continuous
 62
    19
100
AcDbLine
 10
616.450928
 20
60.4589698147
 30
0.0
 11
616.431566
 21
60.1889538147
 31
0.0
  0
LINE
  5
223
330
1B
100
AcDbEntity
 67
     1
  8
20
  6
Continuous
 62
    19
100
AcDbLine
 10
616.431566
 20
60.1889538147
 30
0.0
 11
616.417404
 21
59.9915538147
 31
0.0
  0
LINE
  5
224
330
1B
100
AcDbEntity
 67
     1
  8
20
  6
Continuous
 62
    19
100
AcDbLine
 10
616.417404
 20
59.9915538147
 30
0.0
 11
616.40883
 21
59.8719778147
 31
0.0
  0
LINE
  5
225
330
1B
100
AcDbEntity
 67
     1
  8
20
  6
Continuous
 62
    19
100
AcDbLine
 10
616.40883
 20
59.8719778147
 30
0.0
 11
616.058046
 21
60.0074618147
 31
0.0
  0
LINE
  5
226
330
1B
100
AcDbEntity
 67
     1
  8
20
  6
Continuous
 62
    19
100
AcDbLine
 10
616.058046
 20
60.0074618147
 30
0.0
 11
615.845872
 21
60.0335798147
 31
0.0
  0
LINE
  5
227
330
1B
100
AcDbEntity
 67
     1
  8
20
  6
Continuous
 62
    19
100
AcDbLine
 10
615.845872
 20
60.0335798147
 30
0.0
 11
615.570024
 21
60.0000958147
 31
0.0
  0
LINE
  5
228
330
1B
100
AcDbEntity
 67
     1
  8
20
  6
Continuous
 62
    19
100
AcDbLine
 10
615.570024
 20
60.0000958147
 30
0.0
 11
615.349168
 21
59.9015498147
 31
0.0
  0
LINE
  5
229
330
1B
100
AcDbEntity
 67
     1
  8
20
  6
Continuous
 62
    19
100
AcDbLine
 10
615.349168
 20
59.9015498147
 30
0.0
 11
615.181138
 21
59.7408138147
 31
0.0
  0
LINE
  5
22A
330
1B
100
AcDbEntity
 67
     1
  8
20
  6
Continuous
 62
    19
100
AcDbLine
 10
615.181138
 20
59.7408138147
 30
0.0
 11
615.063782
 21
59.5207678147
 31
0.0
  0
LINE
  5
22B
330
1B
100
AcDbEntity
 67
     1
  8
20
  6
Continuous
 62
    19
100
AcDbLine
 10
615.063782
 20
59.5207678147
 30
0.0
 11
614.972474
 21
58.9142038147
 31
0.0
  0
LINE
  5
22C
330
1B
100
AcDbEntity
 67
     1
  8
20
  6
Continuous
 62
    19
100
AcDbLine
 10
614.972474
 20
58.9142038147
 30
0.0
 11
615.072418
 21
58.3529198147
 31
0.0
  0
LINE
  5
22D
330
1B
100
AcDbEntity
 67
     1
  8
20
  6
Continuous
 62
    19
100
AcDbLine
 10
615.072418
 20
58.3529198147
 30
0.0
 11
615.375092
 21
57.9612958147
 31
0.0
  0
LINE
  5
22E
330
1B
100
AcDbEntity
 67
     1
  8
20
  6
Continuous
 62
    19
100
AcDbLine
 10
615.375092
 20
57.9612958147
 30
0.0
 11
615.603792
 21
57.8524818147
 31
0.0
  0
LINE
  5
22F
330
1B
100
AcDbEntity
 67
     1
  8
20
  6
Continuous
 62
    19
100
AcDbLine
 10
615.603792
 20
57.8524818147
 30
0.0
 11
615.884796
 21
57.8141318147
 31
0.0
  0
LINE
  5
230
330
1B
100
AcDbEntity
 67
     1
  8
20
  6
Continuous
 62
    19
100
AcDbLine
 10
615.884796
 20
57.8141318147
 30
0.0
 11
616.200944
 21
57.8683498147
 31
0.0
  0
LINE
  5
231
330
1B
100
AcDbEntity
 67
     1
  8
20
  6
Continuous
 62
    19
100
AcDbLine
 10
616.200944
 20
57.8683498147
 30
0.0
 11
616.454286
 21
57.9760478147
 31
0.0
  0
LINE
  5
232
330
1B
100
AcDbEntity
 67
     1
  8
20
  6
Continuous
 62
    19
100
AcDbLine
 10
616.454286
 20
57.9760478147
 30
0.0
 11
616.457628
 21
57.9290618147
 31
0.0
  0
LINE
  5
233
330
1B
100
AcDbEntity
 67
     1
  8
20
  6
Continuous
 62
    19
100
AcDbLine
 10
616.457628
 20
57.9290618147
 30
0.0
 11
616.476868
 21
57.6589158147
 31
0.0
  0
LINE
  5
234
330
1B
100
AcDbEntity
 67
     1
  8
20
  6
Continuous
 62
    19
100
AcDbLine
 10
616.476868
 20
57.6589158147
 30
0.0
 11
616.490922
 21
57.4614178147
 31
0.0
  0
LINE
  5
235
330
1B
100
AcDbEntity
 67
     1
  8
20
  6
Continuous
 62
    19
100
AcDbLine
 10
616.490922
 20
57.4614178147
 30
0.0
 11
616.499436
 21
57.3417858147
 31
0.0
  0
LINE
  5
236
330
1B
100
AcDbEntity
 67
     1
  8
20
  6
Continuous
 62
    19
100
AcDbLine
 10
616.99202
 20
61.7791218147
 30
0.0
 11
617.051468
 21
61.7791218147
 31
0.0
  0
LINE
  5
237
330
1B
100
AcDbEntity
 67
     1
  8
20
  6
Continuous
 62
    19
100
AcDbLine
 10
617.051468
 20
61.7791218147
 30
0.0
 11
617.39322
 21
61.7791218147
 31
0.0
  0
LINE
  5
238
330
1B
100
AcDbEntity
 67
     1
  8
20
  6
Continuous
 62
    19
100
AcDbLine
 10
617.39322
 20
61.7791218147
 30
0.0
 11
617.643082
 21
61.7791218147
 31
0.0
  0
LINE
  5
239
330
1B
100
AcDbEntity
 67
     1
  8
20
  6
Continuous
 62
    19
100
AcDbLine
 10
617.643082
 20
61.7791218147
 30
0.0
 11
617.734986
 21
61.7791218147
 31
0.0
  0
LINE
  5
23A
330
1B
100
AcDbEntity
 67
     1
  8
20
  6
Continuous
 62
    19
100
AcDbLine
 10
617.734986
 20
61.7791218147
 30
0.0
 11
617.79442
 21
61.7791218147
 31
0.0
  0
LINE
  5
23B
330
1B
100
AcDbEntity
 67
     1
  8
20
  6
Continuous
 62
    19
100
AcDbLine
 10
617.79442
 20
61.7791218147
 30
0.0
 11
617.79442
 21
61.6594158147
 31
0.0
  0
LINE
  5
23C
330
1B
100
AcDbEntity
 67
     1
  8
20
  6
Continuous
 62
    19
100
AcDbLine
 10
617.79442
 20
61.6594158147
 30
0.0
 11
617.79442
 21
60.9711178147
 31
0.0
  0
LINE
  5
23D
330
1B
100
AcDbEntity
 67
     1
  8
20
  6
Continuous
 62
    19
100
AcDbLine
 10
617.79442
 20
60.9711178147
 30
0.0
 11
617.79442
 21
60.4679178147
 31
0.0
  0
LINE
  5
23E
330
1B
100
AcDbEntity
 67
     1
  8
20
  6
Continuous
 62
    19
100
AcDbLine
 10
617.79442
 20
60.4679178147
 30
0.0
 11
617.79442
 21
60.2828178147
 31
0.0
  0
LINE
  5
23F
330
1B
100
AcDbEntity
 67
     1
  8
20
  6
Continuous
 62
    19
100
AcDbLine
 10
617.79442
 20
60.2828178147
 30
0.0
 11
617.79442
 21
60.1631118147
 31
0.0
  0
LINE
  5
240
330
1B
100
AcDbEntity
 67
     1
  8
20
  6
Continuous
 62
    19
100
AcDbLine
 10
617.79442
 20
60.1631118147
 30
0.0
 11
617.813736
 21
60.1631118147
 31
0.0
  0
LINE
  5
241
330
1B
100
AcDbEntity
 67
     1
  8
20
  6
Continuous
 62
    19
100
AcDbLine
 10
617.813736
 20
60.1631118147
 30
0.0
 11
618.053666
 21
60.4480198147
 31
0.0
  0
LINE
  5
242
330
1B
100
AcDbEntity
 67
     1
  8
20
  6
Continuous
 62
    19
100
AcDbLine
 10
618.053666
 20
60.4480198147
 30
0.0
 11
618.237442
 21
60.5638578147
 31
0.0
  0
LINE
  5
243
330
1B
100
AcDbEntity
 67
     1
  8
20
  6
Continuous
 62
    19
100
AcDbLine
 10
618.237442
 20
60.5638578147
 30
0.0
 11
618.641984
 21
60.6419978147
 31
0.0
  0
LINE
  5
244
330
1B
100
AcDbEntity
 67
     1
  8
20
  6
Continuous
 62
    19
100
AcDbLine
 10
618.641984
 20
60.6419978147
 30
0.0
 11
618.977662
 21
60.5971838147
 31
0.0
  0
LINE
  5
245
330
1B
100
AcDbEntity
 67
     1
  8
20
  6
Continuous
 62
    19
100
AcDbLine
 10
618.977662
 20
60.5971838147
 30
0.0
 11
619.2334
 21
60.4711158147
 31
0.0
  0
LINE
  5
246
330
1B
100
AcDbEntity
 67
     1
  8
20
  6
Continuous
 62
    19
100
AcDbLine
 10
619.2334
 20
60.4711158147
 30
0.0
 11
619.464616
 21
60.1983718147
 31
0.0
  0
LINE
  5
247
330
1B
100
AcDbEntity
 67
     1
  8
20
  6
Continuous
 62
    19
100
AcDbLine
 10
619.464616
 20
60.1983718147
 30
0.0
 11
619.588684
 21
59.8333518147
 31
0.0
  0
LINE
  5
248
330
1B
100
AcDbEntity
 67
     1
  8
20
  6
Continuous
 62
    19
100
AcDbLine
 10
619.588684
 20
59.8333518147
 30
0.0
 11
619.625596
 21
59.4058578147
 31
0.0
  0
LINE
  5
249
330
1B
100
AcDbEntity
 67
     1
  8
20
  6
Continuous
 62
    19
100
AcDbLine
 10
619.625596
 20
59.4058578147
 30
0.0
 11
619.625596
 21
59.3809778147
 31
0.0
  0
LINE
  5
24A
330
1B
100
AcDbEntity
 67
     1
  8
20
  6
Continuous
 62
    19
100
AcDbLine
 10
619.625596
 20
59.3809778147
 30
0.0
 11
619.625596
 21
58.1031958147
 31
0.0
  0
LINE
  5
24B
330
1B
100
AcDbEntity
 67
     1
  8
20
  6
Continuous
 62
    19
100
AcDbLine
 10
619.625596
 20
58.1031958147
 30
0.0
 11
619.625596
 21
57.5650598147
 31
0.0
  0
LINE
  5
24C
330
1B
100
AcDbEntity
 67
     1
  8
20
  6
Continuous
 62
    19
100
AcDbLine
 10
619.625596
 20
57.5650598147
 30
0.0
 11
619.625596
 21
57.3767118147
 31
0.0
  0
LINE
  5
24D
330
1B
100
AcDbEntity
 67
     1
  8
20
  6
Continuous
 62
    19
100
AcDbLine
 10
619.625596
 20
57.3767118147
 30
0.0
 11
619.625596
 21
57.2577178147
 31
0.0
  0
LINE
  5
24E
330
1B
100
AcDbEntity
 67
     1
  8
20
  6
Continuous
 62
    19
100
AcDbLine
 10
619.625596
 20
57.2577178147
 30
0.0
 11
619.566148
 21
57.2577178147
 31
0.0
  0
LINE
  5
24F
330
1B
100
AcDbEntity
 67
     1
  8
20
  6
Continuous
 62
    19
100
AcDbLine
 10
619.566148
 20
57.2577178147
 30
0.0
 11
619.224396
 21
57.2577178147
 31
0.0
  0
LINE
  5
250
330
1B
100
AcDbEntity
 67
     1
  8
20
  6
Continuous
 62
    19
100
AcDbLine
 10
619.224396
 20
57.2577178147
 30
0.0
 11
618.974534
 21
57.2577178147
 31
0.0
  0
LINE
  5
251
330
1B
100
AcDbEntity
 67
     1
  8
20
  6
Continuous
 62
    19
100
AcDbLine
 10
618.974534
 20
57.2577178147
 30
0.0
 11
618.88263
 21
57.2577178147
 31
0.0
  0
LINE
  5
252
330
1B
100
AcDbEntity
 67
     1
  8
20
  6
Continuous
 62
    19
100
AcDbLine
 10
618.88263
 20
57.2577178147
 30
0.0
 11
618.823198
 21
57.2577178147
 31
0.0
  0
LINE
  5
253
330
1B
100
AcDbEntity
 67
     1
  8
20
  6
Continuous
 62
    19
100
AcDbLine
 10
618.823198
 20
57.2577178147
 30
0.0
 11
618.823198
 21
57.3684698147
 31
0.0
  0
LINE
  5
254
330
1B
100
AcDbEntity
 67
     1
  8
20
  6
Continuous
 62
    19
100
AcDbLine
 10
618.823198
 20
57.3684698147
 30
0.0
 11
618.823198
 21
58.7804758147
 31
0.0
  0
LINE
  5
255
330
1B
100
AcDbEntity
 67
     1
  8
20
  6
Continuous
 62
    19
100
AcDbLine
 10
618.823198
 20
58.7804758147
 30
0.0
 11
618.823198
 21
59.0670438147
 31
0.0
  0
LINE
  5
256
330
1B
100
AcDbEntity
 67
     1
  8
20
  6
Continuous
 62
    19
100
AcDbLine
 10
618.823198
 20
59.0670438147
 30
0.0
 11
618.823198
 21
59.1945958147
 31
0.0
  0
LINE
  5
257
330
1B
100
AcDbEntity
 67
     1
  8
20
  6
Continuous
 62
    19
100
AcDbLine
 10
618.823198
 20
59.1945958147
 30
0.0
 11
618.823198
 21
59.2570218147
 31
0.0
  0
LINE
  5
258
330
1B
100
AcDbEntity
 67
     1
  8
20
  6
Continuous
 62
    19
100
AcDbLine
 10
618.823198
 20
59.2570218147
 30
0.0
 11
618.77739
 21
59.6721838147
 31
0.0
  0
LINE
  5
259
330
1B
100
AcDbEntity
 67
     1
  8
20
  6
Continuous
 62
    19
100
AcDbLine
 10
618.77739
 20
59.6721838147
 30
0.0
 11
618.71718
 21
59.8111838147
 31
0.0
  0
LINE
  5
25A
330
1B
100
AcDbEntity
 67
     1
  8
20
  6
Continuous
 62
    19
100
AcDbLine
 10
618.71718
 20
59.8111838147
 30
0.0
 11
618.574662
 21
59.9405278147
 31
0.0
  0
LINE
  5
25B
330
1B
100
AcDbEntity
 67
     1
  8
20
  6
Continuous
 62
    19
100
AcDbLine
 10
618.574662
 20
59.9405278147
 30
0.0
 11
618.363618
 21
59.9818958147
 31
0.0
  0
LINE
  5
25C
330
1B
100
AcDbEntity
 67
     1
  8
20
  6
Continuous
 62
    19
100
AcDbLine
 10
618.363618
 20
59.9818958147
 30
0.0
 11
618.14235
 21
59.9411878147
 31
0.0
  0
LINE
  5
25D
330
1B
100
AcDbEntity
 67
     1
  8
20
  6
Continuous
 62
    19
100
AcDbLine
 10
618.14235
 20
59.9411878147
 30
0.0
 11
617.980744
 21
59.8282818147
 31
0.0
  0
LINE
  5
25E
330
1B
100
AcDbEntity
 67
     1
  8
20
  6
Continuous
 62
    19
100
AcDbLine
 10
617.980744
 20
59.8282818147
 30
0.0
 11
617.873338
 21
59.6580958147
 31
0.0
  0
LINE
  5
25F
330
1B
100
AcDbEntity
 67
     1
  8
20
  6
Continuous
 62
    19
100
AcDbLine
 10
617.873338
 20
59.6580958147
 30
0.0
 11
617.79442
 21
59.1987998147
 31
0.0
  0
LINE
  5
260
330
1B
100
AcDbEntity
 67
     1
  8
20
  6
Continuous
 62
    19
100
AcDbLine
 10
617.79442
 20
59.1987998147
 30
0.0
 11
617.79442
 21
59.1763158147
 31
0.0
  0
LINE
  5
261
330
1B
100
AcDbEntity
 67
     1
  8
20
  6
Continuous
 62
    19
100
AcDbLine
 10
617.79442
 20
59.1763158147
 30
0.0
 11
617.79442
 21
58.0216978147
 31
0.0
  0
LINE
  5
262
330
1B
100
AcDbEntity
 67
     1
  8
20
  6
Continuous
 62
    19
100
AcDbLine
 10
617.79442
 20
58.0216978147
 30
0.0
 11
617.79442
 21
57.5354338147
 31
0.0
  0
LINE
  5
263
330
1B
100
AcDbEntity
 67
     1
  8
20
  6
Continuous
 62
    19
100
AcDbLine
 10
617.79442
 20
57.5354338147
 30
0.0
 11
617.79442
 21
57.3652418147
 31
0.0
  0
LINE
  5
264
330
1B
100
AcDbEntity
 67
     1
  8
20
  6
Continuous
 62
    19
100
AcDbLine
 10
617.79442
 20
57.3652418147
 30
0.0
 11
617.79442
 21
57.2577178147
 31
0.0
  0
LINE
  5
265
330
1B
100
AcDbEntity
 67
     1
  8
20
  6
Continuous
 62
    19
100
AcDbLine
 10
617.79442
 20
57.2577178147
 30
0.0
 11
617.734986
 21
57.2577178147
 31
0.0
  0
LINE
  5
266
330
1B
100
AcDbEntity
 67
     1
  8
20
  6
Continuous
 62
    19
100
AcDbLine
 10
617.734986
 20
57.2577178147
 30
0.0
 11
617.39322
 21
57.2577178147
 31
0.0
  0
LINE
  5
267
330
1B
100
AcDbEntity
 67
     1
  8
20
  6
Continuous
 62
    19
100
AcDbLine
 10
617.39322
 20
57.2577178147
 30
0.0
 11
617.143372
 21
57.2577178147
 31
0.0
  0
LINE
  5
268
330
1B
100
AcDbEntity
 67
     1
  8
20
  6
Continuous
 62
    19
100
AcDbLine
 10
617.143372
 20
57.2577178147
 30
0.0
 11
617.051468
 21
57.2577178147
 31
0.0
  0
LINE
  5
269
330
1B
100
AcDbEntity
 67
     1
  8
20
  6
Continuous
 62
    19
100
AcDbLine
 10
617.051468
 20
57.2577178147
 30
0.0
 11
616.99202
 21
57.2577178147
 31
0.0
  0
LINE
  5
26A
330
1B
100
AcDbEntity
 67
     1
  8
20
  6
Continuous
 62
    19
100
AcDbLine
 10
616.99202
 20
57.2577178147
 30
0.0
 11
616.99202
 21
57.2980298147
 31
0.0
  0
LINE
  5
26B
330
1B
100
AcDbEntity
 67
     1
  8
20
  6
Continuous
 62
    19
100
AcDbLine
 10
616.99202
 20
57.2980298147
 30
0.0
 11
616.99202
 21
59.5184178147
 31
0.0
  0
LINE
  5
26C
330
1B
100
AcDbEntity
 67
     1
  8
20
  6
Continuous
 62
    19
100
AcDbLine
 10
616.99202
 20
59.5184178147
 30
0.0
 11
616.99202
 21
60.9263158147
 31
0.0
  0
LINE
  5
26D
330
1B
100
AcDbEntity
 67
     1
  8
20
  6
Continuous
 62
    19
100
AcDbLine
 10
616.99202
 20
60.9263158147
 30
0.0
 11
616.99202
 21
61.4442018147
 31
0.0
  0
LINE
  5
26E
330
1B
100
AcDbEntity
 67
     1
  8
20
  6
Continuous
 62
    19
100
AcDbLine
 10
616.99202
 20
61.4442018147
 30
0.0
 11
616.99202
 21
61.6700098147
 31
0.0
  0
LINE
  5
26F
330
1B
100
AcDbEntity
 67
     1
  8
20
  6
Continuous
 62
    19
100
AcDbLine
 10
616.99202
 20
61.6700098147
 30
0.0
 11
616.99202
 21
61.7791218147
 31
0.0
  0
LINE
  5
270
330
1B
100
AcDbEntity
 67
     1
  8
20
  6
Continuous
 62
    19
100
AcDbLine
 10
620.215958
 20
60.0401198147
 30
0.0
 11
620.19011
 21
60.5899998147
 31
0.0
  0
LINE
  5
271
330
1B
100
AcDbEntity
 67
     1
  8
20
  6
Continuous
 62
    19
100
AcDbLine
 10
620.19011
 20
60.5899998147
 30
0.0
 11
620.245698
 21
60.5899998147
 31
0.0
  0
LINE
  5
272
330
1B
100
AcDbEntity
 67
     1
  8
20
  6
Continuous
 62
    19
100
AcDbLine
 10
620.245698
 20
60.5899998147
 30
0.0
 11
620.565308
 21
60.5899998147
 31
0.0
  0
LINE
  5
273
330
1B
100
AcDbEntity
 67
     1
  8
20
  6
Continuous
 62
    19
100
AcDbLine
 10
620.565308
 20
60.5899998147
 30
0.0
 11
620.798966
 21
60.5899998147
 31
0.0
  0
LINE
  5
274
330
1B
100
AcDbEntity
 67
     1
  8
20
  6
Continuous
 62
    19
100
AcDbLine
 10
620.798966
 20
60.5899998147
 30
0.0
 11
620.884918
 21
60.5899998147
 31
0.0
  0
LINE
  5
275
330
1B
100
AcDbEntity
 67
     1
  8
20
  6
Continuous
 62
    19
100
AcDbLine
 10
620.884918
 20
60.5899998147
 30
0.0
 11
620.940506
 21
60.5899998147
 31
0.0
  0
LINE
  5
276
330
1B
100
AcDbEntity
 67
     1
  8
20
  6
Continuous
 62
    19
100
AcDbLine
 10
620.940506
 20
60.5899998147
 30
0.0
 11
620.966356
 21
60.0790398147
 31
0.0
  0
LINE
  5
277
330
1B
100
AcDbEntity
 67
     1
  8
20
  6
Continuous
 62
    19
100
AcDbLine
 10
620.966356
 20
60.0790398147
 30
0.0
 11
620.979432
 21
60.0790398147
 31
0.0
  0
LINE
  5
278
330
1B
100
AcDbEntity
 67
     1
  8
20
  6
Continuous
 62
    19
100
AcDbLine
 10
620.979432
 20
60.0790398147
 30
0.0
 11
621.218048
 21
60.3963198147
 31
0.0
  0
LINE
  5
279
330
1B
100
AcDbEntity
 67
     1
  8
20
  6
Continuous
 62
    19
100
AcDbLine
 10
621.218048
 20
60.3963198147
 30
0.0
 11
621.420334
 21
60.5406078147
 31
0.0
  0
LINE
  5
27A
330
1B
100
AcDbEntity
 67
     1
  8
20
  6
Continuous
 62
    19
100
AcDbLine
 10
621.420334
 20
60.5406078147
 30
0.0
 11
621.865906
 21
60.6419978147
 31
0.0
  0
LINE
  5
27B
330
1B
100
AcDbEntity
 67
     1
  8
20
  6
Continuous
 62
    19
100
AcDbLine
 10
621.865906
 20
60.6419978147
 30
0.0
 11
622.201584
 21
60.5971838147
 31
0.0
  0
LINE
  5
27C
330
1B
100
AcDbEntity
 67
     1
  8
20
  6
Continuous
 62
    19
100
AcDbLine
 10
622.201584
 20
60.5971838147
 30
0.0
 11
622.457338
 21
60.4711158147
 31
0.0
  0
LINE
  5
27D
330
1B
100
AcDbEntity
 67
     1
  8
20
  6
Continuous
 62
    19
100
AcDbLine
 10
622.457338
 20
60.4711158147
 30
0.0
 11
622.688538
 21
60.1983718147
 31
0.0
  0
LINE
  5
27E
330
1B
100
AcDbEntity
 67
     1
  8
20
  6
Continuous
 62
    19
100
AcDbLine
 10
622.688538
 20
60.1983718147
 30
0.0
 11
622.812608
 21
59.8333518147
 31
0.0
  0
LINE
  5
27F
330
1B
100
AcDbEntity
 67
     1
  8
20
  6
Continuous
 62
    19
100
AcDbLine
 10
622.812608
 20
59.8333518147
 30
0.0
 11
622.849518
 21
59.4058578147
 31
0.0
  0
LINE
  5
280
330
1B
100
AcDbEntity
 67
     1
  8
20
  6
Continuous
 62
    19
100
AcDbLine
 10
622.849518
 20
59.4058578147
 30
0.0
 11
622.849518
 21
59.3809778147
 31
0.0
  0
LINE
  5
281
330
1B
100
AcDbEntity
 67
     1
  8
20
  6
Continuous
 62
    19
100
AcDbLine
 10
622.849518
 20
59.3809778147
 30
0.0
 11
622.849518
 21
58.1031958147
 31
0.0
  0
LINE
  5
282
330
1B
100
AcDbEntity
 67
     1
  8
20
  6
Continuous
 62
    19
100
AcDbLine
 10
622.849518
 20
58.1031958147
 30
0.0
 11
622.849518
 21
57.5650598147
 31
0.0
  0
LINE
  5
283
330
1B
100
AcDbEntity
 67
     1
  8
20
  6
Continuous
 62
    19
100
AcDbLine
 10
622.849518
 20
57.5650598147
 30
0.0
 11
622.849518
 21
57.3767118147
 31
0.0
  0
LINE
  5
284
330
1B
100
AcDbEntity
 67
     1
  8
20
  6
Continuous
 62
    19
100
AcDbLine
 10
622.849518
 20
57.3767118147
 30
0.0
 11
622.849518
 21
57.2577178147
 31
0.0
  0
LINE
  5
285
330
1B
100
AcDbEntity
 67
     1
  8
20
  6
Continuous
 62
    19
100
AcDbLine
 10
622.849518
 20
57.2577178147
 30
0.0
 11
622.790086
 21
57.2577178147
 31
0.0
  0
LINE
  5
286
330
1B
100
AcDbEntity
 67
     1
  8
20
  6
Continuous
 62
    19
100
AcDbLine
 10
622.790086
 20
57.2577178147
 30
0.0
 11
622.44832
 21
57.2577178147
 31
0.0
  0
LINE
  5
287
330
1B
100
AcDbEntity
 67
     1
  8
20
  6
Continuous
 62
    19
100
AcDbLine
 10
622.44832
 20
57.2577178147
 30
0.0
 11
622.198472
 21
57.2577178147
 31
0.0
  0
LINE
  5
288
330
1B
100
AcDbEntity
 67
     1
  8
20
  6
Continuous
 62
    19
100
AcDbLine
 10
622.198472
 20
57.2577178147
 30
0.0
 11
622.106568
 21
57.2577178147
 31
0.0
  0
LINE
  5
289
330
1B
100
AcDbEntity
 67
     1
  8
20
  6
Continuous
 62
    19
100
AcDbLine
 10
622.106568
 20
57.2577178147
 30
0.0
 11
622.04712
 21
57.2577178147
 31
0.0
  0
LINE
  5
28A
330
1B
100
AcDbEntity
 67
     1
  8
20
  6
Continuous
 62
    19
100
AcDbLine
 10
622.04712
 20
57.2577178147
 30
0.0
 11
622.04712
 21
57.3684698147
 31
0.0
  0
LINE
  5
28B
330
1B
100
AcDbEntity
 67
     1
  8
20
  6
Continuous
 62
    19
100
AcDbLine
 10
622.04712
 20
57.3684698147
 30
0.0
 11
622.04712
 21
58.7804758147
 31
0.0
  0
LINE
  5
28C
330
1B
100
AcDbEntity
 67
     1
  8
20
  6
Continuous
 62
    19
100
AcDbLine
 10
622.04712
 20
58.7804758147
 30
0.0
 11
622.04712
 21
59.0670438147
 31
0.0
  0
LINE
  5
28D
330
1B
100
AcDbEntity
 67
     1
  8
20
  6
Continuous
 62
    19
100
AcDbLine
 10
622.04712
 20
59.0670438147
 30
0.0
 11
622.04712
 21
59.1945958147
 31
0.0
  0
LINE
  5
28E
330
1B
100
AcDbEntity
 67
     1
  8
20
  6
Continuous
 62
    19
100
AcDbLine
 10
622.04712
 20
59.1945958147
 30
0.0
 11
622.04712
 21
59.2570218147
 31
0.0
  0
LINE
  5
28F
330
1B
100
AcDbEntity
 67
     1
  8
20
  6
Continuous
 62
    19
100
AcDbLine
 10
622.04712
 20
59.2570218147
 30
0.0
 11
622.001312
 21
59.6721838147
 31
0.0
  0
LINE
  5
290
330
1B
100
AcDbEntity
 67
     1
  8
20
  6
Continuous
 62
    19
100
AcDbLine
 10
622.001312
 20
59.6721838147
 30
0.0
 11
621.941102
 21
59.8111838147
 31
0.0
  0
LINE
  5
291
330
1B
100
AcDbEntity
 67
     1
  8
20
  6
Continuous
 62
    19
100
AcDbLine
 10
621.941102
 20
59.8111838147
 30
0.0
 11
621.798584
 21
59.9405278147
 31
0.0
  0
LINE
  5
292
330
1B
100
AcDbEntity
 67
     1
  8
20
  6
Continuous
 62
    19
100
AcDbLine
 10
621.798584
 20
59.9405278147
 30
0.0
 11
621.58754
 21
59.9818958147
 31
0.0
  0
LINE
  5
293
330
1B
100
AcDbEntity
 67
     1
  8
20
  6
Continuous
 62
    19
100
AcDbLine
 10
621.58754
 20
59.9818958147
 30
0.0
 11
621.366272
 21
59.9411878147
 31
0.0
  0
LINE
  5
294
330
1B
100
AcDbEntity
 67
     1
  8
20
  6
Continuous
 62
    19
100
AcDbLine
 10
621.366272
 20
59.9411878147
 30
0.0
 11
621.204666
 21
59.8282818147
 31
0.0
  0
LINE
  5
295
330
1B
100
AcDbEntity
 67
     1
  8
20
  6
Continuous
 62
    19
100
AcDbLine
 10
621.204666
 20
59.8282818147
 30
0.0
 11
621.09726
 21
59.6580958147
 31
0.0
  0
LINE
  5
296
330
1B
100
AcDbEntity
 67
     1
  8
20
  6
Continuous
 62
    19
100
AcDbLine
 10
621.09726
 20
59.6580958147
 30
0.0
 11
621.018358
 21
59.1987998147
 31
0.0
  0
LINE
  5
297
330
1B
100
AcDbEntity
 67
     1
  8
20
  6
Continuous
 62
    19
100
AcDbLine
 10
621.018358
 20
59.1987998147
 30
0.0
 11
621.018358
 21
59.0912698147
 31
0.0
  0
LINE
  5
298
330
1B
100
AcDbEntity
 67
     1
  8
20
  6
Continuous
 62
    19
100
AcDbLine
 10
621.018358
 20
59.0912698147
 30
0.0
 11
621.018358
 21
57.7203858147
 31
0.0
  0
LINE
  5
299
330
1B
100
AcDbEntity
 67
     1
  8
20
  6
Continuous
 62
    19
100
AcDbLine
 10
621.018358
 20
57.7203858147
 30
0.0
 11
621.018358
 21
57.4421658147
 31
0.0
  0
LINE
  5
29A
330
1B
100
AcDbEntity
 67
     1
  8
20
  6
Continuous
 62
    19
100
AcDbLine
 10
621.018358
 20
57.4421658147
 30
0.0
 11
621.018358
 21
57.3183258147
 31
0.0
  0
LINE
  5
29B
330
1B
100
AcDbEntity
 67
     1
  8
20
  6
Continuous
 62
    19
100
AcDbLine
 10
621.018358
 20
57.3183258147
 30
0.0
 11
621.018358
 21
57.2577178147
 31
0.0
  0
LINE
  5
29C
330
1B
100
AcDbEntity
 67
     1
  8
20
  6
Continuous
 62
    19
100
AcDbLine
 10
621.018358
 20
57.2577178147
 30
0.0
 11
620.958908
 21
57.2577178147
 31
0.0
  0
LINE
  5
29D
330
1B
100
AcDbEntity
 67
     1
  8
20
  6
Continuous
 62
    19
100
AcDbLine
 10
620.958908
 20
57.2577178147
 30
0.0
 11
620.617158
 21
57.2577178147
 31
0.0
  0
LINE
  5
29E
330
1B
100
AcDbEntity
 67
     1
  8
20
  6
Continuous
 62
    19
100
AcDbLine
 10
620.617158
 20
57.2577178147
 30
0.0
 11
620.367296
 21
57.2577178147
 31
0.0
  0
LINE
  5
29F
330
1B
100
AcDbEntity
 67
     1
  8
20
  6
Continuous
 62
    19
100
AcDbLine
 10
620.367296
 20
57.2577178147
 30
0.0
 11
620.275392
 21
57.2577178147
 31
0.0
  0
LINE
  5
2A0
330
1B
100
AcDbEntity
 67
     1
  8
20
  6
Continuous
 62
    19
100
AcDbLine
 10
620.275392
 20
57.2577178147
 30
0.0
 11
620.215958
 21
57.2577178147
 31
0.0
  0
LINE
  5
2A1
330
1B
100
AcDbEntity
 67
     1
  8
20
  6
Continuous
 62
    19
100
AcDbLine
 10
620.215958
 20
57.2577178147
 30
0.0
 11
620.215958
 21
57.2825238147
 31
0.0
  0
LINE
  5
2A2
330
1B
100
AcDbEntity
 67
     1
  8
20
  6
Continuous
 62
    19
100
AcDbLine
 10
620.215958
 20
57.2825238147
 30
0.0
 11
620.215958
 21
58.6489178147
 31
0.0
  0
LINE
  5
2A3
330
1B
100
AcDbEntity
 67
     1
  8
20
  6
Continuous
 62
    19
100
AcDbLine
 10
620.215958
 20
58.6489178147
 30
0.0
 11
620.215958
 21
59.5153158147
 31
0.0
  0
LINE
  5
2A4
330
1B
100
AcDbEntity
 67
     1
  8
20
  6
Continuous
 62
    19
100
AcDbLine
 10
620.215958
 20
59.5153158147
 30
0.0
 11
620.215958
 21
59.8340118147
 31
0.0
  0
LINE
  5
2A5
330
1B
100
AcDbEntity
 67
     1
  8
20
  6
Continuous
 62
    19
100
AcDbLine
 10
620.215958
 20
59.8340118147
 30
0.0
 11
620.215958
 21
59.9729718147
 31
0.0
  0
LINE
  5
2A6
330
1B
100
AcDbEntity
 67
     1
  8
20
  6
Continuous
 62
    19
100
AcDbLine
 10
620.215958
 20
59.9729718147
 30
0.0
 11
620.215958
 21
60.0401198147
 31
0.0
  0
LINE
  5
2A7
330
1B
100
AcDbEntity
 67
     1
  8
20
  6
Continuous
 62
    19
100
AcDbLine
 10
624.772858
 20
60.6419978147
 30
0.0
 11
625.117096
 21
60.6093438147
 31
0.0
  0
LINE
  5
2A8
330
1B
100
AcDbEntity
 67
     1
  8
20
  6
Continuous
 62
    19
100
AcDbLine
 10
625.117096
 20
60.6093438147
 30
0.0
 11
625.45398
 21
60.4994018147
 31
0.0
  0
LINE
  5
2A9
330
1B
100
AcDbEntity
 67
     1
  8
20
  6
Continuous
 62
    19
100
AcDbLine
 10
625.45398
 20
60.4994018147
 30
0.0
 11
625.849152
 21
60.2015218147
 31
0.0
  0
LINE
  5
2AA
330
1B
100
AcDbEntity
 67
     1
  8
20
  6
Continuous
 62
    19
100
AcDbLine
 10
625.849152
 20
60.2015218147
 30
0.0
 11
626.129074
 21
59.6916798147
 31
0.0
  0
LINE
  5
2AB
330
1B
100
AcDbEntity
 67
     1
  8
20
  6
Continuous
 62
    19
100
AcDbLine
 10
626.129074
 20
59.6916798147
 30
0.0
 11
626.235368
 21
58.9272838147
 31
0.0
  0
LINE
  5
2AC
330
1B
100
AcDbEntity
 67
     1
  8
20
  6
Continuous
 62
    19
100
AcDbLine
 10
626.235368
 20
58.9272838147
 30
0.0
 11
626.17421
 21
58.3144558147
 31
0.0
  0
LINE
  5
2AD
330
1B
100
AcDbEntity
 67
     1
  8
20
  6
Continuous
 62
    19
100
AcDbLine
 10
626.17421
 20
58.3144558147
 30
0.0
 11
626.007172
 21
57.8598138147
 31
0.0
  0
LINE
  5
2AE
330
1B
100
AcDbEntity
 67
     1
  8
20
  6
Continuous
 62
    19
100
AcDbLine
 10
626.007172
 20
57.8598138147
 30
0.0
 11
625.818712
 21
57.6010478147
 31
0.0
  0
LINE
  5
2AF
330
1B
100
AcDbEntity
 67
     1
  8
20
  6
Continuous
 62
    19
100
AcDbLine
 10
625.818712
 20
57.6010478147
 30
0.0
 11
625.592346
 21
57.4162778147
 31
0.0
  0
LINE
  5
2B0
330
1B
100
AcDbEntity
 67
     1
  8
20
  6
Continuous
 62
    19
100
AcDbLine
 10
625.592346
 20
57.4162778147
 30
0.0
 11
625.192048
 21
57.2523078147
 31
0.0
  0
LINE
  5
2B1
330
1B
100
AcDbEntity
 67
     1
  8
20
  6
Continuous
 62
    19
100
AcDbLine
 10
625.192048
 20
57.2523078147
 30
0.0
 11
624.772858
 21
57.2060278147
 31
0.0
  0
LINE
  5
2B2
330
1B
100
AcDbEntity
 67
     1
  8
20
  6
Continuous
 62
    19
100
AcDbLine
 10
624.772858
 20
57.2060278147
 30
0.0
 11
624.352998
 21
57.2523078147
 31
0.0
  0
LINE
  5
2B3
330
1B
100
AcDbEntity
 67
     1
  8
20
  6
Continuous
 62
    19
100
AcDbLine
 10
624.352998
 20
57.2523078147
 30
0.0
 11
623.951112
 21
57.4162778147
 31
0.0
  0
LINE
  5
2B4
330
1B
100
AcDbEntity
 67
     1
  8
20
  6
Continuous
 62
    19
100
AcDbLine
 10
623.951112
 20
57.4162778147
 30
0.0
 11
623.723542
 21
57.6010478147
 31
0.0
  0
LINE
  5
2B5
330
1B
100
AcDbEntity
 67
     1
  8
20
  6
Continuous
 62
    19
100
AcDbLine
 10
623.723542
 20
57.6010478147
 30
0.0
 11
623.533922
 21
57.8598138147
 31
0.0
  0
LINE
  5
2B6
330
1B
100
AcDbEntity
 67
     1
  8
20
  6
Continuous
 62
    19
100
AcDbLine
 10
623.533922
 20
57.8598138147
 30
0.0
 11
623.365738
 21
58.3144558147
 31
0.0
  0
LINE
  5
2B7
330
1B
100
AcDbEntity
 67
     1
  8
20
  6
Continuous
 62
    19
100
AcDbLine
 10
623.365738
 20
58.3144558147
 30
0.0
 11
623.304124
 21
58.9272838147
 31
0.0
  0
LINE
  5
2B8
330
1B
100
AcDbEntity
 67
     1
  8
20
  6
Continuous
 62
    19
100
AcDbLine
 10
623.304124
 20
58.9272838147
 30
0.0
 11
623.411194
 21
59.6916798147
 31
0.0
  0
LINE
  5
2B9
330
1B
100
AcDbEntity
 67
     1
  8
20
  6
Continuous
 62
    19
100
AcDbLine
 10
623.411194
 20
59.6916798147
 30
0.0
 11
623.692918
 21
60.2015218147
 31
0.0
  0
LINE
  5
2BA
330
1B
100
AcDbEntity
 67
     1
  8
20
  6
Continuous
 62
    19
100
AcDbLine
 10
623.692918
 20
60.2015218147
 30
0.0
 11
624.09012
 21
60.4994018147
 31
0.0
  0
LINE
  5
2BB
330
1B
100
AcDbEntity
 67
     1
  8
20
  6
Continuous
 62
    19
100
AcDbLine
 10
624.09012
 20
60.4994018147
 30
0.0
 11
624.428162
 21
60.6093438147
 31
0.0
  0
LINE
  5
2BC
330
1B
100
AcDbEntity
 67
     1
  8
20
  6
Continuous
 62
    19
100
AcDbLine
 10
624.428162
 20
60.6093438147
 30
0.0
 11
624.772858
 21
60.6419978147
 31
0.0
  0
LINE
  5
2BD
330
1B
100
AcDbEntity
 67
     1
  8
20
  6
Continuous
 62
    19
100
AcDbLine
 10
624.772858
 20
57.7755238147
 30
0.0
 11
624.999634
 21
57.8221778147
 31
0.0
  0
LINE
  5
2BE
330
1B
100
AcDbEntity
 67
     1
  8
20
  6
Continuous
 62
    19
100
AcDbLine
 10
624.999634
 20
57.8221778147
 30
0.0
 11
625.167436
 21
57.9504078147
 31
0.0
  0
LINE
  5
2BF
330
1B
100
AcDbEntity
 67
     1
  8
20
  6
Continuous
 62
    19
100
AcDbLine
 10
625.167436
 20
57.9504078147
 30
0.0
 11
625.313096
 21
58.2178798147
 31
0.0
  0
LINE
  5
2C0
330
1B
100
AcDbEntity
 67
     1
  8
20
  6
Continuous
 62
    19
100
AcDbLine
 10
625.313096
 20
58.2178798147
 30
0.0
 11
625.369034
 21
58.4387998147
 31
0.0
  0
LINE
  5
2C1
330
1B
100
AcDbEntity
 67
     1
  8
20
  6
Continuous
 62
    19
100
AcDbLine
 10
625.369034
 20
58.4387998147
 30
0.0
 11
625.40712
 21
58.9272838147
 31
0.0
  0
LINE
  5
2C2
330
1B
100
AcDbEntity
 67
     1
  8
20
  6
Continuous
 62
    19
100
AcDbLine
 10
625.40712
 20
58.9272838147
 30
0.0
 11
625.369034
 21
59.4142458147
 31
0.0
  0
LINE
  5
2C3
330
1B
100
AcDbEntity
 67
     1
  8
20
  6
Continuous
 62
    19
100
AcDbLine
 10
625.369034
 20
59.4142458147
 30
0.0
 11
625.313096
 21
59.6338318147
 31
0.0
  0
LINE
  5
2C4
330
1B
100
AcDbEntity
 67
     1
  8
20
  6
Continuous
 62
    19
100
AcDbLine
 10
625.313096
 20
59.6338318147
 30
0.0
 11
625.167436
 21
59.8992418147
 31
0.0
  0
LINE
  5
2C5
330
1B
100
AcDbEntity
 67
     1
  8
20
  6
Continuous
 62
    19
100
AcDbLine
 10
625.167436
 20
59.8992418147
 30
0.0
 11
624.999634
 21
60.0263098147
 31
0.0
  0
LINE
  5
2C6
330
1B
100
AcDbEntity
 67
     1
  8
20
  6
Continuous
 62
    19
100
AcDbLine
 10
624.999634
 20
60.0263098147
 30
0.0
 11
624.772858
 21
60.0725018147
 31
0.0
  0
LINE
  5
2C7
330
1B
100
AcDbEntity
 67
     1
  8
20
  6
Continuous
 62
    19
100
AcDbLine
 10
624.772858
 20
60.0725018147
 30
0.0
 11
624.540924
 21
60.0240978147
 31
0.0
  0
LINE
  5
2C8
330
1B
100
AcDbEntity
 67
     1
  8
20
  6
Continuous
 62
    19
100
AcDbLine
 10
624.540924
 20
60.0240978147
 30
0.0
 11
624.369904
 21
59.8912498147
 31
0.0
  0
LINE
  5
2C9
330
1B
100
AcDbEntity
 67
     1
  8
20
  6
Continuous
 62
    19
100
AcDbLine
 10
624.369904
 20
59.8912498147
 30
0.0
 11
624.226456
 21
59.6262618147
 31
0.0
  0
LINE
  5
2CA
330
1B
100
AcDbEntity
 67
     1
  8
20
  6
Continuous
 62
    19
100
AcDbLine
 10
624.226456
 20
59.6262618147
 30
0.0
 11
624.170778
 21
59.4085738147
 31
0.0
  0
LINE
  5
2CB
330
1B
100
AcDbEntity
 67
     1
  8
20
  6
Continuous
 62
    19
100
AcDbLine
 10
624.170778
 20
59.4085738147
 30
0.0
 11
624.13237
 21
58.9272838147
 31
0.0
  0
LINE
  5
2CC
330
1B
100
AcDbEntity
 67
     1
  8
20
  6
Continuous
 62
    19
100
AcDbLine
 10
624.13237
 20
58.9272838147
 30
0.0
 11
624.170778
 21
58.4445038147
 31
0.0
  0
LINE
  5
2CD
330
1B
100
AcDbEntity
 67
     1
  8
20
  6
Continuous
 62
    19
100
AcDbLine
 10
624.170778
 20
58.4445038147
 30
0.0
 11
624.226456
 21
58.2254978147
 31
0.0
  0
LINE
  5
2CE
330
1B
100
AcDbEntity
 67
     1
  8
20
  6
Continuous
 62
    19
100
AcDbLine
 10
624.226456
 20
58.2254978147
 30
0.0
 11
624.369904
 21
57.9584738147
 31
0.0
  0
LINE
  5
2CF
330
1B
100
AcDbEntity
 67
     1
  8
20
  6
Continuous
 62
    19
100
AcDbLine
 10
624.369904
 20
57.9584738147
 30
0.0
 11
624.540924
 21
57.8244138147
 31
0.0
  0
LINE
  5
2D0
330
1B
100
AcDbEntity
 67
     1
  8
20
  6
Continuous
 62
    19
100
AcDbLine
 10
624.540924
 20
57.8244138147
 30
0.0
 11
624.772858
 21
57.7755238147
 31
0.0
  0
LINE
  5
2D1
330
1B
100
AcDbEntity
 67
     1
  8
20
  6
Continuous
 62
    19
100
AcDbLine
 10
626.812638
 20
61.8205338147
 30
0.0
 11
627.615052
 21
61.8205338147
 31
0.0
  0
LINE
  5
2D2
330
1B
100
AcDbEntity
 67
     1
  8
20
  6
Continuous
 62
    19
100
AcDbLine
 10
627.615052
 20
61.8205338147
 30
0.0
 11
627.615052
 21
57.2577178147
 31
0.0
  0
LINE
  5
2D3
330
1B
100
AcDbEntity
 67
     1
  8
20
  6
Continuous
 62
    19
100
AcDbLine
 10
627.615052
 20
57.2577178147
 30
0.0
 11
626.812638
 21
57.2577178147
 31
0.0
  0
LINE
  5
2D4
330
1B
100
AcDbEntity
 67
     1
  8
20
  6
Continuous
 62
    19
100
AcDbLine
 10
626.812638
 20
57.2577178147
 30
0.0
 11
626.812638
 21
61.8205338147
 31
0.0
  0
LINE
  5
2D5
330
1B
100
AcDbEntity
 67
     1
  8
20
  6
Continuous
 62
    19
100
AcDbLine
 10
629.660752
 20
60.6419978147
 30
0.0
 11
630.00499
 21
60.6093438147
 31
0.0
  0
LINE
  5
2D6
330
1B
100
AcDbEntity
 67
     1
  8
20
  6
Continuous
 62
    19
100
AcDbLine
 10
630.00499
 20
60.6093438147
 30
0.0
 11
630.341874
 21
60.4994018147
 31
0.0
  0
LINE
  5
2D7
330
1B
100
AcDbEntity
 67
     1
  8
20
  6
Continuous
 62
    19
100
AcDbLine
 10
630.341874
 20
60.4994018147
 30
0.0
 11
630.737046
 21
60.2015218147
 31
0.0
  0
LINE
  5
2D8
330
1B
100
AcDbEntity
 67
     1
  8
20
  6
Continuous
 62
    19
100
AcDbLine
 10
630.737046
 20
60.2015218147
 30
0.0
 11
631.016968
 21
59.6916798147
 31
0.0
  0
LINE
  5
2D9
330
1B
100
AcDbEntity
 67
     1
  8
20
  6
Continuous
 62
    19
100
AcDbLine
 10
631.016968
 20
59.6916798147
 30
0.0
 11
631.123246
 21
58.9272838147
 31
0.0
  0
LINE
  5
2DA
330
1B
100
AcDbEntity
 67
     1
  8
20
  6
Continuous
 62
    19
100
AcDbLine
 10
631.123246
 20
58.9272838147
 30
0.0
 11
631.062104
 21
58.3144558147
 31
0.0
  0
LINE
  5
2DB
330
1B
100
AcDbEntity
 67
     1
  8
20
  6
Continuous
 62
    19
100
AcDbLine
 10
631.062104
 20
58.3144558147
 30
0.0
 11
630.895066
 21
57.8598138147
 31
0.0
  0
LINE
  5
2DC
330
1B
100
AcDbEntity
 67
     1
  8
20
  6
Continuous
 62
    19
100
AcDbLine
 10
630.895066
 20
57.8598138147
 30
0.0
 11
630.706604
 21
57.6010478147
 31
0.0
  0
LINE
  5
2DD
330
1B
100
AcDbEntity
 67
     1
  8
20
  6
Continuous
 62
    19
100
AcDbLine
 10
630.706604
 20
57.6010478147
 30
0.0
 11
630.48024
 21
57.4162778147
 31
0.0
  0
LINE
  5
2DE
330
1B
100
AcDbEntity
 67
     1
  8
20
  6
Continuous
 62
    19
100
AcDbLine
 10
630.48024
 20
57.4162778147
 30
0.0
 11
630.079926
 21
57.2523078147
 31
0.0
  0
LINE
  5
2DF
330
1B
100
AcDbEntity
 67
     1
  8
20
  6
Continuous
 62
    19
100
AcDbLine
 10
630.079926
 20
57.2523078147
 30
0.0
 11
629.660752
 21
57.2060278147
 31
0.0
  0
LINE
  5
2E0
330
1B
100
AcDbEntity
 67
     1
  8
20
  6
Continuous
 62
    19
100
AcDbLine
 10
629.660752
 20
57.2060278147
 30
0.0
 11
629.240892
 21
57.2523078147
 31
0.0
  0
LINE
  5
2E1
330
1B
100
AcDbEntity
 67
     1
  8
20
  6
Continuous
 62
    19
100
AcDbLine
 10
629.240892
 20
57.2523078147
 30
0.0
 11
628.839006
 21
57.4162778147
 31
0.0
  0
LINE
  5
2E2
330
1B
100
AcDbEntity
 67
     1
  8
20
  6
Continuous
 62
    19
100
AcDbLine
 10
628.839006
 20
57.4162778147
 30
0.0
 11
628.611436
 21
57.6010478147
 31
0.0
  0
LINE
  5
2E3
330
1B
100
AcDbEntity
 67
     1
  8
20
  6
Continuous
 62
    19
100
AcDbLine
 10
628.611436
 20
57.6010478147
 30
0.0
 11
628.421814
 21
57.8598138147
 31
0.0
  0
LINE
  5
2E4
330
1B
100
AcDbEntity
 67
     1
  8
20
  6
Continuous
 62
    19
100
AcDbLine
 10
628.421814
 20
57.8598138147
 30
0.0
 11
628.253632
 21
58.3144558147
 31
0.0
  0
LINE
  5
2E5
330
1B
100
AcDbEntity
 67
     1
  8
20
  6
Continuous
 62
    19
100
AcDbLine
 10
628.253632
 20
58.3144558147
 30
0.0
 11
628.192018
 21
58.9272838147
 31
0.0
  0
LINE
  5
2E6
330
1B
100
AcDbEntity
 67
     1
  8
20
  6
Continuous
 62
    19
100
AcDbLine
 10
628.192018
 20
58.9272838147
 30
0.0
 11
628.299088
 21
59.6916798147
 31
0.0
  0
LINE
  5
2E7
330
1B
100
AcDbEntity
 67
     1
  8
20
  6
Continuous
 62
    19
100
AcDbLine
 10
628.299088
 20
59.6916798147
 30
0.0
 11
628.580812
 21
60.2015218147
 31
0.0
  0
LINE
  5
2E8
330
1B
100
AcDbEntity
 67
     1
  8
20
  6
Continuous
 62
    19
100
AcDbLine
 10
628.580812
 20
60.2015218147
 30
0.0
 11
628.977998
 21
60.4994018147
 31
0.0
  0
LINE
  5
2E9
330
1B
100
AcDbEntity
 67
     1
  8
20
  6
Continuous
 62
    19
100
AcDbLine
 10
628.977998
 20
60.4994018147
 30
0.0
 11
629.31604
 21
60.6093438147
 31
0.0
  0
LINE
  5
2EA
330
1B
100
AcDbEntity
 67
     1
  8
20
  6
Continuous
 62
    19
100
AcDbLine
 10
629.31604
 20
60.6093438147
 30
0.0
 11
629.660752
 21
60.6419978147
 31
0.0
  0
LINE
  5
2EB
330
1B
100
AcDbEntity
 67
     1
  8
20
  6
Continuous
 62
    19
100
AcDbLine
 10
629.660752
 20
57.7755238147
 30
0.0
 11
629.887528
 21
57.8221778147
 31
0.0
  0
LINE
  5
2EC
330
1B
100
AcDbEntity
 67
     1
  8
20
  6
Continuous
 62
    19
100
AcDbLine
 10
629.887528
 20
57.8221778147
 30
0.0
 11
630.05533
 21
57.9504078147
 31
0.0
  0
LINE
  5
2ED
330
1B
100
AcDbEntity
 67
     1
  8
20
  6
Continuous
 62
    19
100
AcDbLine
 10
630.05533
 20
57.9504078147
 30
0.0
 11
630.20099
 21
58.2178798147
 31
0.0
  0
LINE
  5
2EE
330
1B
100
AcDbEntity
 67
     1
  8
20
  6
Continuous
 62
    19
100
AcDbLine
 10
630.20099
 20
58.2178798147
 30
0.0
 11
630.256928
 21
58.4387998147
 31
0.0
  0
LINE
  5
2EF
330
1B
100
AcDbEntity
 67
     1
  8
20
  6
Continuous
 62
    19
100
AcDbLine
 10
630.256928
 20
58.4387998147
 30
0.0
 11
630.295014
 21
58.9272838147
 31
0.0
  0
LINE
  5
2F0
330
1B
100
AcDbEntity
 67
     1
  8
20
  6
Continuous
 62
    19
100
AcDbLine
 10
630.295014
 20
58.9272838147
 30
0.0
 11
630.256928
 21
59.4142458147
 31
0.0
  0
LINE
  5
2F1
330
1B
100
AcDbEntity
 67
     1
  8
20
  6
Continuous
 62
    19
100
AcDbLine
 10
630.256928
 20
59.4142458147
 30
0.0
 11
630.20099
 21
59.6338318147
 31
0.0
  0
LINE
  5
2F2
330
1B
100
AcDbEntity
 67
     1
  8
20
  6
Continuous
 62
    19
100
AcDbLine
 10
630.20099
 20
59.6338318147
 30
0.0
 11
630.05533
 21
59.8992418147
 31
0.0
  0
LINE
  5
2F3
330
1B
100
AcDbEntity
 67
     1
  8
20
  6
Continuous
 62
    19
100
AcDbLine
 10
630.05533
 20
59.8992418147
 30
0.0
 11
629.887528
 21
60.0263098147
 31
0.0
  0
LINE
  5
2F4
330
1B
100
AcDbEntity
 67
     1
  8
20
  6
Continuous
 62
    19
100
AcDbLine
 10
629.887528
 20
60.0263098147
 30
0.0
 11
629.660752
 21
60.0725018147
 31
0.0
  0
LINE
  5
2F5
330
1B
100
AcDbEntity
 67
     1
  8
20
  6
Continuous
 62
    19
100
AcDbLine
 10
629.660752
 20
60.0725018147
 30
0.0
 11
629.428818
 21
60.0240978147
 31
0.0
  0
LINE
  5
2F6
330
1B
100
AcDbEntity
 67
     1
  8
20
  6
Continuous
 62
    19
100
AcDbLine
 10
629.428818
 20
60.0240978147
 30
0.0
 11
629.257798
 21
59.8912498147
 31
0.0
  0
LINE
  5
2F7
330
1B
100
AcDbEntity
 67
     1
  8
20
  6
Continuous
 62
    19
100
AcDbLine
 10
629.257798
 20
59.8912498147
 30
0.0
 11
629.114334
 21
59.6262618147
 31
0.0
  0
LINE
  5
2F8
330
1B
100
AcDbEntity
 67
     1
  8
20
  6
Continuous
 62
    19
100
AcDbLine
 10
629.114334
 20
59.6262618147
 30
0.0
 11
629.05867
 21
59.4085738147
 31
0.0
  0
LINE
  5
2F9
330
1B
100
AcDbEntity
 67
     1
  8
20
  6
Continuous
 62
    19
100
AcDbLine
 10
629.05867
 20
59.4085738147
 30
0.0
 11
629.020264
 21
58.9272838147
 31
0.0
  0
LINE
  5
2FA
330
1B
100
AcDbEntity
 67
     1
  8
20
  6
Continuous
 62
    19
100
AcDbLine
 10
629.020264
 20
58.9272838147
 30
0.0
 11
629.05867
 21
58.4445038147
 31
0.0
  0
LINE
  5
2FB
330
1B
100
AcDbEntity
 67
     1
  8
20
  6
Continuous
 62
    19
100
AcDbLine
 10
629.05867
 20
58.4445038147
 30
0.0
 11
629.114334
 21
58.2254978147
 31
0.0
  0
LINE
  5
2FC
330
1B
100
AcDbEntity
 67
     1
  8
20
  6
Continuous
 62
    19
100
AcDbLine
 10
629.114334
 20
58.2254978147
 30
0.0
 11
629.257798
 21
57.9584738147
 31
0.0
  0
LINE
  5
2FD
330
1B
100
AcDbEntity
 67
     1
  8
20
  6
Continuous
 62
    19
100
AcDbLine
 10
629.257798
 20
57.9584738147
 30
0.0
 11
629.428818
 21
57.8244138147
 31
0.0
  0
LINE
  5
2FE
330
1B
100
AcDbEntity
 67
     1
  8
20
  6
Continuous
 62
    19
100
AcDbLine
 10
629.428818
 20
57.8244138147
 30
0.0
 11
629.660752
 21
57.7755238147
 31
0.0
  0
LINE
  5
2FF
330
1B
100
AcDbEntity
 67
     1
  8
20
  6
Continuous
 62
    19
100
AcDbLine
 10
631.72638
 20
56.7399058147
 30
0.0
 11
632.309754
 21
56.5061258147
 31
0.0
  0
LINE
  5
300
330
1B
100
AcDbEntity
 67
     1
  8
20
  6
Continuous
 62
    19
100
AcDbLine
 10
632.309754
 20
56.5061258147
 30
0.0
 11
632.709992
 21
56.4553138147
 31
0.0
  0
LINE
  5
301
330
1B
100
AcDbEntity
 67
     1
  8
20
  6
Continuous
 62
    19
100
AcDbLine
 10
632.709992
 20
56.4553138147
 30
0.0
 11
633.044832
 21
56.4985378147
 31
0.0
  0
LINE
  5
302
330
1B
100
AcDbEntity
 67
     1
  8
20
  6
Continuous
 62
    19
100
AcDbLine
 10
633.044832
 20
56.4985378147
 30
0.0
 11
633.284028
 21
56.6177898147
 31
0.0
  0
LINE
  5
303
330
1B
100
AcDbEntity
 67
     1
  8
20
  6
Continuous
 62
    19
100
AcDbLine
 10
633.284028
 20
56.6177898147
 30
0.0
 11
633.475586
 21
56.8576118147
 31
0.0
  0
LINE
  5
304
330
1B
100
AcDbEntity
 67
     1
  8
20
  6
Continuous
 62
    19
100
AcDbLine
 10
633.475586
 20
56.8576118147
 30
0.0
 11
633.545518
 21
57.0565218147
 31
0.0
  0
LINE
  5
305
330
1B
100
AcDbEntity
 67
     1
  8
20
  6
Continuous
 62
    19
100
AcDbLine
 10
633.545518
 20
57.0565218147
 30
0.0
 11
633.589936
 21
57.5036958147
 31
0.0
  0
LINE
  5
306
330
1B
100
AcDbEntity
 67
     1
  8
20
  6
Continuous
 62
    19
100
AcDbLine
 10
633.589936
 20
57.5036958147
 30
0.0
 11
633.589936
 21
57.5437038147
 31
0.0
  0
LINE
  5
307
330
1B
100
AcDbEntity
 67
     1
  8
20
  6
Continuous
 62
    19
100
AcDbLine
 10
633.589936
 20
57.5437038147
 30
0.0
 11
633.589936
 21
57.7384918147
 31
0.0
  0
LINE
  5
308
330
1B
100
AcDbEntity
 67
     1
  8
20
  6
Continuous
 62
    19
100
AcDbLine
 10
633.589936
 20
57.7384918147
 30
0.0
 11
633.589936
 21
57.8206718147
 31
0.0
  0
LINE
  5
309
330
1B
100
AcDbEntity
 67
     1
  8
20
  6
Continuous
 62
    19
100
AcDbLine
 10
633.589936
 20
57.8206718147
 30
0.0
 11
633.577164
 21
57.8206718147
 31
0.0
  0
LINE
  5
30A
330
1B
100
AcDbEntity
 67
     1
  8
20
  6
Continuous
 62
    19
100
AcDbLine
 10
633.577164
 20
57.8206718147
 30
0.0
 11
633.329408
 21
57.4794338147
 31
0.0
  0
LINE
  5
30B
330
1B
100
AcDbEntity
 67
     1
  8
20
  6
Continuous
 62
    19
100
AcDbLine
 10
633.329408
 20
57.4794338147
 30
0.0
 11
633.129396
 21
57.3461678147
 31
0.0
  0
LINE
  5
30C
330
1B
100
AcDbEntity
 67
     1
  8
20
  6
Continuous
 62
    19
100
AcDbLine
 10
633.129396
 20
57.3461678147
 30
0.0
 11
632.696916
 21
57.2577178147
 31
0.0
  0
LINE
  5
30D
330
1B
100
AcDbEntity
 67
     1
  8
20
  6
Continuous
 62
    19
100
AcDbLine
 10
632.696916
 20
57.2577178147
 30
0.0
 11
632.362092
 21
57.3116638147
 31
0.0
  0
LINE
  5
30E
330
1B
100
AcDbEntity
 67
     1
  8
20
  6
Continuous
 62
    19
100
AcDbLine
 10
632.362092
 20
57.3116638147
 30
0.0
 11
632.019608
 21
57.5053398147
 31
0.0
  0
LINE
  5
30F
330
1B
100
AcDbEntity
 67
     1
  8
20
  6
Continuous
 62
    19
100
AcDbLine
 10
632.019608
 20
57.5053398147
 30
0.0
 11
631.73079
 21
57.8864978147
 31
0.0
  0
LINE
  5
310
330
1B
100
AcDbEntity
 67
     1
  8
20
  6
Continuous
 62
    19
100
AcDbLine
 10
631.73079
 20
57.8864978147
 30
0.0
 11
631.586304
 21
58.3241238147
 31
0.0
  0
LINE
  5
311
330
1B
100
AcDbEntity
 67
     1
  8
20
  6
Continuous
 62
    19
100
AcDbLine
 10
631.586304
 20
58.3241238147
 30
0.0
 11
631.532396
 21
58.9142038147
 31
0.0
  0
LINE
  5
312
330
1B
100
AcDbEntity
 67
     1
  8
20
  6
Continuous
 62
    19
100
AcDbLine
 10
631.532396
 20
58.9142038147
 30
0.0
 11
631.583634
 21
59.5028198147
 31
0.0
  0
LINE
  5
313
330
1B
100
AcDbEntity
 67
     1
  8
20
  6
Continuous
 62
    19
100
AcDbLine
 10
631.583634
 20
59.5028198147
 30
0.0
 11
631.746704
 21
60.0128398147
 31
0.0
  0
LINE
  5
314
330
1B
100
AcDbEntity
 67
     1
  8
20
  6
Continuous
 62
    19
100
AcDbLine
 10
631.746704
 20
60.0128398147
 30
0.0
 11
632.03566
 21
60.3982418147
 31
0.0
  0
LINE
  5
315
330
1B
100
AcDbEntity
 67
     1
  8
20
  6
Continuous
 62
    19
100
AcDbLine
 10
632.03566
 20
60.3982418147
 30
0.0
 11
632.34343
 21
60.5778238147
 31
0.0
  0
LINE
  5
316
330
1B
100
AcDbEntity
 67
     1
  8
20
  6
Continuous
 62
    19
100
AcDbLine
 10
632.34343
 20
60.5778238147
 30
0.0
 11
632.73584
 21
60.6419978147
 31
0.0
  0
LINE
  5
317
330
1B
100
AcDbEntity
 67
     1
  8
20
  6
Continuous
 62
    19
100
AcDbLine
 10
632.73584
 20
60.6419978147
 30
0.0
 11
633.14235
 21
60.5590478147
 31
0.0
  0
LINE
  5
318
330
1B
100
AcDbEntity
 67
     1
  8
20
  6
Continuous
 62
    19
100
AcDbLine
 10
633.14235
 20
60.5590478147
 30
0.0
 11
633.339448
 21
60.4297938147
 31
0.0
  0
LINE
  5
319
330
1B
100
AcDbEntity
 67
     1
  8
20
  6
Continuous
 62
    19
100
AcDbLine
 10
633.339448
 20
60.4297938147
 30
0.0
 11
633.61577
 21
60.0725018147
 31
0.0
  0
LINE
  5
31A
330
1B
100
AcDbEntity
 67
     1
  8
20
  6
Continuous
 62
    19
100
AcDbLine
 10
633.61577
 20
60.0725018147
 30
0.0
 11
633.641922
 21
60.0725018147
 31
0.0
  0
LINE
  5
31B
330
1B
100
AcDbEntity
 67
     1
  8
20
  6
Continuous
 62
    19
100
AcDbLine
 10
633.641922
 20
60.0725018147
 30
0.0
 11
633.667772
 21
60.5899998147
 31
0.0
  0
LINE
  5
31C
330
1B
100
AcDbEntity
 67
     1
  8
20
  6
Continuous
 62
    19
100
AcDbLine
 10
633.667772
 20
60.5899998147
 30
0.0
 11
633.721452
 21
60.5899998147
 31
0.0
  0
LINE
  5
31D
330
1B
100
AcDbEntity
 67
     1
  8
20
  6
Continuous
 62
    19
100
AcDbLine
 10
633.721452
 20
60.5899998147
 30
0.0
 11
634.030046
 21
60.5899998147
 31
0.0
  0
LINE
  5
31E
330
1B
100
AcDbEntity
 67
     1
  8
20
  6
Continuous
 62
    19
100
AcDbLine
 10
634.030046
 20
60.5899998147
 30
0.0
 11
634.255662
 21
60.5899998147
 31
0.0
  0
LINE
  5
31F
330
1B
100
AcDbEntity
 67
     1
  8
20
  6
Continuous
 62
    19
100
AcDbLine
 10
634.255662
 20
60.5899998147
 30
0.0
 11
634.338654
 21
60.5899998147
 31
0.0
  0
LINE
  5
320
330
1B
100
AcDbEntity
 67
     1
  8
20
  6
Continuous
 62
    19
100
AcDbLine
 10
634.338654
 20
60.5899998147
 30
0.0
 11
634.392334
 21
60.5899998147
 31
0.0
  0
LINE
  5
321
330
1B
100
AcDbEntity
 67
     1
  8
20
  6
Continuous
 62
    19
100
AcDbLine
 10
634.392334
 20
60.5899998147
 30
0.0
 11
634.366486
 21
60.0659638147
 31
0.0
  0
LINE
  5
322
330
1B
100
AcDbEntity
 67
     1
  8
20
  6
Continuous
 62
    19
100
AcDbLine
 10
634.366486
 20
60.0659638147
 30
0.0
 11
634.366486
 21
60.0374838147
 31
0.0
  0
LINE
  5
323
330
1B
100
AcDbEntity
 67
     1
  8
20
  6
Continuous
 62
    19
100
AcDbLine
 10
634.366486
 20
60.0374838147
 30
0.0
 11
634.366486
 21
58.5748598147
 31
0.0
  0
LINE
  5
324
330
1B
100
AcDbEntity
 67
     1
  8
20
  6
Continuous
 62
    19
100
AcDbLine
 10
634.366486
 20
58.5748598147
 30
0.0
 11
634.366486
 21
57.9588778147
 31
0.0
  0
LINE
  5
325
330
1B
100
AcDbEntity
 67
     1
  8
20
  6
Continuous
 62
    19
100
AcDbLine
 10
634.366486
 20
57.9588778147
 30
0.0
 11
634.366486
 21
57.7432818147
 31
0.0
  0
LINE
  5
326
330
1B
100
AcDbEntity
 67
     1
  8
20
  6
Continuous
 62
    19
100
AcDbLine
 10
634.366486
 20
57.7432818147
 30
0.0
 11
634.366486
 21
57.6070738147
 31
0.0
  0
LINE
  5
327
330
1B
100
AcDbEntity
 67
     1
  8
20
  6
Continuous
 62
    19
100
AcDbLine
 10
634.366486
 20
57.6070738147
 30
0.0
 11
634.283326
 21
56.8283278147
 31
0.0
  0
LINE
  5
328
330
1B
100
AcDbEntity
 67
     1
  8
20
  6
Continuous
 62
    19
100
AcDbLine
 10
634.283326
 20
56.8283278147
 30
0.0
 11
634.165834
 21
56.5061918147
 31
0.0
  0
LINE
  5
329
330
1B
100
AcDbEntity
 67
     1
  8
20
  6
Continuous
 62
    19
100
AcDbLine
 10
634.165834
 20
56.5061918147
 30
0.0
 11
633.998856
 21
56.2529518147
 31
0.0
  0
LINE
  5
32A
330
1B
100
AcDbEntity
 67
     1
  8
20
  6
Continuous
 62
    19
100
AcDbLine
 10
633.998856
 20
56.2529518147
 30
0.0
 11
633.769304
 21
56.0528038147
 31
0.0
  0
LINE
  5
32B
330
1B
100
AcDbEntity
 67
     1
  8
20
  6
Continuous
 62
    19
100
AcDbLine
 10
633.769304
 20
56.0528038147
 30
0.0
 11
633.365204
 21
55.8812898147
 31
0.0
  0
LINE
  5
32C
330
1B
100
AcDbEntity
 67
     1
  8
20
  6
Continuous
 62
    19
100
AcDbLine
 10
633.365204
 20
55.8812898147
 30
0.0
 11
632.826448
 21
55.8213658147
 31
0.0
  0
LINE
  5
32D
330
1B
100
AcDbEntity
 67
     1
  8
20
  6
Continuous
 62
    19
100
AcDbLine
 10
632.826448
 20
55.8213658147
 30
0.0
 11
632.336838
 21
55.8592038147
 31
0.0
  0
LINE
  5
32E
330
1B
100
AcDbEntity
 67
     1
  8
20
  6
Continuous
 62
    19
100
AcDbLine
 10
632.336838
 20
55.8592038147
 30
0.0
 11
631.68123
 21
56.0284278147
 31
0.0
  0
LINE
  5
32F
330
1B
100
AcDbEntity
 67
     1
  8
20
  6
Continuous
 62
    19
100
AcDbLine
 10
631.68123
 20
56.0284278147
 30
0.0
 11
631.684572
 21
56.0811298147
 31
0.0
  0
LINE
  5
330
330
1B
100
AcDbEntity
 67
     1
  8
20
  6
Continuous
 62
    19
100
AcDbLine
 10
631.684572
 20
56.0811298147
 30
0.0
 11
631.703798
 21
56.3841658147
 31
0.0
  0
LINE
  5
331
330
1B
100
AcDbEntity
 67
     1
  8
20
  6
Continuous
 62
    19
100
AcDbLine
 10
631.703798
 20
56.3841658147
 30
0.0
 11
631.717866
 21
56.6057098147
 31
0.0
  0
LINE
  5
332
330
1B
100
AcDbEntity
 67
     1
  8
20
  6
Continuous
 62
    19
100
AcDbLine
 10
631.717866
 20
56.6057098147
 30
0.0
 11
631.723038
 21
56.6872018147
 31
0.0
  0
LINE
  5
333
330
1B
100
AcDbEntity
 67
     1
  8
20
  6
Continuous
 62
    19
100
AcDbLine
 10
631.723038
 20
56.6872018147
 30
0.0
 11
631.72638
 21
56.7399058147
 31
0.0
  0
LINE
  5
334
330
1B
100
AcDbEntity
 67
     1
  8
20
  6
Continuous
 62
    19
100
AcDbLine
 10
632.884674
 20
57.8465158147
 30
0.0
 11
633.19928
 21
57.9107198147
 31
0.0
  0
LINE
  5
335
330
1B
100
AcDbEntity
 67
     1
  8
20
  6
Continuous
 62
    19
100
AcDbLine
 10
633.19928
 20
57.9107198147
 30
0.0
 11
633.415712
 21
58.1051558147
 31
0.0
  0
LINE
  5
336
330
1B
100
AcDbEntity
 67
     1
  8
20
  6
Continuous
 62
    19
100
AcDbLine
 10
633.415712
 20
58.1051558147
 30
0.0
 11
633.548158
 21
58.4584778147
 31
0.0
  0
LINE
  5
337
330
1B
100
AcDbEntity
 67
     1
  8
20
  6
Continuous
 62
    19
100
AcDbLine
 10
633.548158
 20
58.4584778147
 30
0.0
 11
633.589936
 21
58.9658918147
 31
0.0
  0
LINE
  5
338
330
1B
100
AcDbEntity
 67
     1
  8
20
  6
Continuous
 62
    19
100
AcDbLine
 10
633.589936
 20
58.9658918147
 30
0.0
 11
633.507004
 21
59.5548318147
 31
0.0
  0
LINE
  5
339
330
1B
100
AcDbEntity
 67
     1
  8
20
  6
Continuous
 62
    19
100
AcDbLine
 10
633.507004
 20
59.5548318147
 30
0.0
 11
633.280304
 21
59.9150198147
 31
0.0
  0
LINE
  5
33A
330
1B
100
AcDbEntity
 67
     1
  8
20
  6
Continuous
 62
    19
100
AcDbLine
 10
633.280304
 20
59.9150198147
 30
0.0
 11
632.942902
 21
60.0335798147
 31
0.0
  0
LINE
  5
33B
330
1B
100
AcDbEntity
 67
     1
  8
20
  6
Continuous
 62
    19
100
AcDbLine
 10
632.942902
 20
60.0335798147
 30
0.0
 11
632.70865
 21
59.9784398147
 31
0.0
  0
LINE
  5
33C
330
1B
100
AcDbEntity
 67
     1
  8
20
  6
Continuous
 62
    19
100
AcDbLine
 10
632.70865
 20
59.9784398147
 30
0.0
 11
632.53911
 21
59.8248558147
 31
0.0
  0
LINE
  5
33D
330
1B
100
AcDbEntity
 67
     1
  8
20
  6
Continuous
 62
    19
100
AcDbLine
 10
632.53911
 20
59.8248558147
 30
0.0
 11
632.437226
 21
59.6067738147
 31
0.0
  0
LINE
  5
33E
330
1B
100
AcDbEntity
 67
     1
  8
20
  6
Continuous
 62
    19
100
AcDbLine
 10
632.437226
 20
59.6067738147
 30
0.0
 11
632.360642
 21
58.9593538147
 31
0.0
  0
LINE
  5
33F
330
1B
100
AcDbEntity
 67
     1
  8
20
  6
Continuous
 62
    19
100
AcDbLine
 10
632.360642
 20
58.9593538147
 30
0.0
 11
632.436096
 21
58.3229378147
 31
0.0
  0
LINE
  5
340
330
1B
100
AcDbEntity
 67
     1
  8
20
  6
Continuous
 62
    19
100
AcDbLine
 10
632.436096
 20
58.3229378147
 30
0.0
 11
632.628006
 21
57.9610778147
 31
0.0
  0
LINE
  5
341
330
1B
100
AcDbEntity
 67
     1
  8
20
  6
Continuous
 62
    19
100
AcDbLine
 10
632.628006
 20
57.9610778147
 30
0.0
 11
632.75148
 21
57.8745878147
 31
0.0
  0
LINE
  5
342
330
1B
100
AcDbEntity
 67
     1
  8
20
  6
Continuous
 62
    19
100
AcDbLine
 10
632.75148
 20
57.8745878147
 30
0.0
 11
632.884674
 21
57.8465158147
 31
0.0
  0
LINE
  5
343
330
1B
100
AcDbEntity
 67
     1
  8
20
  6
Continuous
 62
    19
100
AcDbLine
 10
636.269898
 20
58.0728838147
 30
0.0
 11
636.282974
 21
58.0728838147
 31
0.0
  0
LINE
  5
344
330
1B
100
AcDbEntity
 67
     1
  8
20
  6
Continuous
 62
    19
100
AcDbLine
 10
636.282974
 20
58.0728838147
 30
0.0
 11
636.29039
 21
58.1020358147
 31
0.0
  0
LINE
  5
345
330
1B
100
AcDbEntity
 67
     1
  8
20
  6
Continuous
 62
    19
100
AcDbLine
 10
636.29039
 20
58.1020358147
 30
0.0
 11
636.671372
 21
59.5992958147
 31
0.0
  0
LINE
  5
346
330
1B
100
AcDbEntity
 67
     1
  8
20
  6
Continuous
 62
    19
100
AcDbLine
 10
636.671372
 20
59.5992958147
 30
0.0
 11
636.831818
 21
60.2298658147
 31
0.0
  0
LINE
  5
347
330
1B
100
AcDbEntity
 67
     1
  8
20
  6
Continuous
 62
    19
100
AcDbLine
 10
636.831818
 20
60.2298658147
 30
0.0
 11
636.887986
 21
60.4505658147
 31
0.0
  0
LINE
  5
348
330
1B
100
AcDbEntity
 67
     1
  8
20
  6
Continuous
 62
    19
100
AcDbLine
 10
636.887986
 20
60.4505658147
 30
0.0
 11
636.923462
 21
60.5899998147
 31
0.0
  0
LINE
  5
349
330
1B
100
AcDbEntity
 67
     1
  8
20
  6
Continuous
 62
    19
100
AcDbLine
 10
636.923462
 20
60.5899998147
 30
0.0
 11
636.980988
 21
60.5899998147
 31
0.0
  0
LINE
  5
34A
330
1B
100
AcDbEntity
 67
     1
  8
20
  6
Continuous
 62
    19
100
AcDbLine
 10
636.980988
 20
60.5899998147
 30
0.0
 11
637.311738
 21
60.5899998147
 31
0.0
  0
LINE
  5
34B
330
1B
100
AcDbEntity
 67
     1
  8
20
  6
Continuous
 62
    19
100
AcDbLine
 10
637.311738
 20
60.5899998147
 30
0.0
 11
637.553544
 21
60.5899998147
 31
0.0
  0
LINE
  5
34C
330
1B
100
AcDbEntity
 67
     1
  8
20
  6
Continuous
 62
    19
100
AcDbLine
 10
637.553544
 20
60.5899998147
 30
0.0
 11
637.642488
 21
60.5899998147
 31
0.0
  0
LINE
  5
34D
330
1B
100
AcDbEntity
 67
     1
  8
20
  6
Continuous
 62
    19
100
AcDbLine
 10
637.642488
 20
60.5899998147
 30
0.0
 11
637.700012
 21
60.5899998147
 31
0.0
  0
LINE
  5
34E
330
1B
100
AcDbEntity
 67
     1
  8
20
  6
Continuous
 62
    19
100
AcDbLine
 10
637.700012
 20
60.5899998147
 30
0.0
 11
637.691406
 21
60.5619358147
 31
0.0
  0
LINE
  5
34F
330
1B
100
AcDbEntity
 67
     1
  8
20
  6
Continuous
 62
    19
100
AcDbLine
 10
637.691406
 20
60.5619358147
 30
0.0
 11
637.19272
 21
58.9359138147
 31
0.0
  0
LINE
  5
350
330
1B
100
AcDbEntity
 67
     1
  8
20
  6
Continuous
 62
    19
100
AcDbLine
 10
637.19272
 20
58.9359138147
 30
0.0
 11
636.759614
 21
57.5237738147
 31
0.0
  0
LINE
  5
351
330
1B
100
AcDbEntity
 67
     1
  8
20
  6
Continuous
 62
    19
100
AcDbLine
 10
636.759614
 20
57.5237738147
 30
0.0
 11
636.593202
 21
56.9811598147
 31
0.0
  0
LINE
  5
352
330
1B
100
AcDbEntity
 67
     1
  8
20
  6
Continuous
 62
    19
100
AcDbLine
 10
636.593202
 20
56.9811598147
 30
0.0
 11
636.51947
 21
56.7407678147
 31
0.0
  0
LINE
  5
353
330
1B
100
AcDbEntity
 67
     1
  8
20
  6
Continuous
 62
    19
100
AcDbLine
 10
636.51947
 20
56.7407678147
 30
0.0
 11
636.48349
 21
56.6234558147
 31
0.0
  0
LINE
  5
354
330
1B
100
AcDbEntity
 67
     1
  8
20
  6
Continuous
 62
    19
100
AcDbLine
 10
636.48349
 20
56.6234558147
 30
0.0
 11
636.323488
 21
56.2584298147
 31
0.0
  0
LINE
  5
355
330
1B
100
AcDbEntity
 67
     1
  8
20
  6
Continuous
 62
    19
100
AcDbLine
 10
636.323488
 20
56.2584298147
 30
0.0
 11
636.078034
 21
55.9855338147
 31
0.0
  0
LINE
  5
356
330
1B
100
AcDbEntity
 67
     1
  8
20
  6
Continuous
 62
    19
100
AcDbLine
 10
636.078034
 20
55.9855338147
 30
0.0
 11
635.83638
 21
55.8644938147
 31
0.0
  0
LINE
  5
357
330
1B
100
AcDbEntity
 67
     1
  8
20
  6
Continuous
 62
    19
100
AcDbLine
 10
635.83638
 20
55.8644938147
 30
0.0
 11
635.532258
 21
55.8213658147
 31
0.0
  0
LINE
  5
358
330
1B
100
AcDbEntity
 67
     1
  8
20
  6
Continuous
 62
    19
100
AcDbLine
 10
635.532258
 20
55.8213658147
 30
0.0
 11
635.020982
 21
55.9054338147
 31
0.0
  0
LINE
  5
359
330
1B
100
AcDbEntity
 67
     1
  8
20
  6
Continuous
 62
    19
100
AcDbLine
 10
635.020982
 20
55.9054338147
 30
0.0
 11
635.024354
 21
55.9509658147
 31
0.0
  0
LINE
  5
35A
330
1B
100
AcDbEntity
 67
     1
  8
20
  6
Continuous
 62
    19
100
AcDbLine
 10
635.024354
 20
55.9509658147
 30
0.0
 11
635.043718
 21
56.2127578147
 31
0.0
  0
LINE
  5
35B
330
1B
100
AcDbEntity
 67
     1
  8
20
  6
Continuous
 62
    19
100
AcDbLine
 10
635.043718
 20
56.2127578147
 30
0.0
 11
635.057878
 21
56.4041438147
 31
0.0
  0
LINE
  5
35C
330
1B
100
AcDbEntity
 67
     1
  8
20
  6
Continuous
 62
    19
100
AcDbLine
 10
635.057878
 20
56.4041438147
 30
0.0
 11
635.066452
 21
56.5200798147
 31
0.0
  0
LINE
  5
35D
330
1B
100
AcDbEntity
 67
     1
  8
20
  6
Continuous
 62
    19
100
AcDbLine
 10
635.066452
 20
56.5200798147
 30
0.0
 11
635.370652
 21
56.4553138147
 31
0.0
  0
LINE
  5
35E
330
1B
100
AcDbEntity
 67
     1
  8
20
  6
Continuous
 62
    19
100
AcDbLine
 10
635.370652
 20
56.4553138147
 30
0.0
 11
635.569642
 21
56.5020058147
 31
0.0
  0
LINE
  5
35F
330
1B
100
AcDbEntity
 67
     1
  8
20
  6
Continuous
 62
    19
100
AcDbLine
 10
635.569642
 20
56.5020058147
 30
0.0
 11
635.666962
 21
56.5949558147
 31
0.0
  0
LINE
  5
360
330
1B
100
AcDbEntity
 67
     1
  8
20
  6
Continuous
 62
    19
100
AcDbLine
 10
635.666962
 20
56.5949558147
 30
0.0
 11
635.81685
 21
56.9407378147
 31
0.0
  0
LINE
  5
361
330
1B
100
AcDbEntity
 67
     1
  8
20
  6
Continuous
 62
    19
100
AcDbLine
 10
635.81685
 20
56.9407378147
 30
0.0
 11
635.824204
 21
56.9766578147
 31
0.0
  0
LINE
  5
362
330
1B
100
AcDbEntity
 67
     1
  8
20
  6
Continuous
 62
    19
100
AcDbLine
 10
635.824204
 20
56.9766578147
 30
0.0
 11
635.859986
 21
57.1515458147
 31
0.0
  0
LINE
  5
363
330
1B
100
AcDbEntity
 67
     1
  8
20
  6
Continuous
 62
    19
100
AcDbLine
 10
635.859986
 20
57.1515458147
 30
0.0
 11
635.875078
 21
57.2253338147
 31
0.0
  0
LINE
  5
364
330
1B
100
AcDbEntity
 67
     1
  8
20
  6
Continuous
 62
    19
100
AcDbLine
 10
635.875078
 20
57.2253338147
 30
0.0
 11
635.862946
 21
57.2622138147
 31
0.0
  0
LINE
  5
365
330
1B
100
AcDbEntity
 67
     1
  8
20
  6
Continuous
 62
    19
100
AcDbLine
 10
635.862946
 20
57.2622138147
 30
0.0
 11
635.230118
 21
59.1869018147
 31
0.0
  0
LINE
  5
366
330
1B
100
AcDbEntity
 67
     1
  8
20
  6
Continuous
 62
    19
100
AcDbLine
 10
635.230118
 20
59.1869018147
 30
0.0
 11
634.937806
 21
60.0759018147
 31
0.0
  0
LINE
  5
367
330
1B
100
AcDbEntity
 67
     1
  8
20
  6
Continuous
 62
    19
100
AcDbLine
 10
634.937806
 20
60.0759018147
 30
0.0
 11
634.834428
 21
60.3903358147
 31
0.0
  0
LINE
  5
368
330
1B
100
AcDbEntity
 67
     1
  8
20
  6
Continuous
 62
    19
100
AcDbLine
 10
634.834428
 20
60.3903358147
 30
0.0
 11
634.786088
 21
60.5373458147
 31
0.0
  0
LINE
  5
369
330
1B
100
AcDbEntity
 67
     1
  8
20
  6
Continuous
 62
    19
100
AcDbLine
 10
634.786088
 20
60.5373458147
 30
0.0
 11
634.76877
 21
60.5899998147
 31
0.0
  0
LINE
  5
36A
330
1B
100
AcDbEntity
 67
     1
  8
20
  6
Continuous
 62
    19
100
AcDbLine
 10
634.76877
 20
60.5899998147
 30
0.0
 11
634.830124
 21
60.5899998147
 31
0.0
  0
LINE
  5
36B
330
1B
100
AcDbEntity
 67
     1
  8
20
  6
Continuous
 62
    19
100
AcDbLine
 10
634.830124
 20
60.5899998147
 30
0.0
 11
635.182892
 21
60.5899998147
 31
0.0
  0
LINE
  5
36C
330
1B
100
AcDbEntity
 67
     1
  8
20
  6
Continuous
 62
    19
100
AcDbLine
 10
635.182892
 20
60.5899998147
 30
0.0
 11
635.440796
 21
60.5899998147
 31
0.0
  0
LINE
  5
36D
330
1B
100
AcDbEntity
 67
     1
  8
20
  6
Continuous
 62
    19
100
AcDbLine
 10
635.440796
 20
60.5899998147
 30
0.0
 11
635.53566
 21
60.5899998147
 31
0.0
  0
LINE
  5
36E
330
1B
100
AcDbEntity
 67
     1
  8
20
  6
Continuous
 62
    19
100
AcDbLine
 10
635.53566
 20
60.5899998147
 30
0.0
 11
635.597016
 21
60.5899998147
 31
0.0
  0
LINE
  5
36F
330
1B
100
AcDbEntity
 67
     1
  8
20
  6
Continuous
 62
    19
100
AcDbLine
 10
635.597016
 20
60.5899998147
 30
0.0
 11
635.604814
 21
60.5608438147
 31
0.0
  0
LINE
  5
370
330
1B
100
AcDbEntity
 67
     1
  8
20
  6
Continuous
 62
    19
100
AcDbLine
 10
635.604814
 20
60.5608438147
 30
0.0
 11
636.005066
 21
59.0635878147
 31
0.0
  0
LINE
  5
371
330
1B
100
AcDbEntity
 67
     1
  8
20
  6
Continuous
 62
    19
100
AcDbLine
 10
636.005066
 20
59.0635878147
 30
0.0
 11
636.173616
 21
58.4330178147
 31
0.0
  0
LINE
  5
372
330
1B
100
AcDbEntity
 67
     1
  8
20
  6
Continuous
 62
    19
100
AcDbLine
 10
636.173616
 20
58.4330178147
 30
0.0
 11
636.23262
 21
58.2123178147
 31
0.0
  0
LINE
  5
373
330
1B
100
AcDbEntity
 67
     1
  8
20
  6
Continuous
 62
    19
100
AcDbLine
 10
636.23262
 20
58.2123178147
 30
0.0
 11
636.269898
 21
58.0728838147
 31
0.0
  0
LINE
  5
374
330
1B
100
AcDbEntity
 67
     1
  8
20
  6
Continuous
 62
    19
100
AcDbLine
 10
609.364702
 20
55.6577378147
 30
0.0
 11
609.499314
 21
55.6577378147
 31
0.0
  0
LINE
  5
375
330
1B
100
AcDbEntity
 67
     1
  8
20
  6
Continuous
 62
    19
100
AcDbLine
 10
609.499314
 20
55.6577378147
 30
0.0
 11
610.203446
 21
55.6577378147
 31
0.0
  0
LINE
  5
376
330
1B
100
AcDbEntity
 67
     1
  8
20
  6
Continuous
 62
    19
100
AcDbLine
 10
610.203446
 20
55.6577378147
 30
0.0
 11
610.495714
 21
55.6577378147
 31
0.0
  0
LINE
  5
377
330
1B
100
AcDbEntity
 67
     1
  8
20
  6
Continuous
 62
    19
100
AcDbLine
 10
610.495714
 20
55.6577378147
 30
0.0
 11
610.596162
 21
55.6577378147
 31
0.0
  0
LINE
  5
378
330
1B
100
AcDbEntity
 67
     1
  8
20
  6
Continuous
 62
    19
100
AcDbLine
 10
610.596162
 20
55.6577378147
 30
0.0
 11
610.659058
 21
55.6577378147
 31
0.0
  0
LINE
  5
379
330
1B
100
AcDbEntity
 67
     1
  8
20
  6
Continuous
 62
    19
100
AcDbLine
 10
610.659058
 20
55.6577378147
 30
0.0
 11
611.273454
 21
55.5635338147
 31
0.0
  0
LINE
  5
37A
330
1B
100
AcDbEntity
 67
     1
  8
20
  6
Continuous
 62
    19
100
AcDbLine
 10
611.273454
 20
55.5635338147
 30
0.0
 11
611.716798
 21
55.2922278147
 31
0.0
  0
LINE
  5
37B
330
1B
100
AcDbEntity
 67
     1
  8
20
  6
Continuous
 62
    19
100
AcDbLine
 10
611.716798
 20
55.2922278147
 30
0.0
 11
611.985444
 21
54.8607818147
 31
0.0
  0
LINE
  5
37C
330
1B
100
AcDbEntity
 67
     1
  8
20
  6
Continuous
 62
    19
100
AcDbLine
 10
611.985444
 20
54.8607818147
 30
0.0
 11
612.075806
 21
54.2861518147
 31
0.0
  0
LINE
  5
37D
330
1B
100
AcDbEntity
 67
     1
  8
20
  6
Continuous
 62
    19
100
AcDbLine
 10
612.075806
 20
54.2861518147
 30
0.0
 11
611.985444
 21
53.7104538147
 31
0.0
  0
LINE
  5
37E
330
1B
100
AcDbEntity
 67
     1
  8
20
  6
Continuous
 62
    19
100
AcDbLine
 10
611.985444
 20
53.7104538147
 30
0.0
 11
611.716798
 21
53.2766538147
 31
0.0
  0
LINE
  5
37F
330
1B
100
AcDbEntity
 67
     1
  8
20
  6
Continuous
 62
    19
100
AcDbLine
 10
611.716798
 20
53.2766538147
 30
0.0
 11
611.273454
 21
53.0029898147
 31
0.0
  0
LINE
  5
380
330
1B
100
AcDbEntity
 67
     1
  8
20
  6
Continuous
 62
    19
100
AcDbLine
 10
611.273454
 20
53.0029898147
 30
0.0
 11
610.659058
 21
52.9077178147
 31
0.0
  0
LINE
  5
381
330
1B
100
AcDbEntity
 67
     1
  8
20
  6
Continuous
 62
    19
100
AcDbLine
 10
610.659058
 20
52.9077178147
 30
0.0
 11
610.600236
 21
52.9077178147
 31
0.0
  0
LINE
  5
382
330
1B
100
AcDbEntity
 67
     1
  8
20
  6
Continuous
 62
    19
100
AcDbLine
 10
610.600236
 20
52.9077178147
 30
0.0
 11
610.313798
 21
52.9077178147
 31
0.0
  0
LINE
  5
383
330
1B
100
AcDbEntity
 67
     1
  8
20
  6
Continuous
 62
    19
100
AcDbLine
 10
610.313798
 20
52.9077178147
 30
0.0
 11
610.192948
 21
52.9077178147
 31
0.0
  0
LINE
  5
384
330
1B
100
AcDbEntity
 67
     1
  8
20
  6
Continuous
 62
    19
100
AcDbLine
 10
610.192948
 20
52.9077178147
 30
0.0
 11
610.192948
 21
52.7768698147
 31
0.0
  0
LINE
  5
385
330
1B
100
AcDbEntity
 67
     1
  8
20
  6
Continuous
 62
    19
100
AcDbLine
 10
610.192948
 20
52.7768698147
 30
0.0
 11
610.192948
 21
52.0245178147
 31
0.0
  0
LINE
  5
386
330
1B
100
AcDbEntity
 67
     1
  8
20
  6
Continuous
 62
    19
100
AcDbLine
 10
610.192948
 20
52.0245178147
 30
0.0
 11
610.192948
 21
51.4744878147
 31
0.0
  0
LINE
  5
387
330
1B
100
AcDbEntity
 67
     1
  8
20
  6
Continuous
 62
    19
100
AcDbLine
 10
610.192948
 20
51.4744878147
 30
0.0
 11
610.192948
 21
51.2721638147
 31
0.0
  0
LINE
  5
388
330
1B
100
AcDbEntity
 67
     1
  8
20
  6
Continuous
 62
    19
100
AcDbLine
 10
610.192948
 20
51.2721638147
 30
0.0
 11
610.192948
 21
51.1413158147
 31
0.0
  0
LINE
  5
389
330
1B
100
AcDbEntity
 67
     1
  8
20
  6
Continuous
 62
    19
100
AcDbLine
 10
610.192948
 20
51.1413158147
 30
0.0
 11
610.131592
 21
51.1413158147
 31
0.0
  0
LINE
  5
38A
330
1B
100
AcDbEntity
 67
     1
  8
20
  6
Continuous
 62
    19
100
AcDbLine
 10
610.131592
 20
51.1413158147
 30
0.0
 11
609.778824
 21
51.1413158147
 31
0.0
  0
LINE
  5
38B
330
1B
100
AcDbEntity
 67
     1
  8
20
  6
Continuous
 62
    19
100
AcDbLine
 10
609.778824
 20
51.1413158147
 30
0.0
 11
609.52092
 21
51.1413158147
 31
0.0
  0
LINE
  5
38C
330
1B
100
AcDbEntity
 67
     1
  8
20
  6
Continuous
 62
    19
100
AcDbLine
 10
609.52092
 20
51.1413158147
 30
0.0
 11
609.426056
 21
51.1413158147
 31
0.0
  0
LINE
  5
38D
330
1B
100
AcDbEntity
 67
     1
  8
20
  6
Continuous
 62
    19
100
AcDbLine
 10
609.426056
 20
51.1413158147
 30
0.0
 11
609.364702
 21
51.1413158147
 31
0.0
  0
LINE
  5
38E
330
1B
100
AcDbEntity
 67
     1
  8
20
  6
Continuous
 62
    19
100
AcDbLine
 10
609.364702
 20
51.1413158147
 30
0.0
 11
609.364702
 21
51.1815838147
 31
0.0
  0
LINE
  5
38F
330
1B
100
AcDbEntity
 67
     1
  8
20
  6
Continuous
 62
    19
100
AcDbLine
 10
609.364702
 20
51.1815838147
 30
0.0
 11
609.364702
 21
53.3995238147
 31
0.0
  0
LINE
  5
390
330
1B
100
AcDbEntity
 67
     1
  8
20
  6
Continuous
 62
    19
100
AcDbLine
 10
609.364702
 20
53.3995238147
 30
0.0
 11
609.364702
 21
54.8058738147
 31
0.0
  0
LINE
  5
391
330
1B
100
AcDbEntity
 67
     1
  8
20
  6
Continuous
 62
    19
100
AcDbLine
 10
609.364702
 20
54.8058738147
 30
0.0
 11
609.364702
 21
55.3231838147
 31
0.0
  0
LINE
  5
392
330
1B
100
AcDbEntity
 67
     1
  8
RAHMEN_DICK
370
    25
100
AcDbLine
 10
0.0
 20
296.9999998147
 30
0.0
 11
10.0
 21
296.9999998147
 31
0.0
  0
LINE
  5
393
330
1B
100
AcDbEntity
 67
     1
  8
RAHMEN_DICK
370
    25
100
AcDbLine
 10
250.0
 20
0.0
 30
0.0
 11
250.0
 21
9.9999998147
 31
0.0
  0
LINE
  5
394
330
1B
100
AcDbEntity
 67
     1
  8
RAHMEN_DICK
370
    25
100
AcDbLine
 10
460.0
 20
0.0
 30
0.0
 11
460.0
 21
9.9999998147
 31
0.0
  0
LINE
  5
395
330
1B
100
AcDbEntity
 67
     1
  8
RAHMEN_DÜNN
 62
     7
370
    18
100
AcDbLine
 10
820.0
 20
96.9999998147
 30
0.0
 11
830.0
 21
96.9999998147
 31
0.0
  0
LINE
  5
396
330
1B
100
AcDbEntity
 67
     1
  8
RAHMEN_DÜNN
 62
     7
370
    18
100
AcDbLine
 10
820.0
 20
196.9999998147
 30
0.0
 11
830.0
 21
196.9999998147
 31
0.0
  0
LINE
  5
397
330
1B
100
AcDbEntity
 67
     1
  8
RAHMEN_DÜNN
 62
     7
370
    18
100
AcDbLine
 10
820.0
 20
396.9999998147
 30
0.0
 11
830.0
 21
396.9999998147
 31
0.0
  0
LINE
  5
398
330
1B
100
AcDbEntity
 67
     1
  8
RAHMEN_DÜNN
 62
     7
370
    18
100
AcDbLine
 10
820.0
 20
496.9999998147
 30
0.0
 11
830.0
 21
496.9999998147
 31
0.0
  0
LINE
  5
399
330
1B
100
AcDbEntity
 67
     1
  8
RAHMEN_DÜNN
 62
     7
370
    18
100
AcDbLine
 10
36.0
 20
96.9999998147
 30
0.0
 11
46.0
 21
96.9999998147
 31
0.0
  0
LINE
  5
39A
330
1B
100
AcDbEntity
 67
     1
  8
RAHMEN_DÜNN
 62
     7
370
    18
100
AcDbLine
 10
36.0
 20
196.9999998147
 30
0.0
 11
46.0
 21
196.9999998147
 31
0.0
  0
LINE
  5
39B
330
1B
100
AcDbEntity
 67
     1
  8
RAHMEN_DÜNN
 62
     7
370
    18
100
AcDbLine
 10
36.0
 20
496.9999998147
 30
0.0
 11
46.0
 21
496.9999998147
 31
0.0
  0
LINE
  5
39C
330
1B
100
AcDbEntity
 67
     1
  8
RAHMEN_DÜNN
 62
     7
370
    18
100
AcDbLine
 10
36.0
 20
396.9999998147
 30
0.0
 11
46.0
 21
396.9999998147
 31
0.0
  0
LINE
  5
39D
330
1B
100
AcDbEntity
 67
     1
  8
RAHMEN_DÜNN
 62
     7
370
    18
100
AcDbLine
 10
720.0
 20
9.9999998147
 30
0.0
 11
720.0
 21
19.9999998147
 31
0.0
  0
LINE
  5
39E
330
1B
100
AcDbEntity
 67
     1
  8
RAHMEN_DÜNN
 62
     7
370
    18
100
AcDbLine
 10
620.0
 20
9.9999998147
 30
0.0
 11
620.0
 21
19.9999998147
 31
0.0
  0
LINE
  5
39F
330
1B
100
AcDbEntity
 67
     1
  8
RAHMEN_DÜNN
 62
     7
370
    18
100
AcDbLine
 10
520.0
 20
9.9999998147
 30
0.0
 11
520.0
 21
19.9999998147
 31
0.0
  0
LINE
  5
3A0
330
1B
100
AcDbEntity
 67
     1
  8
RAHMEN_DÜNN
 62
     7
370
    18
100
AcDbLine
 10
320.0
 20
9.9999998147
 30
0.0
 11
320.0
 21
19.9999998147
 31
0.0
  0
LINE
  5
3A1
330
1B
100
AcDbEntity
 67
     1
  8
RAHMEN_DÜNN
 62
     7
370
    18
100
AcDbLine
 10
220.0
 20
9.9999998147
 30
0.0
 11
220.0
 21
19.9999998147
 31
0.0
  0
LINE
  5
3A2
330
1B
100
AcDbEntity
 67
     1
  8
RAHMEN_DÜNN
 62
     7
370
    18
100
AcDbLine
 10
120.0
 20
9.9999998147
 30
0.0
 11
120.0
 21
19.9999998147
 31
0.0
  0
LINE
  5
3A3
330
1B
100
AcDbEntity
 67
     1
  8
RAHMEN_DÜNN
 62
     7
370
    18
100
AcDbLine
 10
120.0
 20
573.9999998147
 30
0.0
 11
120.0
 21
583.9999998147
 31
0.0
  0
LINE
  5
3A4
330
1B
100
AcDbEntity
 67
     1
  8
RAHMEN_DÜNN
 62
     7
370
    18
100
AcDbLine
 10
220.0
 20
573.9999998147
 30
0.0
 11
220.0
 21
583.9999998147
 31
0.0
  0
LINE
  5
3A5
330
1B
100
AcDbEntity
 67
     1
  8
RAHMEN_DÜNN
 62
     7
370
    18
100
AcDbLine
 10
320.0
 20
573.9999998147
 30
0.0
 11
320.0
 21
583.9999998147
 31
0.0
  0
LINE
  5
3A6
330
1B
100
AcDbEntity
 67
     1
  8
RAHMEN_DÜNN
 62
     7
370
    18
100
AcDbLine
 10
720.0
 20
573.9999998147
 30
0.0
 11
720.0
 21
583.9999998147
 31
0.0
  0
LINE
  5
3A7
330
1B
100
AcDbEntity
 67
     1
  8
RAHMEN_DÜNN
 62
     7
370
    18
100
AcDbLine
 10
620.0
 20
573.9999998147
 30
0.0
 11
620.0
 21
583.9999998147
 31
0.0
  0
LINE
  5
3A8
330
1B
100
AcDbEntity
 67
     1
  8
RAHMEN_DÜNN
 62
     7
370
    18
100
AcDbLine
 10
520.0
 20
573.9999998147
 30
0.0
 11
520.0
 21
583.9999998147
 31
0.0
  0
LINE
  5
3A9
330
1B
100
AcDbEntity
 67
     1
  8
RAHMEN_DICK
370
    25
100
AcDbLine
 10
36.0
 20
296.9999998147
 30
0.0
 11
56.0
 21
296.9999998147
 31
0.0
  0
LINE
  5
3AA
330
1B
100
AcDbEntity
 67
     1
  8
RAHMEN_DICK
370
    25
100
AcDbLine
 10
810.0
 20
296.9999998147
 30
0.0
 11
830.0
 21
296.9999998147
 31
0.0
  0
LINE
  5
3AB
330
1B
100
AcDbEntity
 67
     1
  8
20
  6
Continuous
 62
    19
100
AcDbLine
 10
609.364702
 20
55.3231838147
 30
0.0
 11
609.364702
 21
55.5487438147
 31
0.0
  0
LINE
  5
3AC
330
1B
100
AcDbEntity
 67
     1
  8
RAHMEN_DICK
370
    25
100
AcDbLine
 10
420.0
 20
563.9999998147
 30
0.0
 11
420.0
 21
583.9999998147
 31
0.0
  0
LINE
  5
3AD
330
1B
100
AcDbEntity
 67
     1
  8
RAHMEN_DICK
370
    25
100
AcDbLine
 10
46.0
 20
19.9999998147
 30
0.0
 11
46.0
 21
573.9999998147
 31
0.0
  0
LINE
  5
3AE
330
1B
100
AcDbEntity
 67
     1
  8
RAHMEN_DICK
370
    25
100
AcDbLine
 10
46.0
 20
19.9999998147
 30
0.0
 11
820.0
 21
19.9999998147
 31
0.0
  0
LINE
  5
3AF
330
1B
100
AcDbEntity
 67
     1
  8
RAHMEN_DICK
370
    25
100
AcDbLine
 10
820.0
 20
19.9999998147
 30
0.0
 11
820.0
 21
573.9999998147
 31
0.0
  0
LINE
  5
3B0
330
1B
100
AcDbEntity
 67
     1
  8
RAHMEN_DICK
370
    25
100
AcDbLine
 10
46.0
 20
573.9999998147
 30
0.0
 11
820.0
 21
573.9999998147
 31
0.0
  0
LINE
  5
3B1
330
1B
100
AcDbEntity
 67
     1
  8
RAHMEN_DICK
370
    25
100
AcDbLine
 10
36.0
 20
9.9999998147
 30
0.0
 11
36.0
 21
583.9999998147
 31
0.0
  0
LINE
  5
3B2
330
1B
100
AcDbEntity
 67
     1
  8
RAHMEN_DICK
370
    25
100
AcDbLine
 10
36.0
 20
9.9999998147
 30
0.0
 11
830.0
 21
9.9999998147
 31
0.0
  0
LINE
  5
3B3
330
1B
100
AcDbEntity
 67
     1
  8
RAHMEN_DICK
370
    25
100
AcDbLine
 10
830.0
 20
9.9999998147
 30
0.0
 11
830.0
 21
583.9999998147
 31
0.0
  0
LINE
  5
3B4
330
1B
100
AcDbEntity
 67
     1
  8
RAHMEN_DICK
370
    25
100
AcDbLine
 10
36.0
 20
583.9999998147
 30
0.0
 11
830.0
 21
583.9999998147
 31
0.0
  0
LINE
  5
3B5
330
1B
100
AcDbEntity
 67
     1
  8
RAHMEN_DICK
370
    25
100
AcDbLine
 10
0.0
 20
593.9999998147
 30
0.0
 11
840.0
 21
593.9999998147
 31
0.0
  0
LINE
  5
3B6
330
1B
100
AcDbEntity
 67
     1
  8
RAHMEN_DICK
370
    25
100
AcDbLine
 10
840.0
 20
0.0
 30
0.0
 11
840.0
 21
593.9999998147
 31
0.0
  0
LINE
  5
3B7
330
1B
100
AcDbEntity
 67
     1
  8
RAHMEN_DICK
370
    25
100
AcDbLine
 10
0.0
 20
0.0
 30
0.0
 11
0.0
 21
593.9999998147
 31
0.0
  0
LINE
  5
3B8
330
1B
100
AcDbEntity
 67
     1
  8
RAHMEN_DICK
370
    25
100
AcDbLine
 10
0.0
 20
0.0
 30
0.0
 11
840.0
 21
0.0
 31
0.0
  0
LINE
  5
3B9
330
1B
100
AcDbEntity
 67
     1
  8
20
  6
Continuous
 62
    19
100
AcDbLine
 10
609.364702
 20
55.5487438147
 30
0.0
 11
609.364702
 21
55.6577378147
 31
0.0
  0
LINE
  5
3BA
330
1B
100
AcDbEntity
 67
     1
  8
20
  6
Continuous
 62
    19
100
AcDbLine
 10
610.503372
 20
53.5419758147
 30
0.0
 11
610.926454
 21
53.6255878147
 31
0.0
  0
LINE
  5
3BB
330
1B
100
AcDbEntity
 67
     1
  8
20
  6
Continuous
 62
    19
100
AcDbLine
 10
610.926454
 20
53.6255878147
 30
0.0
 11
611.169694
 21
53.8745678147
 31
0.0
  0
LINE
  5
3BC
330
1B
100
AcDbEntity
 67
     1
  8
20
  6
Continuous
 62
    19
100
AcDbLine
 10
611.169694
 20
53.8745678147
 30
0.0
 11
611.24756
 21
54.2861518147
 31
0.0
  0
LINE
  5
3BD
330
1B
100
AcDbEntity
 67
     1
  8
20
  6
Continuous
 62
    19
100
AcDbLine
 10
611.24756
 20
54.2861518147
 30
0.0
 11
611.169694
 21
54.6959038147
 31
0.0
  0
LINE
  5
3BE
330
1B
100
AcDbEntity
 67
     1
  8
20
  6
Continuous
 62
    19
100
AcDbLine
 10
611.169694
 20
54.6959038147
 30
0.0
 11
610.926454
 21
54.9418058147
 31
0.0
  0
LINE
  5
3BF
330
1B
100
AcDbEntity
 67
     1
  8
20
  6
Continuous
 62
    19
100
AcDbLine
 10
610.926454
 20
54.9418058147
 30
0.0
 11
610.503372
 21
55.0237878147
 31
0.0
  0
LINE
  5
3C0
330
1B
100
AcDbEntity
 67
     1
  8
20
  6
Continuous
 62
    19
100
AcDbLine
 10
610.503372
 20
55.0237878147
 30
0.0
 11
610.422898
 21
55.0237878147
 31
0.0
  0
LINE
  5
3C1
330
1B
100
AcDbEntity
 67
     1
  8
20
  6
Continuous
 62
    19
100
AcDbLine
 10
610.422898
 20
55.0237878147
 30
0.0
 11
610.289154
 21
55.0237878147
 31
0.0
  0
LINE
  5
3C2
330
1B
100
AcDbEntity
 67
     1
  8
20
  6
Continuous
 62
    19
100
AcDbLine
 10
610.289154
 20
55.0237878147
 30
0.0
 11
610.192948
 21
55.0237878147
 31
0.0
  0
LINE
  5
3C3
330
1B
100
AcDbEntity
 67
     1
  8
20
  6
Continuous
 62
    19
100
AcDbLine
 10
610.192948
 20
55.0237878147
 30
0.0
 11
610.192948
 21
54.9140198147
 31
0.0
  0
LINE
  5
3C4
330
1B
100
AcDbEntity
 67
     1
  8
20
  6
Continuous
 62
    19
100
AcDbLine
 10
610.192948
 20
54.9140198147
 30
0.0
 11
610.192948
 21
54.2828818147
 31
0.0
  0
LINE
  5
3C5
330
1B
100
AcDbEntity
 67
     1
  8
20
  6
Continuous
 62
    19
100
AcDbLine
 10
610.192948
 20
54.2828818147
 30
0.0
 11
610.192948
 21
53.8214718147
 31
0.0
  0
LINE
  5
3C6
330
1B
100
AcDbEntity
 67
     1
  8
20
  6
Continuous
 62
    19
100
AcDbLine
 10
610.192948
 20
53.8214718147
 30
0.0
 11
610.192948
 21
53.6517438147
 31
0.0
  0
LINE
  5
3C7
330
1B
100
AcDbEntity
 67
     1
  8
20
  6
Continuous
 62
    19
100
AcDbLine
 10
610.192948
 20
53.6517438147
 30
0.0
 11
610.192948
 21
53.5419758147
 31
0.0
  0
LINE
  5
3C8
330
1B
100
AcDbEntity
 67
     1
  8
20
  6
Continuous
 62
    19
100
AcDbLine
 10
610.192948
 20
53.5419758147
 30
0.0
 11
610.273422
 21
53.5419758147
 31
0.0
  0
LINE
  5
3C9
330
1B
100
AcDbEntity
 67
     1
  8
20
  6
Continuous
 62
    19
100
AcDbLine
 10
610.273422
 20
53.5419758147
 30
0.0
 11
610.407166
 21
53.5419758147
 31
0.0
  0
LINE
  5
3CA
330
1B
100
AcDbEntity
 67
     1
  8
20
  6
Continuous
 62
    19
100
AcDbLine
 10
610.407166
 20
53.5419758147
 30
0.0
 11
610.503372
 21
53.5419758147
 31
0.0
  0
LINE
  5
3CB
330
1B
100
AcDbEntity
 67
     1
  8
20
  6
Continuous
 62
    19
100
AcDbLine
 10
614.7184
 20
51.3032258147
 30
0.0
 11
614.155518
 21
51.1291578147
 31
0.0
  0
LINE
  5
3CC
330
1B
100
AcDbEntity
 67
     1
  8
20
  6
Continuous
 62
    19
100
AcDbLine
 10
614.155518
 20
51.1291578147
 30
0.0
 11
613.721696
 21
51.0896258147
 31
0.0
  0
LINE
  5
3CD
330
1B
100
AcDbEntity
 67
     1
  8
20
  6
Continuous
 62
    19
100
AcDbLine
 10
613.721696
 20
51.0896258147
 30
0.0
 11
613.094284
 21
51.1966698147
 31
0.0
  0
LINE
  5
3CE
330
1B
100
AcDbEntity
 67
     1
  8
20
  6
Continuous
 62
    19
100
AcDbLine
 10
613.094284
 20
51.1966698147
 30
0.0
 11
612.63768
 21
51.4896778147
 31
0.0
  0
LINE
  5
3CF
330
1B
100
AcDbEntity
 67
     1
  8
20
  6
Continuous
 62
    19
100
AcDbLine
 10
612.63768
 20
51.4896778147
 30
0.0
 11
612.342514
 21
51.9264518147
 31
0.0
  0
LINE
  5
3D0
330
1B
100
AcDbEntity
 67
     1
  8
20
  6
Continuous
 62
    19
100
AcDbLine
 10
612.342514
 20
51.9264518147
 30
0.0
 11
612.221452
 21
52.3229978147
 31
0.0
  0
LINE
  5
3D1
330
1B
100
AcDbEntity
 67
     1
  8
20
  6
Continuous
 62
    19
100
AcDbLine
 10
612.221452
 20
52.3229978147
 30
0.0
 11
612.181978
 21
52.7588798147
 31
0.0
  0
LINE
  5
3D2
330
1B
100
AcDbEntity
 67
     1
  8
20
  6
Continuous
 62
    19
100
AcDbLine
 10
612.181978
 20
52.7588798147
 30
0.0
 11
612.277054
 21
53.4554138147
 31
0.0
  0
LINE
  5
3D3
330
1B
100
AcDbEntity
 67
     1
  8
20
  6
Continuous
 62
    19
100
AcDbLine
 10
612.277054
 20
53.4554138147
 30
0.0
 11
612.54982
 21
54.0159978147
 31
0.0
  0
LINE
  5
3D4
330
1B
100
AcDbEntity
 67
     1
  8
20
  6
Continuous
 62
    19
100
AcDbLine
 10
612.54982
 20
54.0159978147
 30
0.0
 11
612.981568
 21
54.3897098147
 31
0.0
  0
LINE
  5
3D5
330
1B
100
AcDbEntity
 67
     1
  8
20
  6
Continuous
 62
    19
100
AcDbLine
 10
612.981568
 20
54.3897098147
 30
0.0
 11
613.55356
 21
54.5255958147
 31
0.0
  0
LINE
  5
3D6
330
1B
100
AcDbEntity
 67
     1
  8
20
  6
Continuous
 62
    19
100
AcDbLine
 10
613.55356
 20
54.5255958147
 30
0.0
 11
613.901718
 21
54.4881478147
 31
0.0
  0
LINE
  5
3D7
330
1B
100
AcDbEntity
 67
     1
  8
20
  6
Continuous
 62
    19
100
AcDbLine
 10
613.901718
 20
54.4881478147
 30
0.0
 11
614.218416
 21
54.3662098147
 31
0.0
  0
LINE
  5
3D8
330
1B
100
AcDbEntity
 67
     1
  8
20
  6
Continuous
 62
    19
100
AcDbLine
 10
614.218416
 20
54.3662098147
 30
0.0
 11
614.56717
 21
54.0473638147
 31
0.0
  0
LINE
  5
3D9
330
1B
100
AcDbEntity
 67
     1
  8
20
  6
Continuous
 62
    19
100
AcDbLine
 10
614.56717
 20
54.0473638147
 30
0.0
 11
614.801088
 21
53.5186878147
 31
0.0
  0
LINE
  5
3DA
330
1B
100
AcDbEntity
 67
     1
  8
20
  6
Continuous
 62
    19
100
AcDbLine
 10
614.801088
 20
53.5186878147
 30
0.0
 11
614.886536
 21
52.7461158147
 31
0.0
  0
LINE
  5
3DB
330
1B
100
AcDbEntity
 67
     1
  8
20
  6
Continuous
 62
    19
100
AcDbLine
 10
614.886536
 20
52.7461158147
 30
0.0
 11
614.886536
 21
52.6684298147
 31
0.0
  0
LINE
  5
3DC
330
1B
100
AcDbEntity
 67
     1
  8
20
  6
Continuous
 62
    19
100
AcDbLine
 10
614.886536
 20
52.6684298147
 30
0.0
 11
614.886536
 21
52.5907438147
 31
0.0
  0
LINE
  5
3DD
330
1B
100
AcDbEntity
 67
     1
  8
20
  6
Continuous
 62
    19
100
AcDbLine
 10
614.886536
 20
52.5907438147
 30
0.0
 11
614.779724
 21
52.5907438147
 31
0.0
  0
LINE
  5
3DE
330
1B
100
AcDbEntity
 67
     1
  8
20
  6
Continuous
 62
    19
100
AcDbLine
 10
614.779724
 20
52.5907438147
 30
0.0
 11
613.417848
 21
52.5907438147
 31
0.0
  0
LINE
  5
3DF
330
1B
100
AcDbEntity
 67
     1
  8
20
  6
Continuous
 62
    19
100
AcDbLine
 10
613.417848
 20
52.5907438147
 30
0.0
 11
613.141464
 21
52.5907438147
 31
0.0
  0
LINE
  5
3E0
330
1B
100
AcDbEntity
 67
     1
  8
20
  6
Continuous
 62
    19
100
AcDbLine
 10
613.141464
 20
52.5907438147
 30
0.0
 11
613.00737
 21
52.5907438147
 31
0.0
  0
LINE
  5
3E1
330
1B
100
AcDbEntity
 67
     1
  8
20
  6
Continuous
 62
    19
100
AcDbLine
 10
613.00737
 20
52.5907438147
 30
0.0
 11
612.958222
 21
52.5907438147
 31
0.0
  0
LINE
  5
3E2
330
1B
100
AcDbEntity
 67
     1
  8
20
  6
Continuous
 62
    19
100
AcDbLine
 10
612.958222
 20
52.5907438147
 30
0.0
 11
613.039932
 21
52.1011078147
 31
0.0
  0
LINE
  5
3E3
330
1B
100
AcDbEntity
 67
     1
  8
20
  6
Continuous
 62
    19
100
AcDbLine
 10
613.039932
 20
52.1011078147
 30
0.0
 11
613.310044
 21
51.7883978147
 31
0.0
  0
LINE
  5
3E4
330
1B
100
AcDbEntity
 67
     1
  8
20
  6
Continuous
 62
    19
100
AcDbLine
 10
613.310044
 20
51.7883978147
 30
0.0
 11
613.806092
 21
51.6784278147
 31
0.0
  0
LINE
  5
3E5
330
1B
100
AcDbEntity
 67
     1
  8
20
  6
Continuous
 62
    19
100
AcDbLine
 10
613.806092
 20
51.6784278147
 30
0.0
 11
614.41588
 21
51.7840418147
 31
0.0
  0
LINE
  5
3E6
330
1B
100
AcDbEntity
 67
     1
  8
20
  6
Continuous
 62
    19
100
AcDbLine
 10
614.41588
 20
51.7840418147
 30
0.0
 11
614.679474
 21
51.9371758147
 31
0.0
  0
LINE
  5
3E7
330
1B
100
AcDbEntity
 67
     1
  8
20
  6
Continuous
 62
    19
100
AcDbLine
 10
614.679474
 20
51.9371758147
 30
0.0
 11
614.682358
 21
51.8902138147
 31
0.0
  0
LINE
  5
3E8
330
1B
100
AcDbEntity
 67
     1
  8
20
  6
Continuous
 62
    19
100
AcDbLine
 10
614.682358
 20
51.8902138147
 30
0.0
 11
614.698944
 21
51.6202018147
 31
0.0
  0
LINE
  5
3E9
330
1B
100
AcDbEntity
 67
     1
  8
20
  6
Continuous
 62
    19
100
AcDbLine
 10
614.698944
 20
51.6202018147
 30
0.0
 11
614.71106
 21
51.4228018147
 31
0.0
  0
LINE
  5
3EA
330
1B
100
AcDbEntity
 67
     1
  8
20
  6
Continuous
 62
    19
100
AcDbLine
 10
614.71106
 20
51.4228018147
 30
0.0
 11
614.7184
 21
51.3032258147
 31
0.0
  0
LINE
  5
3EB
330
1B
100
AcDbEntity
 67
     1
  8
20
  6
Continuous
 62
    19
100
AcDbLine
 10
614.109986
 20
53.0954738147
 30
0.0
 11
614.07045
 21
53.4981498147
 31
0.0
  0
LINE
  5
3EC
330
1B
100
AcDbEntity
 67
     1
  8
20
  6
Continuous
 62
    19
100
AcDbLine
 10
614.07045
 20
53.4981498147
 30
0.0
 11
613.953782
 21
53.7802498147
 31
0.0
  0
LINE
  5
3ED
330
1B
100
AcDbEntity
 67
     1
  8
20
  6
Continuous
 62
    19
100
AcDbLine
 10
613.953782
 20
53.7802498147
 30
0.0
 11
613.78328
 21
53.9314338147
 31
0.0
  0
LINE
  5
3EE
330
1B
100
AcDbEntity
 67
     1
  8
20
  6
Continuous
 62
    19
100
AcDbLine
 10
613.78328
 20
53.9314338147
 30
0.0
 11
613.55356
 21
53.9819458147
 31
0.0
  0
LINE
  5
3EF
330
1B
100
AcDbEntity
 67
     1
  8
20
  6
Continuous
 62
    19
100
AcDbLine
 10
613.55356
 20
53.9819458147
 30
0.0
 11
613.307374
 21
53.9199758147
 31
0.0
  0
LINE
  5
3F0
330
1B
100
AcDbEntity
 67
     1
  8
20
  6
Continuous
 62
    19
100
AcDbLine
 10
613.307374
 20
53.9199758147
 30
0.0
 11
613.13025
 21
53.7543518147
 31
0.0
  0
LINE
  5
3F1
330
1B
100
AcDbEntity
 67
     1
  8
20
  6
Continuous
 62
    19
100
AcDbLine
 10
613.13025
 20
53.7543518147
 30
0.0
 11
612.999726
 21
53.4520798147
 31
0.0
  0
LINE
  5
3F2
330
1B
100
AcDbEntity
 67
     1
  8
20
  6
Continuous
 62
    19
100
AcDbLine
 10
612.999726
 20
53.4520798147
 30
0.0
 11
612.958222
 21
53.0954738147
 31
0.0
  0
LINE
  5
3F3
330
1B
100
AcDbEntity
 67
     1
  8
20
  6
Continuous
 62
    19
100
AcDbLine
 10
612.958222
 20
53.0954738147
 30
0.0
 11
613.014192
 21
53.0954738147
 31
0.0
  0
LINE
  5
3F4
330
1B
100
AcDbEntity
 67
     1
  8
20
  6
Continuous
 62
    19
100
AcDbLine
 10
613.014192
 20
53.0954738147
 30
0.0
 11
613.811372
 21
53.0954738147
 31
0.0
  0
LINE
  5
3F5
330
1B
100
AcDbEntity
 67
     1
  8
20
  6
Continuous
 62
    19
100
AcDbLine
 10
613.811372
 20
53.0954738147
 30
0.0
 11
613.99019
 21
53.0954738147
 31
0.0
  0
LINE
  5
3F6
330
1B
100
AcDbEntity
 67
     1
  8
20
  6
Continuous
 62
    19
100
AcDbLine
 10
613.99019
 20
53.0954738147
 30
0.0
 11
614.109986
 21
53.0954738147
 31
0.0
  0
LINE
  5
3F7
330
1B
100
AcDbEntity
 67
     1
  8
20
  6
Continuous
 62
    19
100
AcDbLine
 10
616.751648
 20
54.5255958147
 30
0.0
 11
617.095872
 21
54.4929418147
 31
0.0
  0
LINE
  5
3F8
330
1B
100
AcDbEntity
 67
     1
  8
20
  6
Continuous
 62
    19
100
AcDbLine
 10
617.095872
 20
54.4929418147
 30
0.0
 11
617.432694
 21
54.3829998147
 31
0.0
  0
LINE
  5
3F9
330
1B
100
AcDbEntity
 67
     1
  8
20
  6
Continuous
 62
    19
100
AcDbLine
 10
617.432694
 20
54.3829998147
 30
0.0
 11
617.82776
 21
54.0851178147
 31
0.0
  0
LINE
  5
3FA
330
1B
100
AcDbEntity
 67
     1
  8
20
  6
Continuous
 62
    19
100
AcDbLine
 10
617.82776
 20
54.0851178147
 30
0.0
 11
618.107606
 21
53.5752798147
 31
0.0
  0
LINE
  5
3FB
330
1B
100
AcDbEntity
 67
     1
  8
20
  6
Continuous
 62
    19
100
AcDbLine
 10
618.107606
 20
53.5752798147
 30
0.0
 11
618.213838
 21
52.8108818147
 31
0.0
  0
LINE
  5
3FC
330
1B
100
AcDbEntity
 67
     1
  8
20
  6
Continuous
 62
    19
100
AcDbLine
 10
618.213838
 20
52.8108818147
 30
0.0
 11
618.15271
 21
52.1980558147
 31
0.0
  0
LINE
  5
3FD
330
1B
100
AcDbEntity
 67
     1
  8
20
  6
Continuous
 62
    19
100
AcDbLine
 10
618.15271
 20
52.1980558147
 30
0.0
 11
617.985734
 21
51.7434118147
 31
0.0
  0
LINE
  5
3FE
330
1B
100
AcDbEntity
 67
     1
  8
20
  6
Continuous
 62
    19
100
AcDbLine
 10
617.985734
 20
51.7434118147
 30
0.0
 11
617.797334
 21
51.4846458147
 31
0.0
  0
LINE
  5
3FF
330
1B
100
AcDbEntity
 67
     1
  8
20
  6
Continuous
 62
    19
100
AcDbLine
 10
617.797334
 20
51.4846458147
 30
0.0
 11
617.57103
 21
51.2998778147
 31
0.0
  0
LINE
  5
400
330
1B
100
AcDbEntity
 67
     1
  8
20
  6
Continuous
 62
    19
100
AcDbLine
 10
617.57103
 20
51.2998778147
 30
0.0
 11
617.170808
 21
51.1359058147
 31
0.0
  0
LINE
  5
401
330
1B
100
AcDbEntity
 67
     1
  8
20
  6
Continuous
 62
    19
100
AcDbLine
 10
617.170808
 20
51.1359058147
 30
0.0
 11
616.751648
 21
51.0896258147
 31
0.0
  0
LINE
  5
402
330
1B
100
AcDbEntity
 67
     1
  8
20
  6
Continuous
 62
    19
100
AcDbLine
 10
616.751648
 20
51.0896258147
 30
0.0
 11
616.331682
 21
51.1359058147
 31
0.0
  0
LINE
  5
403
330
1B
100
AcDbEntity
 67
     1
  8
20
  6
Continuous
 62
    19
100
AcDbLine
 10
616.331682
 20
51.1359058147
 30
0.0
 11
615.929764
 21
51.2998778147
 31
0.0
  0
LINE
  5
404
330
1B
100
AcDbEntity
 67
     1
  8
20
  6
Continuous
 62
    19
100
AcDbLine
 10
615.929764
 20
51.2998778147
 30
0.0
 11
615.702226
 21
51.4846458147
 31
0.0
  0
LINE
  5
405
330
1B
100
AcDbEntity
 67
     1
  8
20
  6
Continuous
 62
    19
100
AcDbLine
 10
615.702226
 20
51.4846458147
 30
0.0
 11
615.51265
 21
51.7434118147
 31
0.0
  0
LINE
  5
406
330
1B
100
AcDbEntity
 67
     1
  8
20
  6
Continuous
 62
    19
100
AcDbLine
 10
615.51265
 20
51.7434118147
 30
0.0
 11
615.344498
 21
52.1980558147
 31
0.0
  0
LINE
  5
407
330
1B
100
AcDbEntity
 67
     1
  8
20
  6
Continuous
 62
    19
100
AcDbLine
 10
615.344498
 20
52.1980558147
 30
0.0
 11
615.282914
 21
52.8108818147
 31
0.0
  0
LINE
  5
408
330
1B
100
AcDbEntity
 67
     1
  8
20
  6
Continuous
 62
    19
100
AcDbLine
 10
615.282914
 20
52.8108818147
 30
0.0
 11
615.38994
 21
53.5752798147
 31
0.0
  0
LINE
  5
409
330
1B
100
AcDbEntity
 67
     1
  8
20
  6
Continuous
 62
    19
100
AcDbLine
 10
615.38994
 20
53.5752798147
 30
0.0
 11
615.671616
 21
54.0851178147
 31
0.0
  0
LINE
  5
40A
330
1B
100
AcDbEntity
 67
     1
  8
20
  6
Continuous
 62
    19
100
AcDbLine
 10
615.671616
 20
54.0851178147
 30
0.0
 11
616.068772
 21
54.3829998147
 31
0.0
  0
LINE
  5
40B
330
1B
100
AcDbEntity
 67
     1
  8
20
  6
Continuous
 62
    19
100
AcDbLine
 10
616.068772
 20
54.3829998147
 30
0.0
 11
616.40683
 21
54.4929418147
 31
0.0
  0
LINE
  5
40C
330
1B
100
AcDbEntity
 67
     1
  8
20
  6
Continuous
 62
    19
100
AcDbLine
 10
616.40683
 20
54.4929418147
 30
0.0
 11
616.751648
 21
54.5255958147
 31
0.0
  0
LINE
  5
40D
330
1B
100
AcDbEntity
 67
     1
  8
20
  6
Continuous
 62
    19
100
AcDbLine
 10
616.751648
 20
51.6591218147
 30
0.0
 11
616.978288
 21
51.7057758147
 31
0.0
  0
LINE
  5
40E
330
1B
100
AcDbEntity
 67
     1
  8
20
  6
Continuous
 62
    19
100
AcDbLine
 10
616.978288
 20
51.7057758147
 30
0.0
 11
617.145996
 21
51.8340078147
 31
0.0
  0
LINE
  5
40F
330
1B
100
AcDbEntity
 67
     1
  8
20
  6
Continuous
 62
    19
100
AcDbLine
 10
617.145996
 20
51.8340078147
 30
0.0
 11
617.291596
 21
52.1014778147
 31
0.0
  0
LINE
  5
410
330
1B
100
AcDbEntity
 67
     1
  8
20
  6
Continuous
 62
    19
100
AcDbLine
 10
617.291596
 20
52.1014778147
 30
0.0
 11
617.34752
 21
52.3223998147
 31
0.0
  0
LINE
  5
411
330
1B
100
AcDbEntity
 67
     1
  8
20
  6
Continuous
 62
    19
100
AcDbLine
 10
617.34752
 20
52.3223998147
 30
0.0
 11
617.38559
 21
52.8108818147
 31
0.0
  0
LINE
  5
412
330
1B
100
AcDbEntity
 67
     1
  8
20
  6
Continuous
 62
    19
100
AcDbLine
 10
617.38559
 20
52.8108818147
 30
0.0
 11
617.34752
 21
53.2978438147
 31
0.0
  0
LINE
  5
413
330
1B
100
AcDbEntity
 67
     1
  8
20
  6
Continuous
 62
    19
100
AcDbLine
 10
617.34752
 20
53.2978438147
 30
0.0
 11
617.291596
 21
53.5174298147
 31
0.0
  0
LINE
  5
414
330
1B
100
AcDbEntity
 67
     1
  8
20
  6
Continuous
 62
    19
100
AcDbLine
 10
617.291596
 20
53.5174298147
 30
0.0
 11
617.145996
 21
53.7828398147
 31
0.0
  0
LINE
  5
415
330
1B
100
AcDbEntity
 67
     1
  8
20
  6
Continuous
 62
    19
100
AcDbLine
 10
617.145996
 20
53.7828398147
 30
0.0
 11
616.978288
 21
53.9099078147
 31
0.0
  0
LINE
  5
416
330
1B
100
AcDbEntity
 67
     1
  8
20
  6
Continuous
 62
    19
100
AcDbLine
 10
616.978288
 20
53.9099078147
 30
0.0
 11
616.751648
 21
53.9560998147
 31
0.0
  0
LINE
  5
417
330
1B
100
AcDbEntity
 67
     1
  8
20
  6
Continuous
 62
    19
100
AcDbLine
 10
616.751648
 20
53.9560998147
 30
0.0
 11
616.519594
 21
53.9076958147
 31
0.0
  0
LINE
  5
418
330
1B
100
AcDbEntity
 67
     1
  8
20
  6
Continuous
 62
    19
100
AcDbLine
 10
616.519594
 20
53.9076958147
 30
0.0
 11
616.348466
 21
53.7748478147
 31
0.0
  0
LINE
  5
419
330
1B
100
AcDbEntity
 67
     1
  8
20
  6
Continuous
 62
    19
100
AcDbLine
 10
616.348466
 20
53.7748478147
 30
0.0
 11
616.204956
 21
53.5098598147
 31
0.0
  0
LINE
  5
41A
330
1B
100
AcDbEntity
 67
     1
  8
20
  6
Continuous
 62
    19
100
AcDbLine
 10
616.204956
 20
53.5098598147
 30
0.0
 11
616.149262
 21
53.2921718147
 31
0.0
  0
LINE
  5
41B
330
1B
100
AcDbEntity
 67
     1
  8
20
  6
Continuous
 62
    19
100
AcDbLine
 10
616.149262
 20
53.2921718147
 30
0.0
 11
616.11084
 21
52.8108818147
 31
0.0
  0
LINE
  5
41C
330
1B
100
AcDbEntity
 67
     1
  8
20
  6
Continuous
 62
    19
100
AcDbLine
 10
616.11084
 20
52.8108818147
 30
0.0
 11
616.149262
 21
52.3280978147
 31
0.0
  0
LINE
  5
41D
330
1B
100
AcDbEntity
 67
     1
  8
20
  6
Continuous
 62
    19
100
AcDbLine
 10
616.149262
 20
52.3280978147
 30
0.0
 11
616.204956
 21
52.1090958147
 31
0.0
  0
LINE
  5
41E
330
1B
100
AcDbEntity
 67
     1
  8
20
  6
Continuous
 62
    19
100
AcDbLine
 10
616.204956
 20
52.1090958147
 30
0.0
 11
616.348466
 21
51.8420718147
 31
0.0
  0
LINE
  5
41F
330
1B
100
AcDbEntity
 67
     1
  8
20
  6
Continuous
 62
    19
100
AcDbLine
 10
616.348466
 20
51.8420718147
 30
0.0
 11
616.519594
 21
51.7080118147
 31
0.0
  0
LINE
  5
420
330
1B
100
AcDbEntity
 67
     1
  8
20
  6
Continuous
 62
    19
100
AcDbLine
 10
616.519594
 20
51.7080118147
 30
0.0
 11
616.751648
 21
51.6591218147
 31
0.0
  0
LINE
  5
421
330
1B
100
AcDbEntity
 67
     1
  8
20
  6
Continuous
 62
    19
100
AcDbLine
 10
618.726364
 20
53.9044158147
 30
0.0
 11
618.700822
 21
54.4735978147
 31
0.0
  0
LINE
  5
422
330
1B
100
AcDbEntity
 67
     1
  8
20
  6
Continuous
 62
    19
100
AcDbLine
 10
618.700822
 20
54.4735978147
 30
0.0
 11
618.75641
 21
54.4735978147
 31
0.0
  0
LINE
  5
423
330
1B
100
AcDbEntity
 67
     1
  8
20
  6
Continuous
 62
    19
100
AcDbLine
 10
618.75641
 20
54.4735978147
 30
0.0
 11
619.07602
 21
54.4735978147
 31
0.0
  0
LINE
  5
424
330
1B
100
AcDbEntity
 67
     1
  8
20
  6
Continuous
 62
    19
100
AcDbLine
 10
619.07602
 20
54.4735978147
 30
0.0
 11
619.309694
 21
54.4735978147
 31
0.0
  0
LINE
  5
425
330
1B
100
AcDbEntity
 67
     1
  8
20
  6
Continuous
 62
    19
100
AcDbLine
 10
619.309694
 20
54.4735978147
 30
0.0
 11
619.395646
 21
54.4735978147
 31
0.0
  0
LINE
  5
426
330
1B
100
AcDbEntity
 67
     1
  8
20
  6
Continuous
 62
    19
100
AcDbLine
 10
619.395646
 20
54.4735978147
 30
0.0
 11
619.451234
 21
54.4735978147
 31
0.0
  0
LINE
  5
427
330
1B
100
AcDbEntity
 67
     1
  8
20
  6
Continuous
 62
    19
100
AcDbLine
 10
619.451234
 20
54.4735978147
 30
0.0
 11
619.477388
 21
53.9560998147
 31
0.0
  0
LINE
  5
428
330
1B
100
AcDbEntity
 67
     1
  8
20
  6
Continuous
 62
    19
100
AcDbLine
 10
619.477388
 20
53.9560998147
 30
0.0
 11
619.49669
 21
53.9560998147
 31
0.0
  0
LINE
  5
429
330
1B
100
AcDbEntity
 67
     1
  8
20
  6
Continuous
 62
    19
100
AcDbLine
 10
619.49669
 20
53.9560998147
 30
0.0
 11
619.749162
 21
54.3107038147
 31
0.0
  0
LINE
  5
42A
330
1B
100
AcDbEntity
 67
     1
  8
20
  6
Continuous
 62
    19
100
AcDbLine
 10
619.749162
 20
54.3107038147
 30
0.0
 11
619.95189
 21
54.4411918147
 31
0.0
  0
LINE
  5
42B
330
1B
100
AcDbEntity
 67
     1
  8
20
  6
Continuous
 62
    19
100
AcDbLine
 10
619.95189
 20
54.4411918147
 30
0.0
 11
620.382844
 21
54.5255958147
 31
0.0
  0
LINE
  5
42C
330
1B
100
AcDbEntity
 67
     1
  8
20
  6
Continuous
 62
    19
100
AcDbLine
 10
620.382844
 20
54.5255958147
 30
0.0
 11
620.757202
 21
54.4628218147
 31
0.0
  0
LINE
  5
42D
330
1B
100
AcDbEntity
 67
     1
  8
20
  6
Continuous
 62
    19
100
AcDbLine
 10
620.757202
 20
54.4628218147
 30
0.0
 11
621.054642
 21
54.2866138147
 31
0.0
  0
LINE
  5
42E
330
1B
100
AcDbEntity
 67
     1
  8
20
  6
Continuous
 62
    19
100
AcDbLine
 10
621.054642
 20
54.2866138147
 30
0.0
 11
621.27913
 21
54.0151438147
 31
0.0
  0
LINE
  5
42F
330
1B
100
AcDbEntity
 67
     1
  8
20
  6
Continuous
 62
    19
100
AcDbLine
 10
621.27913
 20
54.0151438147
 30
0.0
 11
621.434586
 21
53.6665838147
 31
0.0
  0
LINE
  5
430
330
1B
100
AcDbEntity
 67
     1
  8
20
  6
Continuous
 62
    19
100
AcDbLine
 10
621.434586
 20
53.6665838147
 30
0.0
 11
621.554216
 21
52.8108818147
 31
0.0
  0
LINE
  5
431
330
1B
100
AcDbEntity
 67
     1
  8
20
  6
Continuous
 62
    19
100
AcDbLine
 10
621.554216
 20
52.8108818147
 30
0.0
 11
621.5188
 21
52.3058438147
 31
0.0
  0
LINE
  5
432
330
1B
100
AcDbEntity
 67
     1
  8
20
  6
Continuous
 62
    19
100
AcDbLine
 10
621.5188
 20
52.3058438147
 30
0.0
 11
621.415254
 21
51.8813818147
 31
0.0
  0
LINE
  5
433
330
1B
100
AcDbEntity
 67
     1
  8
20
  6
Continuous
 62
    19
100
AcDbLine
 10
621.415254
 20
51.8813818147
 30
0.0
 11
621.178422
 21
51.4494438147
 31
0.0
  0
LINE
  5
434
330
1B
100
AcDbEntity
 67
     1
  8
20
  6
Continuous
 62
    19
100
AcDbLine
 10
621.178422
 20
51.4494438147
 30
0.0
 11
620.837662
 21
51.1815638147
 31
0.0
  0
LINE
  5
435
330
1B
100
AcDbEntity
 67
     1
  8
20
  6
Continuous
 62
    19
100
AcDbLine
 10
620.837662
 20
51.1815638147
 30
0.0
 11
620.402772
 21
51.0896258147
 31
0.0
  0
LINE
  5
436
330
1B
100
AcDbEntity
 67
     1
  8
20
  6
Continuous
 62
    19
100
AcDbLine
 10
620.402772
 20
51.0896258147
 30
0.0
 11
620.082642
 21
51.1361418147
 31
0.0
  0
LINE
  5
437
330
1B
100
AcDbEntity
 67
     1
  8
20
  6
Continuous
 62
    19
100
AcDbLine
 10
620.082642
 20
51.1361418147
 30
0.0
 11
619.836548
 21
51.2578818147
 31
0.0
  0
LINE
  5
438
330
1B
100
AcDbEntity
 67
     1
  8
20
  6
Continuous
 62
    19
100
AcDbLine
 10
619.836548
 20
51.2578818147
 30
0.0
 11
619.542146
 21
51.6202018147
 31
0.0
  0
LINE
  5
439
330
1B
100
AcDbEntity
 67
     1
  8
20
  6
Continuous
 62
    19
100
AcDbLine
 10
619.542146
 20
51.6202018147
 30
0.0
 11
619.529068
 21
51.6202018147
 31
0.0
  0
LINE
  5
43A
330
1B
100
AcDbEntity
 67
     1
  8
20
  6
Continuous
 62
    19
100
AcDbLine
 10
619.529068
 20
51.6202018147
 30
0.0
 11
619.529068
 21
51.4811898147
 31
0.0
  0
LINE
  5
43B
330
1B
100
AcDbEntity
 67
     1
  8
20
  6
Continuous
 62
    19
100
AcDbLine
 10
619.529068
 20
51.4811898147
 30
0.0
 11
619.529068
 21
50.6818878147
 31
0.0
  0
LINE
  5
43C
330
1B
100
AcDbEntity
 67
     1
  8
20
  6
Continuous
 62
    19
100
AcDbLine
 10
619.529068
 20
50.6818878147
 30
0.0
 11
619.529068
 21
50.0975338147
 31
0.0
  0
LINE
  5
43D
330
1B
100
AcDbEntity
 67
     1
  8
20
  6
Continuous
 62
    19
100
AcDbLine
 10
619.529068
 20
50.0975338147
 30
0.0
 11
619.529068
 21
49.8825838147
 31
0.0
  0
LINE
  5
43E
330
1B
100
AcDbEntity
 67
     1
  8
20
  6
Continuous
 62
    19
100
AcDbLine
 10
619.529068
 20
49.8825838147
 30
0.0
 11
619.529068
 21
49.7435718147
 31
0.0
  0
LINE
  5
43F
330
1B
100
AcDbEntity
 67
     1
  8
20
  6
Continuous
 62
    19
100
AcDbLine
 10
619.529068
 20
49.7435718147
 30
0.0
 11
619.469606
 21
49.7435718147
 31
0.0
  0
LINE
  5
440
330
1B
100
AcDbEntity
 67
     1
  8
20
  6
Continuous
 62
    19
100
AcDbLine
 10
619.469606
 20
49.7435718147
 30
0.0
 11
619.127716
 21
49.7435718147
 31
0.0
  0
LINE
  5
441
330
1B
100
AcDbEntity
 67
     1
  8
20
  6
Continuous
 62
    19
100
AcDbLine
 10
619.127716
 20
49.7435718147
 30
0.0
 11
618.877762
 21
49.7435718147
 31
0.0
  0
LINE
  5
442
330
1B
100
AcDbEntity
 67
     1
  8
20
  6
Continuous
 62
    19
100
AcDbLine
 10
618.877762
 20
49.7435718147
 30
0.0
 11
618.785828
 21
49.7435718147
 31
0.0
  0
LINE
  5
443
330
1B
100
AcDbEntity
 67
     1
  8
20
  6
Continuous
 62
    19
100
AcDbLine
 10
618.785828
 20
49.7435718147
 30
0.0
 11
618.726364
 21
49.7435718147
 31
0.0
  0
LINE
  5
444
330
1B
100
AcDbEntity
 67
     1
  8
20
  6
Continuous
 62
    19
100
AcDbLine
 10
618.726364
 20
49.7435718147
 30
0.0
 11
618.726364
 21
49.7730138147
 31
0.0
  0
LINE
  5
445
330
1B
100
AcDbEntity
 67
     1
  8
20
  6
Continuous
 62
    19
100
AcDbLine
 10
618.726364
 20
49.7730138147
 30
0.0
 11
618.726364
 21
51.4786838147
 31
0.0
  0
LINE
  5
446
330
1B
100
AcDbEntity
 67
     1
  8
20
  6
Continuous
 62
    19
100
AcDbLine
 10
618.726364
 20
51.4786838147
 30
0.0
 11
618.726364
 21
52.9599958147
 31
0.0
  0
LINE
  5
447
330
1B
100
AcDbEntity
 67
     1
  8
20
  6
Continuous
 62
    19
100
AcDbLine
 10
618.726364
 20
52.9599958147
 30
0.0
 11
618.726364
 21
53.5291858147
 31
0.0
  0
LINE
  5
448
330
1B
100
AcDbEntity
 67
     1
  8
20
  6
Continuous
 62
    19
100
AcDbLine
 10
618.726364
 20
53.5291858147
 30
0.0
 11
618.726364
 21
53.7813518147
 31
0.0
  0
LINE
  5
449
330
1B
100
AcDbEntity
 67
     1
  8
20
  6
Continuous
 62
    19
100
AcDbLine
 10
618.726364
 20
53.7813518147
 30
0.0
 11
618.726364
 21
53.9044158147
 31
0.0
  0
LINE
  5
44A
330
1B
100
AcDbEntity
 67
     1
  8
20
  6
Continuous
 62
    19
100
AcDbLine
 10
620.149948
 20
51.6784278147
 30
0.0
 11
620.391388
 21
51.7325478147
 31
0.0
  0
LINE
  5
44B
330
1B
100
AcDbEntity
 67
     1
  8
20
  6
Continuous
 62
    19
100
AcDbLine
 10
620.391388
 20
51.7325478147
 30
0.0
 11
620.565034
 21
51.8877678147
 31
0.0
  0
LINE
  5
44C
330
1B
100
AcDbEntity
 67
     1
  8
20
  6
Continuous
 62
    19
100
AcDbLine
 10
620.565034
 20
51.8877678147
 30
0.0
 11
620.67299
 21
52.1165498147
 31
0.0
  0
LINE
  5
44D
330
1B
100
AcDbEntity
 67
     1
  8
20
  6
Continuous
 62
    19
100
AcDbLine
 10
620.67299
 20
52.1165498147
 30
0.0
 11
620.752136
 21
52.7784998147
 31
0.0
  0
LINE
  5
44E
330
1B
100
AcDbEntity
 67
     1
  8
20
  6
Continuous
 62
    19
100
AcDbLine
 10
620.752136
 20
52.7784998147
 30
0.0
 11
620.71396
 21
53.3621818147
 31
0.0
  0
LINE
  5
44F
330
1B
100
AcDbEntity
 67
     1
  8
20
  6
Continuous
 62
    19
100
AcDbLine
 10
620.71396
 20
53.3621818147
 30
0.0
 11
620.659822
 21
53.5782698147
 31
0.0
  0
LINE
  5
450
330
1B
100
AcDbEntity
 67
     1
  8
20
  6
Continuous
 62
    19
100
AcDbLine
 10
620.659822
 20
53.5782698147
 30
0.0
 11
620.522782
 21
53.8073798147
 31
0.0
  0
LINE
  5
451
330
1B
100
AcDbEntity
 67
     1
  8
20
  6
Continuous
 62
    19
100
AcDbLine
 10
620.522782
 20
53.8073798147
 30
0.0
 11
620.368394
 21
53.9041818147
 31
0.0
  0
LINE
  5
452
330
1B
100
AcDbEntity
 67
     1
  8
20
  6
Continuous
 62
    19
100
AcDbLine
 10
620.368394
 20
53.9041818147
 30
0.0
 11
620.163026
 21
53.9364858147
 31
0.0
  0
LINE
  5
453
330
1B
100
AcDbEntity
 67
     1
  8
20
  6
Continuous
 62
    19
100
AcDbLine
 10
620.163026
 20
53.9364858147
 30
0.0
 11
619.90213
 21
53.8707278147
 31
0.0
  0
LINE
  5
454
330
1B
100
AcDbEntity
 67
     1
  8
20
  6
Continuous
 62
    19
100
AcDbLine
 10
619.90213
 20
53.8707278147
 30
0.0
 11
619.717088
 21
53.6887018147
 31
0.0
  0
LINE
  5
455
330
1B
100
AcDbEntity
 67
     1
  8
20
  6
Continuous
 62
    19
100
AcDbLine
 10
619.717088
 20
53.6887018147
 30
0.0
 11
619.60849
 21
53.4449758147
 31
0.0
  0
LINE
  5
456
330
1B
100
AcDbEntity
 67
     1
  8
20
  6
Continuous
 62
    19
100
AcDbLine
 10
619.60849
 20
53.4449758147
 30
0.0
 11
619.529068
 21
52.7978018147
 31
0.0
  0
LINE
  5
457
330
1B
100
AcDbEntity
 67
     1
  8
20
  6
Continuous
 62
    19
100
AcDbLine
 10
619.529068
 20
52.7978018147
 30
0.0
 11
619.570618
 21
52.3157838147
 31
0.0
  0
LINE
  5
458
330
1B
100
AcDbEntity
 67
     1
  8
20
  6
Continuous
 62
    19
100
AcDbLine
 10
619.570618
 20
52.3157838147
 30
0.0
 11
619.701402
 21
51.9465218147
 31
0.0
  0
LINE
  5
459
330
1B
100
AcDbEntity
 67
     1
  8
20
  6
Continuous
 62
    19
100
AcDbLine
 10
619.701402
 20
51.9465218147
 30
0.0
 11
619.88788
 21
51.7490118147
 31
0.0
  0
LINE
  5
45A
330
1B
100
AcDbEntity
 67
     1
  8
20
  6
Continuous
 62
    19
100
AcDbLine
 10
619.88788
 20
51.7490118147
 30
0.0
 11
620.149948
 21
51.6784278147
 31
0.0
  0
LINE
  5
45B
330
1B
100
AcDbEntity
 67
     1
  8
20
  6
Continuous
 62
    19
100
AcDbLine
 10
622.0412
 20
55.6097858147
 30
0.0
 11
622.843918
 21
55.6097858147
 31
0.0
  0
LINE
  5
45C
330
1B
100
AcDbEntity
 67
     1
  8
20
  6
Continuous
 62
    19
100
AcDbLine
 10
622.843918
 20
55.6097858147
 30
0.0
 11
622.843918
 21
51.1413158147
 31
0.0
  0
LINE
  5
45D
330
1B
100
AcDbEntity
 67
     1
  8
20
  6
Continuous
 62
    19
100
AcDbLine
 10
622.843918
 20
51.1413158147
 30
0.0
 11
622.0412
 21
51.1413158147
 31
0.0
  0
LINE
  5
45E
330
1B
100
AcDbEntity
 67
     1
  8
20
  6
Continuous
 62
    19
100
AcDbLine
 10
622.0412
 20
51.1413158147
 30
0.0
 11
622.0412
 21
55.6097858147
 31
0.0
  0
LINE
  5
45F
330
1B
100
AcDbEntity
 67
     1
  8
20
  6
Continuous
 62
    19
100
AcDbLine
 10
625.91153
 20
51.3032258147
 30
0.0
 11
625.348954
 21
51.1291578147
 31
0.0
  0
LINE
  5
460
330
1B
100
AcDbEntity
 67
     1
  8
20
  6
Continuous
 62
    19
100
AcDbLine
 10
625.348954
 20
51.1291578147
 30
0.0
 11
624.915146
 21
51.0896258147
 31
0.0
  0
LINE
  5
461
330
1B
100
AcDbEntity
 67
     1
  8
20
  6
Continuous
 62
    19
100
AcDbLine
 10
624.915146
 20
51.0896258147
 30
0.0
 11
624.287568
 21
51.1966698147
 31
0.0
  0
LINE
  5
462
330
1B
100
AcDbEntity
 67
     1
  8
20
  6
Continuous
 62
    19
100
AcDbLine
 10
624.287568
 20
51.1966698147
 30
0.0
 11
623.830872
 21
51.4896778147
 31
0.0
  0
LINE
  5
463
330
1B
100
AcDbEntity
 67
     1
  8
20
  6
Continuous
 62
    19
100
AcDbLine
 10
623.830872
 20
51.4896778147
 30
0.0
 11
623.53566
 21
51.9264518147
 31
0.0
  0
LINE
  5
464
330
1B
100
AcDbEntity
 67
     1
  8
20
  6
Continuous
 62
    19
100
AcDbLine
 10
623.53566
 20
51.9264518147
 30
0.0
 11
623.414598
 21
52.3229978147
 31
0.0
  0
LINE
  5
465
330
1B
100
AcDbEntity
 67
     1
  8
20
  6
Continuous
 62
    19
100
AcDbLine
 10
623.414598
 20
52.3229978147
 30
0.0
 11
623.375122
 21
52.7588798147
 31
0.0
  0
LINE
  5
466
330
1B
100
AcDbEntity
 67
     1
  8
20
  6
Continuous
 62
    19
100
AcDbLine
 10
623.375122
 20
52.7588798147
 30
0.0
 11
623.470292
 21
53.4554138147
 31
0.0
  0
LINE
  5
467
330
1B
100
AcDbEntity
 67
     1
  8
20
  6
Continuous
 62
    19
100
AcDbLine
 10
623.470292
 20
53.4554138147
 30
0.0
 11
623.743226
 21
54.0159978147
 31
0.0
  0
LINE
  5
468
330
1B
100
AcDbEntity
 67
     1
  8
20
  6
Continuous
 62
    19
100
AcDbLine
 10
623.743226
 20
54.0159978147
 30
0.0
 11
624.175096
 21
54.3897098147
 31
0.0
  0
LINE
  5
469
330
1B
100
AcDbEntity
 67
     1
  8
20
  6
Continuous
 62
    19
100
AcDbLine
 10
624.175096
 20
54.3897098147
 30
0.0
 11
624.74701
 21
54.5255958147
 31
0.0
  0
LINE
  5
46A
330
1B
100
AcDbEntity
 67
     1
  8
20
  6
Continuous
 62
    19
100
AcDbLine
 10
624.74701
 20
54.5255958147
 30
0.0
 11
625.095048
 21
54.4881478147
 31
0.0
  0
LINE
  5
46B
330
1B
100
AcDbEntity
 67
     1
  8
20
  6
Continuous
 62
    19
100
AcDbLine
 10
625.095048
 20
54.4881478147
 30
0.0
 11
625.411638
 21
54.3662098147
 31
0.0
  0
LINE
  5
46C
330
1B
100
AcDbEntity
 67
     1
  8
20
  6
Continuous
 62
    19
100
AcDbLine
 10
625.411638
 20
54.3662098147
 30
0.0
 11
625.76033
 21
54.0473638147
 31
0.0
  0
LINE
  5
46D
330
1B
100
AcDbEntity
 67
     1
  8
20
  6
Continuous
 62
    19
100
AcDbLine
 10
625.76033
 20
54.0473638147
 30
0.0
 11
625.994232
 21
53.5186878147
 31
0.0
  0
LINE
  5
46E
330
1B
100
AcDbEntity
 67
     1
  8
20
  6
Continuous
 62
    19
100
AcDbLine
 10
625.994232
 20
53.5186878147
 30
0.0
 11
626.079682
 21
52.7461158147
 31
0.0
  0
LINE
  5
46F
330
1B
100
AcDbEntity
 67
     1
  8
20
  6
Continuous
 62
    19
100
AcDbLine
 10
626.079682
 20
52.7461158147
 30
0.0
 11
626.079682
 21
52.6684298147
 31
0.0
  0
LINE
  5
470
330
1B
100
AcDbEntity
 67
     1
  8
20
  6
Continuous
 62
    19
100
AcDbLine
 10
626.079682
 20
52.6684298147
 30
0.0
 11
626.079682
 21
52.5907438147
 31
0.0
  0
LINE
  5
471
330
1B
100
AcDbEntity
 67
     1
  8
20
  6
Continuous
 62
    19
100
AcDbLine
 10
626.079682
 20
52.5907438147
 30
0.0
 11
625.97287
 21
52.5907438147
 31
0.0
  0
LINE
  5
472
330
1B
100
AcDbEntity
 67
     1
  8
20
  6
Continuous
 62
    19
100
AcDbLine
 10
625.97287
 20
52.5907438147
 30
0.0
 11
624.611222
 21
52.5907438147
 31
0.0
  0
LINE
  5
473
330
1B
100
AcDbEntity
 67
     1
  8
20
  6
Continuous
 62
    19
100
AcDbLine
 10
624.611222
 20
52.5907438147
 30
0.0
 11
624.334886
 21
52.5907438147
 31
0.0
  0
LINE
  5
474
330
1B
100
AcDbEntity
 67
     1
  8
20
  6
Continuous
 62
    19
100
AcDbLine
 10
624.334886
 20
52.5907438147
 30
0.0
 11
624.200806
 21
52.5907438147
 31
0.0
  0
LINE
  5
475
330
1B
100
AcDbEntity
 67
     1
  8
20
  6
Continuous
 62
    19
100
AcDbLine
 10
624.200806
 20
52.5907438147
 30
0.0
 11
624.151674
 21
52.5907438147
 31
0.0
  0
LINE
  5
476
330
1B
100
AcDbEntity
 67
     1
  8
20
  6
Continuous
 62
    19
100
AcDbLine
 10
624.151674
 20
52.5907438147
 30
0.0
 11
624.23343
 21
52.1011078147
 31
0.0
  0
LINE
  5
477
330
1B
100
AcDbEntity
 67
     1
  8
20
  6
Continuous
 62
    19
100
AcDbLine
 10
624.23343
 20
52.1011078147
 30
0.0
 11
624.50354
 21
51.7883978147
 31
0.0
  0
LINE
  5
478
330
1B
100
AcDbEntity
 67
     1
  8
20
  6
Continuous
 62
    19
100
AcDbLine
 10
624.50354
 20
51.7883978147
 30
0.0
 11
624.999222
 21
51.6784278147
 31
0.0
  0
LINE
  5
479
330
1B
100
AcDbEntity
 67
     1
  8
20
  6
Continuous
 62
    19
100
AcDbLine
 10
624.999222
 20
51.6784278147
 30
0.0
 11
625.6093
 21
51.7840418147
 31
0.0
  0
LINE
  5
47A
330
1B
100
AcDbEntity
 67
     1
  8
20
  6
Continuous
 62
    19
100
AcDbLine
 10
625.6093
 20
51.7840418147
 30
0.0
 11
625.872926
 21
51.9371758147
 31
0.0
  0
LINE
  5
47B
330
1B
100
AcDbEntity
 67
     1
  8
20
  6
Continuous
 62
    19
100
AcDbLine
 10
625.872926
 20
51.9371758147
 30
0.0
 11
625.875794
 21
51.8902138147
 31
0.0
  0
LINE
  5
47C
330
1B
100
AcDbEntity
 67
     1
  8
20
  6
Continuous
 62
    19
100
AcDbLine
 10
625.875794
 20
51.8902138147
 30
0.0
 11
625.892228
 21
51.6202018147
 31
0.0
  0
LINE
  5
47D
330
1B
100
AcDbEntity
 67
     1
  8
20
  6
Continuous
 62
    19
100
AcDbLine
 10
625.892228
 20
51.6202018147
 30
0.0
 11
625.904252
 21
51.4228018147
 31
0.0
  0
LINE
  5
47E
330
1B
100
AcDbEntity
 67
     1
  8
20
  6
Continuous
 62
    19
100
AcDbLine
 10
625.904252
 20
51.4228018147
 30
0.0
 11
625.91153
 21
51.3032258147
 31
0.0
  0
LINE
  5
47F
330
1B
100
AcDbEntity
 67
     1
  8
20
  6
Continuous
 62
    19
100
AcDbLine
 10
625.303742
 20
53.0954738147
 30
0.0
 11
625.264206
 21
53.4981498147
 31
0.0
  0
LINE
  5
480
330
1B
100
AcDbEntity
 67
     1
  8
20
  6
Continuous
 62
    19
100
AcDbLine
 10
625.264206
 20
53.4981498147
 30
0.0
 11
625.147508
 21
53.7802498147
 31
0.0
  0
LINE
  5
481
330
1B
100
AcDbEntity
 67
     1
  8
20
  6
Continuous
 62
    19
100
AcDbLine
 10
625.147508
 20
53.7802498147
 30
0.0
 11
624.976898
 21
53.9314338147
 31
0.0
  0
LINE
  5
482
330
1B
100
AcDbEntity
 67
     1
  8
20
  6
Continuous
 62
    19
100
AcDbLine
 10
624.976898
 20
53.9314338147
 30
0.0
 11
624.74701
 21
53.9819458147
 31
0.0
  0
LINE
  5
483
330
1B
100
AcDbEntity
 67
     1
  8
20
  6
Continuous
 62
    19
100
AcDbLine
 10
624.74701
 20
53.9819458147
 30
0.0
 11
624.500718
 21
53.9198418147
 31
0.0
  0
LINE
  5
484
330
1B
100
AcDbEntity
 67
     1
  8
20
  6
Continuous
 62
    19
100
AcDbLine
 10
624.500718
 20
53.9198418147
 30
0.0
 11
624.323518
 21
53.7538978147
 31
0.0
  0
LINE
  5
485
330
1B
100
AcDbEntity
 67
     1
  8
20
  6
Continuous
 62
    19
100
AcDbLine
 10
624.323518
 20
53.7538978147
 30
0.0
 11
624.193146
 21
53.4517738147
 31
0.0
  0
LINE
  5
486
330
1B
100
AcDbEntity
 67
     1
  8
20
  6
Continuous
 62
    19
100
AcDbLine
 10
624.193146
 20
53.4517738147
 30
0.0
 11
624.151674
 21
53.0954738147
 31
0.0
  0
LINE
  5
487
330
1B
100
AcDbEntity
 67
     1
  8
20
  6
Continuous
 62
    19
100
AcDbLine
 10
624.151674
 20
53.0954738147
 30
0.0
 11
624.207658
 21
53.0954738147
 31
0.0
  0
LINE
  5
488
330
1B
100
AcDbEntity
 67
     1
  8
20
  6
Continuous
 62
    19
100
AcDbLine
 10
624.207658
 20
53.0954738147
 30
0.0
 11
625.005052
 21
53.0954738147
 31
0.0
  0
LINE
  5
489
330
1B
100
AcDbEntity
 67
     1
  8
20
  6
Continuous
 62
    19
100
AcDbLine
 10
625.005052
 20
53.0954738147
 30
0.0
 11
625.18393
 21
53.0954738147
 31
0.0
  0
LINE
  5
48A
330
1B
100
AcDbEntity
 67
     1
  8
20
  6
Continuous
 62
    19
100
AcDbLine
 10
625.18393
 20
53.0954738147
 30
0.0
 11
625.303742
 21
53.0954738147
 31
0.0
  0
CIRCLE
  5
48B
330
1B
100
AcDbEntity
 67
     1
  8
SLD-0
 62
    19
370
    35
100
AcDbCircle
 10
465.5623033021
 20
104.9015336825
 30
0.0
 40
5.999999999999805
  0
CIRCLE
  5
48C
330
1B
100
AcDbEntity
 67
     1
  8
SLD-0
 62
    19
370
    35
100
AcDbCircle
 10
465.5623033021
 20
104.9015336825
 30
0.0
 40
3.000000000000141
  0
INSERT
  5
48D
330
1B
100
AcDbEntity
 67
     1
  8
0
  6
Continuous
 62
     7
100
AcDbBlockReference
 66
     1
  2
SWNA_DETAIL
 10
-1872.4656654018
 20
-166.5291244341
 30
0.0
  0
ATTRIB
  5
48E
330
48D
100
AcDbEntity
 67
     1
  8
FORMAT
 62
     7
100
AcDbText
 10
298.6397198549
 20
157.4712336962
 30
0.0
 40
7.0
  1
6061-T6 
 41
0.75
  7
SLDTEXTSTYLE0
 11
298.6397198549
 21
153.8503591386
 31
0.0
100
AcDbAttribute
  2
AUTOATTR0
 70
     0
 74
     1
  0
SEQEND
  5
48F
330
48D
100
AcDbEntity
 67
     1
  8
0
  6
Continuous
 62
     7
  0
MTEXT
  5
490
330
1B
100
AcDbEntity
 67
     1
  8
SLD-0
100
AcDbMText
 10
245.9182054766
 20
35.2979505021
 30
0.0
 40
7.0
 41
0.0
 71
     1
 72
     1
  1
APPROX. WEIGHT = 0.52 KG
  7
SLDTEXTSTYLE0
 73
     1
 44
1.0
  0
MTEXT
  5
492
330
1B
100
AcDbEntity
 67
     1
  8
20
100
AcDbMText
 10
39.162396
 20
63.4870052858
 30
0.0
 40
5.0
 41
0.0
 71
     1
 72
     1
  1
F
  7
SLDTEXTSTYLE2
 73
     1
 44
1.0
  0
MTEXT
  5
493
330
1B
100
AcDbEntity
 67
     1
  8
20
100
AcDbMText
 10
39.162396
 20
151.9870052858
 30
0.0
 40
5.0
 41
0.0
 71
     1
 72
     1
  1
E
  7
SLDTEXTSTYLE2
 73
     1
 44
1.0
  0
MTEXT
  5
494
330
1B
100
AcDbEntity
 67
     1
  8
20
100
AcDbMText
 10
72.2968706727
 20
17.378139183
 30
0.0
 40
5.0
 41
0.0
 71
     1
 72
     1
  1
1
  7
SLDTEXTSTYLE2
 73
     1
 44
1.0
  0
MTEXT
  5
495
330
1B
100
AcDbEntity
 67
     1
  8
20
100
AcDbMText
 10
39.162396
 20
251.9870052858
 30
0.0
 40
5.0
 41
0.0
 71
     1
 72
     1
  1
D
  7
SLDTEXTSTYLE2
 73
     1
 44
1.0
  0
MTEXT
  5
496
330
1B
100
AcDbEntity
 67
     1
  8
20
100
AcDbMText
 10
39.162396
 20
451.9870052858
 30
0.0
 40
5.0
 41
0.0
 71
     1
 72
     1
  1
B
  7
SLDTEXTSTYLE2
 73
     1
 44
1.0
  0
MTEXT
  5
497
330
1B
100
AcDbEntity
 67
     1
  8
20
100
AcDbMText
 10
39.162396
 20
351.9870052858
 30
0.0
 40
5.0
 41
0.0
 71
     1
 72
     1
  1
C
  7
SLDTEXTSTYLE2
 73
     1
 44
1.0
  0
MTEXT
  5
498
330
1B
100
AcDbEntity
 67
     1
  8
20
100
AcDbMText
 10
39.162396
 20
555.8016567774
 30
0.0
 40
5.0
 41
0.0
 71
     1
 72
     1
  1
A
  7
SLDTEXTSTYLE2
 73
     1
 44
1.0
  0
MTEXT
  5
499
330
1B
100
AcDbEntity
 67
     1
  8
20
100
AcDbMText
 10
172.2968706727
 20
17.378139183
 30
0.0
 40
5.0
 41
0.0
 71
     1
 72
     1
  1
2
  7
SLDTEXTSTYLE2
 73
     1
 44
1.0
  0
MTEXT
  5
49A
330
1B
100
AcDbEntity
 67
     1
  8
20
100
AcDbMText
 10
272.2968706727
 20
17.378139183
 30
0.0
 40
5.0
 41
0.0
 71
     1
 72
     1
  1
3
  7
SLDTEXTSTYLE2
 73
     1
 44
1.0
  0
MTEXT
  5
49B
330
1B
100
AcDbEntity
 67
     1
  8
20
100
AcDbMText
 10
372.2968706727
 20
17.378139183
 30
0.0
 40
5.0
 41
0.0
 71
     1
 72
     1
  1
4
  7
SLDTEXTSTYLE2
 73
     1
 44
1.0
  0
MTEXT
  5
49C
330
1B
100
AcDbEntity
 67
     1
  8
20
100
AcDbMText
 10
772.2968706727
 20
17.378139183
 30
0.0
 40
5.0
 41
0.0
 71
     1
 72
     1
  1
8
  7
SLDTEXTSTYLE2
 73
     1
 44
1.0
  0
MTEXT
  5
49D
330
1B
100
AcDbEntity
 67
     1
  8
20
100
AcDbMText
 10
472.2968706727
 20
17.378139183
 30
0.0
 40
5.0
 41
0.0
 71
     1
 72
     1
  1
5
  7
SLDTEXTSTYLE2
 73
     1
 44
1.0
  0
MTEXT
  5
49E
330
1B
100
AcDbEntity
 67
     1
  8
20
100
AcDbMText
 10
572.2968706727
 20
17.378139183
 30
0.0
 40
5.0
 41
0.0
 71
     1
 72
     1
  1
6
  7
SLDTEXTSTYLE2
 73
     1
 44
1.0
  0
MTEXT
  5
49F
330
1B
100
AcDbEntity
 67
     1
  8
20
100
AcDbMText
 10
672.2968706727
 20
17.378139183
 30
0.0
 40
5.0
 41
0.0
 71
     1
 72
     1
  1
7
  7
SLDTEXTSTYLE2
 73
     1
 44
1.0
  0
MTEXT
  5
4A0
330
1B
100
AcDbEntity
 67
     1
  8
20
100
AcDbMText
 10
172.2968706727
 20
581.378139183
 30
0.0
 40
5.0
 41
0.0
 71
     1
 72
     1
  1
2
  7
SLDTEXTSTYLE2
 73
     1
 44
1.0
  0
MTEXT
  5
4A1
330
1B
100
AcDbEntity
 67
     1
  8
20
100
AcDbMText
 10
672.2968706727
 20
581.378139183
 30
0.0
 40
5.0
 41
0.0
 71
     1
 72
     1
  1
7
  7
SLDTEXTSTYLE2
 73
     1
 44
1.0
  0
MTEXT
  5
4A2
330
1B
100
AcDbEntity
 67
     1
  8
20
100
AcDbMText
 10
472.2968706727
 20
581.378139183
 30
0.0
 40
5.0
 41
0.0
 71
     1
 72
     1
  1
5
  7
SLDTEXTSTYLE2
 73
     1
 44
1.0
  0
MTEXT
  5
4A3
330
1B
100
AcDbEntity
 67
     1
  8
20
100
AcDbMText
 10
772.2968706727
 20
581.378139183
 30
0.0
 40
5.0
 41
0.0
 71
     1
 72
     1
  1
8
  7
SLDTEXTSTYLE2
 73
     1
 44
1.0
  0
MTEXT
  5
4A4
330
1B
100
AcDbEntity
 67
     1
  8
20
100
AcDbMText
 10
572.2968706727
 20
581.378139183
 30
0.0
 40
5.0
 41
0.0
 71
     1
 72
     1
  1
6
  7
SLDTEXTSTYLE2
 73
     1
 44
1.0
  0
MTEXT
  5
4A5
330
1B
100
AcDbEntity
 67
     1
  8
20
100
AcDbMText
 10
72.2968706727
 20
581.378139183
 30
0.0
 40
5.0
 41
0.0
 71
     1
 72
     1
  1
1
  7
SLDTEXTSTYLE2
 73
     1
 44
1.0
  0
MTEXT
  5
4A6
330
1B
100
AcDbEntity
 67
     1
  8
20
100
AcDbMText
 10
372.2968706727
 20
581.378139183
 30
0.0
 40
5.0
 41
0.0
 71
     1
 72
     1
  1
4
  7
SLDTEXTSTYLE2
 73
     1
 44
1.0
  0
MTEXT
  5
4A7
330
1B
100
AcDbEntity
 67
     1
  8
20
100
AcDbMText
 10
272.2968706727
 20
581.378139183
 30
0.0
 40
5.0
 41
0.0
 71
     1
 72
     1
  1
3
  7
SLDTEXTSTYLE2
 73
     1
 44
1.0
  0
MTEXT
  5
4A8
330
1B
100
AcDbEntity
 67
     1
  8
20
100
AcDbMText
 10
823.162396
 20
63.4870052858
 30
0.0
 40
5.0
 41
0.0
 71
     1
 72
     1
  1
F
  7
SLDTEXTSTYLE2
 73
     1
 44
1.0
  0
MTEXT
  5
4A9
330
1B
100
AcDbEntity
 67
     1
  8
20
100
AcDbMText
 10
823.162396
 20
351.9870052858
 30
0.0
 40
5.0
 41
0.0
 71
     1
 72
     1
  1
C
  7
SLDTEXTSTYLE2
 73
     1
 44
1.0
  0
MTEXT
  5
4AA
330
1B
100
AcDbEntity
 67
     1
  8
20
100
AcDbMText
 10
823.162396
 20
151.9870052858
 30
0.0
 40
5.0
 41
0.0
 71
     1
 72
     1
  1
E
  7
SLDTEXTSTYLE2
 73
     1
 44
1.0
  0
MTEXT
  5
4AB
330
1B
100
AcDbEntity
 67
     1
  8
20
100
AcDbMText
 10
823.162396
 20
451.9870052858
 30
0.0
 40
5.0
 41
0.0
 71
     1
 72
     1
  1
B
  7
SLDTEXTSTYLE2
 73
     1
 44
1.0
  0
MTEXT
  5
4AC
330
1B
100
AcDbEntity
 67
     1
  8
20
100
AcDbMText
 10
823.162396
 20
251.9870052858
 30
0.0
 40
5.0
 41
0.0
 71
     1
 72
     1
  1
D
  7
SLDTEXTSTYLE2
 73
     1
 44
1.0
  0
MTEXT
  5
4AD
330
1B
100
AcDbEntity
 67
     1
  8
20
100
AcDbMText
 10
823.162396
 20
555.8016567774
 30
0.0
 40
5.0
 41
0.0
 71
     1
 72
     1
  1
A
  7
SLDTEXTSTYLE2
 73
     1
 44
1.0
  0
MTEXT
  5
4AF
330
1B
100
AcDbEntity
 67
     1
  8
20
100
AcDbMText
 10
797.6904214281
 20
35.4691596708
 30
0.0
 40
6.0
 41
0.0
 71
     2
 72
     1
  1
1
  7
SLDTEXTSTYLE3
 73
     1
 44
1.0
  0
MTEXT
  5
4B0
330
1B
100
AcDbEntity
 67
     1
  8
20
100
AcDbMText
 10
806.9188437085
 20
45.3944740589
 30
0.0
 40
6.0
 41
0.0
 71
     2
 72
     1
  1
1
  7
SLDTEXTSTYLE3
 73
     1
 44
1.0
  0
MTEXT
  5
4B2
330
1B
100
AcDbEntity
 67
     1
  8
TEXT
100
AcDbMText
 10
646.7549597297
 20
139.8595411994
 30
0.0
 40
7.0
 41
0.0
 71
     1
 72
     1
  1
AL
  7
SLDTEXTSTYLE4
 73
     1
 44
1.0
  0
MTEXT
  5
4B4
330
1B
100
AcDbEntity
 67
     1
  8
TEXT
100
AcDbMText
 10
646.7549597297
 20
86.2318070085
 30
0.0
 40
7.0
 41
0.0
 71
     1
 72
     1
  1
plate
  7
SLDTEXTSTYLE5
 73
     1
 44
1.0
  0
MTEXT
  5
4B6
330
1B
100
AcDbEntity
 67
     1
  8
TEXT
100
AcDbMText
 10
673.199996
 20
51.6068070085
 30
0.0
 40
7.0
 41
0.0
 71
     1
 72
     1
  1
314-092-60082-10
  7
SLDTEXTSTYLE6
 73
     1
 44
1.0
  0
MTEXT
  5
4B8
330
1B
100
AcDbEntity
 67
     1
  8
TEXT
100
AcDbMText
 10
623.7640256744
 20
84.0666858542
 30
0.0
 40
3.0
 41
0.0
 71
     2
 72
     1
  1
Martini, Christopher
  7
SLDTEXTSTYLE7
 73
     1
 44
1.0
  0
MTEXT
  5
4BA
330
1B
100
AcDbEntity
 67
     1
  8
20
100
AcDbMText
 10
451.405926
 20
123.399948457
 30
0.0
 40
4.2
 41
0.0
 71
     1
 72
     1
  1
CAD: SolidWorks
  7
SLDTEXTSTYLE8
 73
     1
 44
1.0
  0
MTEXT
  5
4BB
330
1B
100
AcDbEntity
 67
     1
  8
20
100
AcDbMText
 10
625.6884076515
 20
108.4335184759
 30
0.0
 40
4.2
 41
0.0
 71
     2
 72
     1
  1
EN ISO
  7
SLDTEXTSTYLE8
 73
     1
 44
1.0
  0
MTEXT
  5
4BC
330
1B
100
AcDbEntity
 67
     1
  8
20
100
AcDbMText
 10
625.7678880767
 20
102.4108909529
 30
0.0
 40
4.2
 41
0.0
 71
     2
 72
     1
  1
1302
  7
SLDTEXTSTYLE8
 73
     1
 44
1.0
  0
MTEXT
  5
4BD
330
1B
100
AcDbEntity
 67
     1
  8
20
100
AcDbMText
 10
559.800292
 20
26.239084457
 30
0.0
 40
4.2
 41
0.0
 71
     1
 72
     1
  1
Urspr.
  7
SLDTEXTSTYLE8
 73
     1
 44
1.0
  0
MTEXT
  5
4BE
330
1B
100
AcDbEntity
 67
     1
  8
20
100
AcDbMText
 10
530.7760297855
 20
25.6416833925
 30
0.0
 40
3.2
 41
0.0
 71
     1
 72
     1
  1
Name
  7
SLDTEXTSTYLE8
 73
     1
 44
1.0
  0
MTEXT
  5
4BF
330
1B
100
AcDbEntity
 67
     1
  8
20
100
AcDbMText
 10
617.9597612793
 20
94.5996131253
 30
0.0
 40
4.2
 41
0.0
 71
     1
 72
     1
  1
Name
  7
SLDTEXTSTYLE8
 73
     1
 44
1.0
  0
MTEXT
  5
4C0
330
1B
100
AcDbEntity
 67
     1
  8
20
100
AcDbMText
 10
646.2397090343
 20
47.8890840911
 30
0.0
 40
4.2
 41
0.0
 71
     1
 72
     1
  1
DRW No.
  7
SLDTEXTSTYLE8
 73
     1
 44
1.0
  0
MTEXT
  5
4C1
330
1B
100
AcDbEntity
 67
     1
  8
20
100
AcDbMText
 10
646.7549597297
 20
40.839082457
 30
0.0
 40
4.2
 41
0.0
 71
     1
 72
     1
  1
Art-Nr.
  7
SLDTEXTSTYLE8
 73
     1
 44
1.0
  0
MTEXT
  5
4C2
330
1B
100
AcDbEntity
 67
     1
  8
20
100
AcDbMText
 10
790.6021988001
 20
157.8930995469
 30
0.0
 40
4.2
 41
0.0
 71
     1
 72
     1
  1
U-F:
  7
SLDTEXTSTYLE8
 73
     1
 44
1.0
  0
MTEXT
  5
4C3
330
1B
100
AcDbEntity
 67
     1
  8
20
100
AcDbMText
 10
802.5168780159
 20
158.5935115603
 30
0.0
 40
6.0
 41
0.0
 71
     1
 72
     1
  1
A3
  7
SLDTEXTSTYLE8
 73
     1
 44
1.0
  0
MTEXT
  5
4C4
330
1B
100
AcDbEntity
 67
     1
  8
20
100
AcDbMText
 10
580.2460875583
 20
102.4108909529
 30
0.0
 40
4.2
 41
0.0
 71
     2
 72
     1
  1
ISO 2768-mK
  7
SLDTEXTSTYLE8
 73
     1
 44
1.0
  0
MTEXT
  5
4C5
330
1B
100
AcDbEntity
 67
     1
  8
20
100
AcDbMText
 10
449.7317995266
 20
161.5492495204
 30
0.0
 40
4.2
 41
0.0
 71
     1
 72
     1
  1
Auftraggeber
  7
SLDTEXTSTYLE8
 73
     1
 44
1.0
  0
MTEXT
  5
4C6
330
1B
100
AcDbEntity
 67
     1
  8
20
100
AcDbMText
 10
449.7317995266
 20
155.5492495204
 30
0.0
 40
4.2
 41
0.0
 71
     1
 72
     1
  1
Customer:
  7
SLDTEXTSTYLE8
 73
     1
 44
1.0
  0
MTEXT
  5
4C7
330
1B
100
AcDbEntity
 67
     1
  8
20
100
AcDbMText
 10
526.7818611633
 20
102.4108909529
 30
0.0
 40
4.2
 41
0.0
 71
     2
 72
     1
  1
ISO 13715
  7
SLDTEXTSTYLE8
 73
     1
 44
1.0
  0
INSERT
  5
4CD
330
1B
100
AcDbEntity
 67
     1
  8
20
100
AcDbBlockReference
  2
SW_NOTE_0_3
 10
646.7549597297
 20
155.5472191339
 30
0.0
  0
MTEXT
  5
4CE
330
1B
100
AcDbEntity
 67
     1
  8
20
100
AcDbMText
 10
646.7549597297
 20
146.4663102009
 30
0.0
 40
4.2
 41
0.0
 71
     1
 72
     1
  1
Werkstoff/Material
  7
SLDTEXTSTYLE8
 73
     1
 44
1.0
  0
MTEXT
  5
4CF
330
1B
100
AcDbEntity
 67
     1
  8
20
100
AcDbMText
 10
647.0194752466
 20
94.5931401367
 30
0.0
 40
4.2
 41
0.0
 71
     1
 72
     1
  1
Description
  7
SLDTEXTSTYLE8
 73
     1
 44
1.0
  0
MTEXT
  5
4D0
330
1B
100
AcDbEntity
 67
     1
  8
20
100
AcDbMText
 10
646.7549597297
 20
115.2120538309
 30
0.0
 40
4.2
 41
0.0
 71
     1
 72
     1
  1
Beschreibung
  7
SLDTEXTSTYLE8
 73
     1
 44
1.0
  0
MTEXT
  5
4D1
330
1B
100
AcDbEntity
 67
     1
  8
TEXT
100
AcDbMText
 10
646.7549597297
 20
107.8147673858
 30
0.0
 40
7.0
 41
0.0
 71
     1
 72
     1
  1
Platte
  7
SLDTEXTSTYLE5
 73
     1
 44
1.0
  0
MTEXT
  5
4D2
330
1B
100
AcDbEntity
 67
     1
  8
20
100
AcDbMText
 10
646.7549597297
 20
126.609088457
 30
0.0
 40
4.2
 41
0.0
 71
     1
 72
     1
  1
Maßstab/Scale
  7
SLDTEXTSTYLE8
 73
     1
 44
1.0
  0
INSERT
  5
4D8
330
1B
100
AcDbEntity
 67
     1
  8
20
100
AcDbBlockReference
  2
SW_NOTE_0_4
 10
785.9995093145
 20
68.348848903
 30
0.0
  0
MTEXT
  5
4D9
330
1B
100
AcDbEntity
 67
     1
  8
20
100
AcDbMText
 10
803.4427819157
 20
33.6742987371
 30
0.0
 40
4.2
 41
0.0
 71
     1
 72
     1
  1
Bl./Sh.
  7
SLDTEXTSTYLE8
 73
     1
 44
1.0
  0
MTEXT
  5
4DA
330
1B
100
AcDbEntity
 67
     1
  8
20
100
AcDbMText
 10
795.1985906034
 20
53.127998906
 30
0.0
 40
3.6
 41
0.0
 71
     1
 72
     1
  1
Blatt/Sheet
  7
SLDTEXTSTYLE8
 73
     1
 44
1.0
  0
MTEXT
  5
4DB
330
1B
100
AcDbEntity
 67
     1
  8
20
100
AcDbMText
 10
556.2433384393
 20
77.739084457
 30
0.0
 40
4.2
 41
0.0
 71
     1
 72
     1
  1
geneh.
  7
SLDTEXTSTYLE8
 73
     1
 44
1.0
  0
MTEXT
  5
4DC
330
1B
100
AcDbEntity
 67
     1
  8
20
100
AcDbMText
 10
556.2433384393
 20
86.239084457
 30
0.0
 40
4.2
 41
0.0
 71
     1
 72
     1
  1
erstel.
  7
SLDTEXTSTYLE8
 73
     1
 44
1.0
  0
MTEXT
  5
4DD
330
1B
100
AcDbEntity
 67
     1
  8
20
100
AcDbMText
 10
576.0038845651
 20
94.5996131253
 30
0.0
 40
4.2
 41
0.0
 71
     1
 72
     1
  1
Datum/Date
  7
SLDTEXTSTYLE8
 73
     1
 44
1.0
  0
MTEXT
  5
4DE
330
1B
100
AcDbEntity
 67
     1
  8
20
100
AcDbMText
 10
626.5104434894
 20
128.4253595458
 30
0.0
 40
4.2
 41
0.0
 71
     2
 72
     1
  1
Oberfläche
  7
SLDTEXTSTYLE8
 73
     1
 44
1.0
  0
MTEXT
  5
4DF
330
1B
100
AcDbEntity
 67
     1
  8
20
100
AcDbMText
 10
625.7926770951
 20
123.1593443607
 30
0.0
 40
4.2
 41
0.0
 71
     2
 72
     1
  1
Surfaces
  7
SLDTEXTSTYLE8
 73
     1
 44
1.0
  0
INSERT
  5
4E5
330
1B
100
AcDbEntity
 67
     1
  8
20
100
AcDbBlockReference
  2
SW_NOTE_0_5
 10
573.6088673986
 20
112.4489562804
 30
0.0
  0
INSERT
  5
4EB
330
1B
100
AcDbEntity
 67
     1
  8
20
100
AcDbBlockReference
  2
SW_NOTE_0_6
 10
570.3422003828
 20
123.1702599513
 30
0.0
  0
MTEXT
  5
4EC
330
1B
100
AcDbEntity
 67
     1
  8
20
100
AcDbMText
 10
526.7876944881
 20
123.399948457
 30
0.0
 40
4.2
 41
0.0
 71
     2
 72
     1
  1
Workpeace egdes
  7
SLDTEXTSTYLE8
 73
     1
 44
1.0
  0
MTEXT
  5
4ED
330
1B
100
AcDbEntity
 67
     1
  8
20
100
AcDbMText
 10
525.7668615193
 20
128.5843444583
 30
0.0
 40
4.2
 41
0.0
 71
     2
 72
     1
  1
Werkstückkanten
  7
SLDTEXTSTYLE8
 73
     1
 44
1.0
  0
MTEXT
  5
4EE
330
1B
100
AcDbEntity
 67
     1
  8
20
100
AcDbMText
 10
501.0111043394
 20
25.6416833925
 30
0.0
 40
3.2
 41
0.0
 71
     1
 72
     1
  1
Datum/Date
  7
SLDTEXTSTYLE8
 73
     1
 44
1.0
  0
MTEXT
  5
4EF
330
1B
100
AcDbEntity
 67
     1
  8
20
100
AcDbMText
 10
463.200012
 20
25.7416833045
 30
0.0
 40
3.2
 41
0.0
 71
     1
 72
     1
  1
Änd.Nr./Mod.no.
  7
SLDTEXTSTYLE8
 73
     1
 44
1.0
  0
MTEXT
  5
4F0
330
1B
100
AcDbEntity
 67
     1
  8
20
100
AcDbMText
 10
446.9514976392
 20
25.7416833045
 30
0.0
 40
3.2
 41
0.0
 71
     1
 72
     1
  1
Index
  7
SLDTEXTSTYLE8
 73
     1
 44
1.0
  0
MTEXT
  5
4F1
330
1B
100
AcDbEntity
 67
     1
  8
TEXT
100
AcDbMText
 10
672.9258293606
 20
37.9818073744
 30
0.0
 40
7.0
 41
0.0
 71
     1
 72
     1
  1
1011770
  7
SLDTEXTSTYLE6
 73
     1
 44
1.0
  0
MTEXT
  5
4F2
330
1B
100
AcDbEntity
 67
     1
  8
20
100
AcDbMText
 10
448.8470507376
 20
145.6781675001
 30
0.0
 40
4.2
 41
0.0
 71
     1
 72
     1
  1
A-Nr.
  7
SLDTEXTSTYLE8
 73
     1
 44
1.0
  0
MTEXT
  5
4F3
330
1B
100
AcDbEntity
 67
     1
  8
20
100
AcDbMText
 10
472.2659251747
 20
155.5492495204
 30
0.0
 40
4.2
 41
0.0
 71
     1
 72
     1
  1
.
  7
SLDTEXTSTYLE8
 73
     1
 44
1.0
  0
MTEXT
  5
4F5
330
1B
100
AcDbEntity
 67
     1
  8
TEXT
100
AcDbMText
 10
799.7864994539
 20
62.2457771008
 30
0.0
 40
6.0
 41
0.0
 71
     2
 72
     1
  1
0
  7
SLDTEXTSTYLE9
 73
     1
 44
1.0
  0
MTEXT
  5
4F6
330
1B
100
AcDbEntity
 67
     1
  8
20
100
AcDbMText
 10
448.8470507376
 20
136.6365005155
 30
0.0
 40
4.2
 41
0.0
 71
     1
 72
     1
  1
Item No.
  7
SLDTEXTSTYLE8
 73
     1
 44
1.0
  0
MTEXT
  5
4F7
330
1B
100
AcDbEntity
 67
     1
  8
20
100
AcDbMText
 10
646.4142841539
 20
35.189084457
 30
0.0
 40
4.2
 41
0.0
 71
     1
 72
     1
  1
Item No.
  7
SLDTEXTSTYLE8
 73
     1
 44
1.0
  0
MTEXT
  5
4F8
330
1B
100
AcDbEntity
 67
     1
  8
20
100
AcDbMText
 10
646.2397090343
 20
53.6505244267
 30
0.0
 40
4.2
 41
0.0
 71
     1
 72
     1
  1
Z-Nr.
  7
SLDTEXTSTYLE8
 73
     1
 44
1.0
  0
MTEXT
  5
4F9
330
1B
100
AcDbEntity
 67
     1
  8
TEXT
100
AcDbMText
 10
788.104344094
 20
35.1826114684
 30
0.0
 40
4.2
 41
0.0
 71
     2
 72
     1
  1
en
  7
SLDTEXTSTYLE6
 73
     1
 44
1.0
  0
MTEXT
  5
4FA
330
1B
100
AcDbEntity
 67
     1
  8
20
100
AcDbMText
 10
784.4027590328
 20
41.458327577
 30
0.0
 40
4.2
 41
0.0
 71
     1
 72
     1
  1
SP
  7
SLDTEXTSTYLE8
 73
     1
 44
1.0
  0
MTEXT
  5
4FB
330
1B
100
AcDbEntity
 67
     1
  8
TEXT
100
AcDbMText
 10
580.0
 20
86.239084457
 30
0.0
 40
4.2
 41
0.0
 71
     1
 72
     1
  1
10.08.2026
  7
SLDTEXTSTYLE7
 73
     1
 44
1.0
  0
MTEXT
  5
4FC
330
1B
100
AcDbEntity
 67
     1
  8
20
100
AcDbMText
 10
100.8664930417
 20
471.3296937337
 30
0.0
 40
4.2
 41
0.0
 71
     1
 72
     1
  1
.
  7
SLDTEXTSTYLE8
 73
     1
 44
1.0
  0
INSERT
  5
503
330
1B
100
AcDbEntity
 67
     1
  8
0
  6
Continuous
 62
     7
370
     0
100
AcDbBlockReference
  2
SW_NOTE_0_7
 10
619.115566135
 20
135.2084010749
 30
0.0
  0
MTEXT
  5
504
330
1B
100
AcDbEntity
 67
     1
  8
0
  6
Continuous
 62
     7
370
     0
100
AcDbMText
 10
565.9379136227
 20
141.6537397737
 30
0.0
 40
5.0
 41
0.0
 71
     1
 72
     1
  1
Size ISO 14405
  7
SLDTEXTSTYLE10
 73
     1
 44
1.0
  0
LINE
  5
505
330
1B
100
AcDbEntity
 67
     1
  8
0
  6
Continuous
 62
     7
370
    25
100
AcDbLine
 10
578.4528782288
 20
333.0500369004
 30
0.0
 11
573.4528782288
 21
338.0500369004
 31
0.0
  0
LINE
  5
506
330
1B
100
AcDbEntity
 67
     1
  8
0
  6
Continuous
 62
     7
370
    25
100
AcDbLine
 10
573.4528782288
 20
287.2500369004
 30
0.0
 11
578.4528782288
 21
292.2500369004
 31
0.0
  0
LINE
  5
507
330
1B
100
AcDbEntity
 67
     1
  8
0
  6
Continuous
 62
     7
370
    25
100
AcDbLine
 10
178.4528782288
 20
292.2500369004
 30
0.0
 11
183.4528782288
 21
287.2500369004
 31
0.0
  0
LINE
  5
508
330
1B
100
AcDbEntity
 67
     1
  8
0
  6
Continuous
 62
     7
370
    25
100
AcDbLine
 10
183.4528782288
 20
338.0500369004
 30
0.0
 11
178.4528782288
 21
333.0500369004
 31
0.0
  0
CIRCLE
  5
509
330
1B
100
AcDbEntity
 67
     1
  8
0
  6
Continuous
 62
     7
370
    25
100
AcDbCircle
 10
214.4528782288
 20
312.6500369004
 30
0.0
 40
2.100000000000023
  0
CIRCLE
  5
50A
330
1B
100
AcDbEntity
 67
     1
  8
0
  6
Continuous
 62
     7
370
    25
100
AcDbCircle
 10
355.9528782288
 20
312.6500369004
 30
0.0
 40
2.100000000000023
  0
CIRCLE
  5
50B
330
1B
100
AcDbEntity
 67
     1
  8
0
  6
Continuous
 62
     7
370
    25
100
AcDbCircle
 10
542.4528782288
 20
312.6500369004
 30
0.0
 40
2.100000000000023
  0
CIRCLE
  5
50C
330
1B
100
AcDbEntity
 67
     1
  8
0
  6
Continuous
 62
     7
370
    25
100
AcDbCircle
 10
188.4528782288
 20
312.6500369004
 30
0.0
 40
3.300000000000011
  0
CIRCLE
  5
50D
330
1B
100
AcDbEntity
 67
     1
  8
0
  6
Continuous
 62
     7
370
    25
100
AcDbCircle
 10
568.4528782288
 20
312.6500369004
 30
0.0
 40
3.300000000000011
  0
LINE
  5
50E
330
1B
100
AcDbEntity
 67
     1
  8
0
  6
Continuous
 62
     7
370
    25
100
AcDbLine
 10
578.4528782288
 20
292.2500369004
 30
0.0
 11
578.4528782288
 21
333.0500369004
 31
0.0
  0
LINE
  5
50F
330
1B
100
AcDbEntity
 67
     1
  8
0
  6
Continuous
 62
     7
370
    25
100
AcDbLine
 10
183.4528782288
 20
287.2500369004
 30
0.0
 11
573.4528782288
 21
287.2500369004
 31
0.0
  0
LINE
  5
510
330
1B
100
AcDbEntity
 67
     1
  8
0
  6
Continuous
 62
     7
370
    25
100
AcDbLine
 10
178.4528782288
 20
333.0500369004
 30
0.0
 11
178.4528782288
 21
292.2500369004
 31
0.0
  0
LINE
  5
511
330
1B
100
AcDbEntity
 67
     1
  8
0
  6
Continuous
 62
     7
370
    25
100
AcDbLine
 10
573.4528782288
 20
338.0500369004
 30
0.0
 11
183.4528782288
 21
338.0500369004
 31
0.0
  0
CIRCLE
  5
512
330
1B
100
AcDbEntity
 67
     1
  8
0
  6
Continuous
 62
     7
370
    25
100
AcDbCircle
 10
400.9528782288
 20
312.6500369004
 30
0.0
 40
2.100000000000023
  0
DIMENSION
  5
513
330
1B
100
AcDbEntity
 67
     1
  8
SLD-0
100
AcDbDimension
  2
_D
 10
178.4528782288
 20
292.2500369004
 30
0.0
 11
178.4528782288
 21
266.3349133801
 31
0.0
 70
   102
  1
<>
 71
     5
 42
-1.0
  3
SLDDIMSTYLE0
100
AcDbOrdinateDimension
 13
178.4528782288
 23
292.2500369004
 33
0.0
 14
178.4528782288
 24
268.6808856089
 34
0.0
  0
DIMENSION
  5
51F
330
1B
100
AcDbEntity
 67
     1
  8
SLD-0
100
AcDbDimension
  2
_D_1
 10
178.4528782288
 20
292.2500369004
 30
0.0
 11
188.6343097849
 21
258.1240108121
 31
0.0
 70
   102
  1
<>
 71
     5
 42
-1.0
  3
SLDDIMSTYLE1
100
AcDbOrdinateDimension
 13
188.4528782288
 23
306.8100369004
 33
0.0
 14
188.6343097849
 24
268.6808856089
 34
0.0
  0
DIMENSION
  5
528
330
1B
100
AcDbEntity
 67
     1
  8
SLD-0
100
AcDbDimension
  2
_D_2
 10
178.4528782288
 20
292.2500369004
 30
0.0
 11
214.4528782288
 21
258.1240108121
 31
0.0
 70
   102
  1
<>
 71
     5
 42
-1.0
  3
SLDDIMSTYLE1
100
AcDbOrdinateDimension
 13
214.4528782288
 23
308.0100369004
 33
0.0
 14
214.4528782288
 24
268.6808856089
 34
0.0
  0
DIMENSION
  5
52E
330
1B
100
AcDbEntity
 67
     1
  8
SLD-0
100
AcDbDimension
  2
_D_3
 10
178.4528782288
 20
292.2500369004
 30
0.0
 11
355.9528782288
 21
255.778039049
 31
0.0
 70
   102
  1
<>
 71
     5
 42
-1.0
  3
SLDDIMSTYLE1
100
AcDbOrdinateDimension
 13
355.9528782288
 23
308.0100369004
 33
0.0
 14
355.9528782288
 24
268.6808856089
 34
0.0
  0
DIMENSION
  5
534
330
1B
100
AcDbEntity
 67
     1
  8
SLD-0
100
AcDbDimension
  2
_D_4
 10
178.4528782288
 20
292.2500369004
 30
0.0
 11
400.9528782288
 21
255.778039049
 31
0.0
 70
   102
  1
<>
 71
     5
 42
-1.0
  3
SLDDIMSTYLE1
100
AcDbOrdinateDimension
 13
400.9528782288
 23
308.0100369004
 33
0.0
 14
400.9528782288
 24
268.6808856089
 34
0.0
  0
DIMENSION
  5
53A
330
1B
100
AcDbEntity
 67
     1
  8
SLD-0
100
AcDbDimension
  2
_D_5
 10
178.4528782288
 20
292.2500369004
 30
0.0
 11
542.4528782288
 21
255.778039049
 31
0.0
 70
   102
  1
<>
 71
     5
 42
-1.0
  3
SLDDIMSTYLE1
100
AcDbOrdinateDimension
 13
542.4528782288
 23
308.0100369004
 33
0.0
 14
542.4528782288
 24
268.6808856089
 34
0.0
  0
DIMENSION
  5
540
330
1B
100
AcDbEntity
 67
     1
  8
SLD-0
100
AcDbDimension
  2
_D_6
 10
178.4528782288
 20
292.2500369004
 30
0.0
 11
568.2714466727
 21
255.778039049
 31
0.0
 70
   102
  1
<>
 71
     5
 42
-1.0
  3
SLDDIMSTYLE1
100
AcDbOrdinateDimension
 13
568.4528782288
 23
306.8100369004
 33
0.0
 14
568.2714466727
 24
268.6808856089
 34
0.0
  0
DIMENSION
  5
548
330
1B
100
AcDbEntity
 67
     1
  8
SLD-0
100
AcDbDimension
  2
_D_7
 10
178.4528782288
 20
292.2500369004
 30
0.0
 11
578.4528782288
 21
258.1240108121
 31
0.0
 70
   102
  1
<>
 71
     5
 42
-1.0
  3
SLDDIMSTYLE2
100
AcDbOrdinateDimension
 13
578.4528782288
 23
292.2500369004
 33
0.0
 14
578.4528782288
 24
268.6808856089
 34
0.0
  0
DIMENSION
  5
54F
330
1B
100
AcDbEntity
 67
     1
  8
SLD-0
100
AcDbDimension
  2
_D_8
 10
183.4528782288
 20
287.2500369004
 30
0.0
 11
158.1242491734
 21
287.2500369004
 31
0.0
 70
    38
  1
<>
 71
     5
 42
-1.0
  3
SLDDIMSTYLE0
100
AcDbOrdinateDimension
 13
183.4528782288
 23
287.2500369004
 33
0.0
 14
160.4702214022
 24
287.2500369004
 34
0.0
  0
DIMENSION
  5
555
330
1B
100
AcDbEntity
 67
     1
  8
SLD-0
100
AcDbDimension
  2
_D_9
 10
183.4528782288
 20
287.2500369004
 30
0.0
 11
152.2593183686
 21
312.6500369004
 31
0.0
 70
    38
  1
<>
 71
     5
 42
-1.0
  3
SLDDIMSTYLE3
100
AcDbOrdinateDimension
 13
182.6128782288
 23
312.6500369004
 33
0.0
 14
160.4702214022
 24
312.6500369004
 34
0.0
  0
DIMENSION
  5
55C
330
1B
100
AcDbEntity
 67
     1
  8
SLD-0
100
AcDbDimension
  2
_D_10
 10
183.4528782288
 20
287.2500369004
 30
0.0
 11
131.4211769273
 21
338.0500369004
 31
0.0
 70
    38
  1
<> STK.
 71
     5
 42
-1.0
  3
SLDDIMSTYLE4
100
AcDbOrdinateDimension
 13
183.4528782288
 23
338.0500369004
 33
0.0
 14
160.4702214022
 24
338.0500369004
 34
0.0
  0
DIMENSION
  5
56B
330
1B
100
AcDbEntity
 67
     1
  8
SLD-0
100
AcDbDimension
  2
_D_11
 10
187.5987753799
 20
309.4624816736
 30
0.0
 11
248.7896297977
 21
376.0466563819
 31
0.0
 70
   163
  1
2X <> THRU ALL\P
 71
     1
 42
-1.0
  3
SLDDIMSTYLE5
100
AcDbDiametricDimension
 15
189.3069810776
 25
315.8375921271
 35
0.0
 40
0.0
  0
DIMENSION
  5
576
330
1B
100
AcDbEntity
 67
     1
  8
SLD-0
100
AcDbDimension
  2
_D_12
 10
355.4093582341
 20
310.6215926652
 30
0.0
 11
423.623658304
 21
376.0466563819
 31
0.0
 70
   163
  1
4X <> THRU ALL\PM5X0.8 - 6H THRU ALL\P
 71
     1
 42
-1.0
  3
SLDDIMSTYLE5
100
AcDbDiametricDimension
 15
356.4963982235
 25
314.6784811356
 35
0.0
 40
0.0
  0
INSERT
  5
58C
330
1B
100
AcDbEntity
 67
     1
  8
SLD-0
100
AcDbBlockReference
  2
SW_CHAMFER_DIMENSION_0
 10
596.4754750779
 20
345.0323217964
 30
0.0
  0
INSERT
  5
598
330
1B
100
AcDbEntity
 67
     1
  8
SLD-0
100
AcDbBlockReference
  2
SW_CENTERMARKSYMBOL_0
 10
214.4528782288
 20
312.6500369004
 30
0.0
  0
INSERT
  5
5A4
330
1B
100
AcDbEntity
 67
     1
  8
SLD-0
100
AcDbBlockReference
  2
SW_CENTERMARKSYMBOL_1
 10
355.9528782288
 20
312.6500369004
 30
0.0
  0
INSERT
  5
5B0
330
1B
100
AcDbEntity
 67
     1
  8
SLD-0
100
AcDbBlockReference
  2
SW_CENTERMARKSYMBOL_2
 10
400.9528782288
 20
312.6500369004
 30
0.0
  0
INSERT
  5
5BC
330
1B
100
AcDbEntity
 67
     1
  8
SLD-0
100
AcDbBlockReference
  2
SW_CENTERMARKSYMBOL_3
 10
542.4528782288
 20
312.6500369004
 30
0.0
  0
INSERT
  5
5C8
330
1B
100
AcDbEntity
 67
     1
  8
SLD-0
100
AcDbBlockReference
  2
SW_CENTERMARKSYMBOL_4
 10
188.4528782288
 20
312.6500369004
 30
0.0
  0
INSERT
  5
5D4
330
1B
100
AcDbEntity
 67
     1
  8
SLD-0
100
AcDbBlockReference
  2
SW_CENTERMARKSYMBOL_5
 10
568.4528782288
 20
312.6500369004
 30
0.0
  0
CIRCLE
  5
5D5
330
1B
100
AcDbEntity
 67
     1
  8
0
  6
HIDDEN
 62
     7
370
    18
100
AcDbCircle
 10
214.4528782288
 20
312.6500369004
 30
0.0
 40
2.5
  0
CIRCLE
  5
5D6
330
1B
100
AcDbEntity
 67
     1
  8
0
  6
HIDDEN
 62
     7
370
    18
100
AcDbCircle
 10
355.9528782288
 20
312.6500369004
 30
0.0
 40
2.5
  0
CIRCLE
  5
5D7
330
1B
100
AcDbEntity
 67
     1
  8
0
  6
HIDDEN
 62
     7
370
    18
100
AcDbCircle
 10
400.9528782288
 20
312.6500369004
 30
0.0
 40
2.5
  0
CIRCLE
  5
5D8
330
1B
100
AcDbEntity
 67
     1
  8
0
  6
HIDDEN
 62
     7
370
    18
100
AcDbCircle
 10
542.4528782288
 20
312.6500369004
 30
0.0
 40
2.499999999999886
  0
LINE
  5
5D9
330
1B
100
AcDbEntity
 67
     1
  8
0
  6
Continuous
 62
     7
370
    25
100
AcDbLine
 10
573.4528782288
 20
431.9699723247
 30
0.0
 11
573.4528782288
 21
441.4949723247
 31
0.0
  0
LINE
  5
5DA
330
1B
100
AcDbEntity
 67
     1
  8
0
  6
Continuous
 62
     7
370
    25
100
AcDbLine
 10
578.4528782288
 20
441.4949723247
 30
0.0
 11
578.4528782288
 21
431.9699723247
 31
0.0
  0
LINE
  5
5DB
330
1B
100
AcDbEntity
 67
     1
  8
0
  6
Continuous
 62
     7
370
    25
100
AcDbLine
 10
578.4528782288
 20
431.9699723247
 30
0.0
 11
573.4528782288
 21
431.9699723247
 31
0.0
  0
LINE
  5
5DC
330
1B
100
AcDbEntity
 67
     1
  8
0
  6
Continuous
 62
     7
370
    25
100
AcDbLine
 10
573.4528782288
 20
441.4949723247
 30
0.0
 11
578.4528782288
 21
441.4949723247
 31
0.0
  0
LINE
  5
5DD
330
1B
100
AcDbEntity
 67
     1
  8
0
  6
Continuous
 62
     7
370
    25
100
AcDbLine
 10
573.4528782288
 20
431.9699723247
 30
0.0
 11
183.4528782288
 21
431.9699723247
 31
0.0
  0
LINE
  5
5DE
330
1B
100
AcDbEntity
 67
     1
  8
0
  6
Continuous
 62
     7
370
    25
100
AcDbLine
 10
183.4528782288
 20
441.4949723247
 30
0.0
 11
183.4528782288
 21
431.9699723247
 31
0.0
  0
LINE
  5
5DF
330
1B
100
AcDbEntity
 67
     1
  8
0
  6
Continuous
 62
     7
370
    25
100
AcDbLine
 10
573.4528782288
 20
441.4949723247
 30
0.0
 11
183.4528782288
 21
441.4949723247
 31
0.0
  0
LINE
  5
5E0
330
1B
100
AcDbEntity
 67
     1
  8
0
  6
Continuous
 62
     7
370
    25
100
AcDbLine
 10
178.4528782288
 20
431.9699723247
 30
0.0
 11
178.4528782288
 21
441.4949723247
 31
0.0
  0
LINE
  5
5E1
330
1B
100
AcDbEntity
 67
     1
  8
0
  6
Continuous
 62
     7
370
    25
100
AcDbLine
 10
183.4528782288
 20
431.9699723247
 30
0.0
 11
178.4528782288
 21
431.9699723247
 31
0.0
  0
LINE
  5
5E2
330
1B
100
AcDbEntity
 67
     1
  8
0
  6
Continuous
 62
     7
370
    25
100
AcDbLine
 10
178.4528782288
 20
441.4949723247
 30
0.0
 11
183.4528782288
 21
441.4949723247
 31
0.0
  0
LINE
  5
5E3
330
1B
100
AcDbEntity
 67
     1
  8
0
  6
HIDDEN
 62
     7
370
    18
100
AcDbLine
 10
571.7528782288
 20
431.9699723247
 30
0.0
 11
571.7528782288
 21
441.4949723247
 31
0.0
  0
LINE
  5
5E4
330
1B
100
AcDbEntity
 67
     1
  8
0
  6
HIDDEN
 62
     7
370
    18
100
AcDbLine
 10
565.1528782288
 20
441.4949723247
 30
0.0
 11
565.1528782288
 21
431.9699723247
 31
0.0
  0
LINE
  5
5E5
330
1B
100
AcDbEntity
 67
     1
  8
0
  6
HIDDEN
 62
     7
370
    18
100
AcDbLine
 10
191.7528782288
 20
431.9699723247
 30
0.0
 11
191.7528782288
 21
441.4949723247
 31
0.0
  0
LINE
  5
5E6
330
1B
100
AcDbEntity
 67
     1
  8
0
  6
HIDDEN
 62
     7
370
    18
100
AcDbLine
 10
185.1528782288
 20
441.4949723247
 30
0.0
 11
185.1528782288
 21
431.9699723247
 31
0.0
  0
LINE
  5
5E7
330
1B
100
AcDbEntity
 67
     1
  8
0
  6
HIDDEN
 62
     7
370
    18
100
AcDbLine
 10
544.5528782288
 20
431.9699723247
 30
0.0
 11
544.5528782288
 21
441.4949723247
 31
0.0
  0
LINE
  5
5E8
330
1B
100
AcDbEntity
 67
     1
  8
0
  6
HIDDEN
 62
     7
370
    18
100
AcDbLine
 10
540.3528782288
 20
441.4949723247
 30
0.0
 11
540.3528782288
 21
431.9699723247
 31
0.0
  0
LINE
  5
5E9
330
1B
100
AcDbEntity
 67
     1
  8
0
  6
HIDDEN
 62
     7
370
    18
100
AcDbLine
 10
403.0528782288
 20
431.9699723247
 30
0.0
 11
403.0528782288
 21
441.4949723247
 31
0.0
  0
LINE
  5
5EA
330
1B
100
AcDbEntity
 67
     1
  8
0
  6
HIDDEN
 62
     7
370
    18
100
AcDbLine
 10
398.8528782288
 20
441.4949723247
 30
0.0
 11
398.8528782288
 21
431.9699723247
 31
0.0
  0
LINE
  5
5EB
330
1B
100
AcDbEntity
 67
     1
  8
0
  6
HIDDEN
 62
     7
370
    18
100
AcDbLine
 10
358.0528782288
 20
431.9699723247
 30
0.0
 11
358.0528782288
 21
441.4949723247
 31
0.0
  0
LINE
  5
5EC
330
1B
100
AcDbEntity
 67
     1
  8
0
  6
HIDDEN
 62
     7
370
    18
100
AcDbLine
 10
353.8528782288
 20
441.4949723247
 30
0.0
 11
353.8528782288
 21
431.9699723247
 31
0.0
  0
LINE
  5
5ED
330
1B
100
AcDbEntity
 67
     1
  8
0
  6
HIDDEN
 62
     7
370
    18
100
AcDbLine
 10
216.5528782288
 20
431.9699723247
 30
0.0
 11
216.5528782288
 21
441.4949723247
 31
0.0
  0
LINE
  5
5EE
330
1B
100
AcDbEntity
 67
     1
  8
0
  6
HIDDEN
 62
     7
370
    18
100
AcDbLine
 10
212.3528782288
 20
441.4949723247
 30
0.0
 11
212.3528782288
 21
431.9699723247
 31
0.0
  0
DIMENSION
  5
5EF
330
1B
100
AcDbEntity
 67
     1
  8
SLD-0
100
AcDbDimension
  2
_D_13
 10
164.5690405904
 20
441.4949723247
 30
0.0
 11
164.5690405904
 21
411.9699723247
 31
0.0
 70
   160
  1
<> STK.
 71
     2
 42
-1.0
  3
SLDDIMSTYLE6
100
AcDbAlignedDimension
 13
178.4528782288
 23
431.9699723247
 33
0.0
 14
178.4528782288
 24
441.4949723247
 34
0.0
 50
90.0
100
AcDbRotatedDimension
  0
LINE
  5
604
330
1B
100
AcDbEntity
 67
     1
  8
0
  6
HIDDEN
 62
     7
370
    18
100
AcDbLine
 10
211.9528782288
 20
431.9699723247
 30
0.0
 11
211.9528782288
 21
441.4949723247
 31
0.0
  0
LINE
  5
605
330
1B
100
AcDbEntity
 67
     1
  8
0
  6
HIDDEN
 62
     7
370
    18
100
AcDbLine
 10
216.9528782288
 20
431.9699723247
 30
0.0
 11
216.9528782288
 21
441.4949723247
 31
0.0
  0
LINE
  5
606
330
1B
100
AcDbEntity
 67
     1
  8
0
  6
HIDDEN
 62
     7
370
    18
100
AcDbLine
 10
353.4528782288
 20
431.9699723247
 30
0.0
 11
353.4528782288
 21
441.4949723247
 31
0.0
  0
LINE
  5
607
330
1B
100
AcDbEntity
 67
     1
  8
0
  6
HIDDEN
 62
     7
370
    18
100
AcDbLine
 10
358.4528782288
 20
431.9699723247
 30
0.0
 11
358.4528782288
 21
441.4949723247
 31
0.0
  0
LINE
  5
608
330
1B
100
AcDbEntity
 67
     1
  8
0
  6
HIDDEN
 62
     7
370
    18
100
AcDbLine
 10
398.4528782288
 20
431.9699723247
 30
0.0
 11
398.4528782288
 21
441.4949723247
 31
0.0
  0
LINE
  5
609
330
1B
100
AcDbEntity
 67
     1
  8
0
  6
HIDDEN
 62
     7
370
    18
100
AcDbLine
 10
403.4528782288
 20
431.9699723247
 30
0.0
 11
403.4528782288
 21
441.4949723247
 31
0.0
  0
LINE
  5
60A
330
1B
100
AcDbEntity
 67
     1
  8
0
  6
HIDDEN
 62
     7
370
    18
100
AcDbLine
 10
539.9528782288
 20
431.9699723247
 30
0.0
 11
539.9528782288
 21
441.4949723247
 31
0.0
  0
LINE
  5
60B
330
1B
100
AcDbEntity
 67
     1
  8
0
  6
HIDDEN
 62
     7
370
    18
100
AcDbLine
 10
544.9528782288
 20
431.9699723247
 30
0.0
 11
544.9528782288
 21
441.4949723247
 31
0.0
  0
LINE
  5
60C
330
1B
100
AcDbEntity
 67
     1
  8
0
  6
Continuous
 62
     7
370
    25
100
AcDbLine
 10
801.7471919262
 20
398.6830661691
 30
0.0
 11
798.2116580203
 21
404.8067905081
 31
0.0
  0
LINE
  5
60D
330
1B
100
AcDbEntity
 67
     1
  8
0
  6
Continuous
 62
     7
370
    25
100
AcDbLine
 10
801.7471919262
 20
365.3682010441
 30
0.0
 11
801.7471919262
 21
398.6830661691
 31
0.0
  0
LINE
  5
60E
330
1B
100
AcDbEntity
 67
     1
  8
0
  6
Continuous
 62
     7
370
    25
100
AcDbLine
 10
798.2116580203
 20
363.3265172643
 30
0.0
 11
801.7471919262
 21
365.3682010441
 31
0.0
  0
LINE
  5
60F
330
1B
100
AcDbEntity
 67
     1
  8
0
  6
Continuous
 62
     7
370
    25
100
AcDbLine
 10
522.4400133575
 20
522.5260990697
 30
0.0
 11
798.2116580203
 21
363.3265172643
 31
0.0
  0
LINE
  5
610
330
1B
100
AcDbEntity
 67
     1
  8
0
  6
Continuous
 62
     7
370
    25
100
AcDbLine
 10
518.9044794516
 20
528.6498234087
 30
0.0
 11
522.4400133575
 21
522.5260990697
 31
0.0
  0
LINE
  5
611
330
1B
100
AcDbEntity
 67
     1
  8
0
  6
Continuous
 62
     7
370
    25
100
AcDbLine
 10
518.9044794516
 20
561.9646885336
 30
0.0
 11
518.9044794516
 21
528.6498234087
 31
0.0
  0
LINE
  5
612
330
1B
100
AcDbEntity
 67
     1
  8
0
  6
Continuous
 62
     7
370
    25
100
AcDbLine
 10
522.4400133575
 20
564.0063723135
 30
0.0
 11
518.9044794516
 21
561.9646885336
 31
0.0
  0
LINE
  5
613
330
1B
100
AcDbEntity
 67
     1
  8
0
  6
Continuous
 62
     7
370
    25
100
AcDbLine
 10
798.2116580203
 20
404.8067905081
 30
0.0
 11
522.4400133575
 21
564.0063723135
 31
0.0
  0
LWPOLYLINE
  5
614
330
1B
100
AcDbEntity
 67
     1
  8
0
  6
Continuous
 62
     7
370
    25
100
AcDbPolyline
 90
       18
 70
   128
 43
0.0
 10
544.3603235743
 20
532.3266456633
 10
543.8239070675
 20
532.5205200419
 10
543.3599365824
 20
532.4566260528
 10
543.0310739038
 20
532.1435929332
 10
542.8817337589
 20
531.6236975404
 10
542.9320853616
 20
530.9671546283
 10
543.1753284492
 20
530.2626339549
 10
543.5786116947
 20
529.6052849412
 10
544.0874694611
 20
529.083886214
 10
544.6331776875
 20
528.7688555606
 10
545.142035454
 20
528.7027396162
 10
545.5453186994
 20
528.8944677057
 10
545.788561787
 20
529.318145888
 10
545.8389133898
 20
529.9165540771
 10
545.6895732449
 20
530.608873931
 10
545.3607105663
 20
531.3016038172
 10
544.8967400811
 20
531.9011867261
 10
544.3603235743
 20
532.3266456633
  0
LWPOLYLINE
  5
615
330
1B
100
AcDbEntity
 67
     1
  8
0
  6
Continuous
 62
     7
370
    25
100
AcDbPolyline
 90
       18
 70
   128
 43
0.0
 10
644.4159331122
 20
474.5657717519
 10
643.8795166054
 20
474.7596461305
 10
643.4155461203
 20
474.6957521413
 10
643.0866834417
 20
474.3827190217
 10
642.9373432968
 20
473.862823629
 10
642.9876948995
 20
473.2062807168
 10
643.2309379871
 20
472.5017600435
 10
643.6342212326
 20
471.8444110298
 10
644.143078999
 20
471.3230123026
 10
644.6887872254
 20
471.0079816491
 10
645.1976449919
 20
470.9418657048
 10
645.6009282373
 20
471.1335937942
 10
645.8441713249
 20
471.5572719766
 10
645.8945229277
 20
472.1556801656
 10
645.7451827828
 20
472.8480000195
 10
645.4163201042
 20
473.5407299057
 10
644.952349619
 20
474.1403128146
 10
644.4159331122
 20
474.5657717519
  0
LWPOLYLINE
  5
616
330
1B
100
AcDbEntity
 67
     1
  8
0
  6
Continuous
 62
     7
370
    25
100
AcDbPolyline
 90
       18
 70
   128
 43
0.0
 10
676.2357382656
 20
456.1965892358
 10
675.6993217588
 20
456.3904636145
 10
675.2353512736
 20
456.3265696253
 10
674.9064885951
 20
456.0135365057
 10
674.7571484501
 20
455.493641113
 10
674.8075000529
 20
454.8370982008
 10
675.0507431405
 20
454.1325775274
 10
675.454026386
 20
453.4752285138
 10
675.9628841524
 20
452.9538297866
 10
676.5085923788
 20
452.6387991331
 10
677.0174501452
 20
452.5726831888
 10
677.4207333907
 20
452.7644112782
 10
677.6639764783
 20
453.1880894606
 10
677.7143280811
 20
453.7864976496
 10
677.5649879361
 20
454.4788175035
 10
677.2361252576
 20
455.1715473897
 10
676.7721547724
 20
455.7711302986
 10
676.2357382656
 20
456.1965892358
  0
LWPOLYLINE
  5
617
330
1B
100
AcDbEntity
 67
     1
  8
0
  6
Continuous
 62
     7
370
    25
100
AcDbPolyline
 90
       18
 70
   128
 43
0.0
 10
776.2913478035
 20
398.4357153244
 10
775.7549312967
 20
398.629589703
 10
775.2909608115
 20
398.5656957139
 10
774.962098133
 20
398.2526625942
 10
774.812757988
 20
397.7327672015
 10
774.8631095908
 20
397.0762242893
 10
775.1063526784
 20
396.371703616
 10
775.5096359239
 20
395.7143546023
 10
776.0184936903
 20
395.1929558751
 10
776.5642019167
 20
394.8779252216
 10
777.0730596831
 20
394.8118092773
 10
777.4763429286
 20
395.0035373668
 10
777.7195860162
 20
395.4272155491
 10
777.769937619
 20
396.0256237382
 10
777.620597474
 20
396.7179435921
 10
777.2917347955
 20
397.4106734783
 10
776.8277643103
 20
398.0102563871
 10
776.2913478035
 20
398.4357153244
  0
LWPOLYLINE
  5
618
330
1B
100
AcDbEntity
 67
     1
  8
0
  6
Continuous
 62
     7
370
    25
100
AcDbPolyline
 90
       22
 70
   128
 43
0.0
 10
525.9755472635
 20
543.9198000913
 10
525.2877501008
 20
544.1971441048
 10
524.6610667345
 20
544.2104192119
 10
524.1511807316
 20
543.958445861
 10
523.8033977012
 20
543.4636129901
 10
523.6486196917
 20
542.7698886714
 10
523.7005994085
 20
541.9389133549
 10
523.9547182257
 20
541.0445228442
 10
524.3883965711
 20
540.1661876611
 10
524.9631002207
 20
539.3819517411
 10
525.6277642331
 20
538.7614978873
 10
526.3233302939
 20
538.3599561474
 10
526.9879943063
 20
538.2130052672
 10
527.5626979558
 20
538.3337024772
 10
527.9963763013
 20
538.7113233007
 10
528.2504951184
 20
539.3123144703
 10
528.3024748353
 20
540.0832752832
 10
528.1476968258
 20
540.9557024879
 10
527.7999137954
 20
541.8520770986
 10
527.2900277925
 20
542.6927522975
 10
526.6633444261
 20
543.403030404
 10
525.9755472635
 20
543.9198000913
  0
LWPOLYLINE
  5
619
330
1B
100
AcDbEntity
 67
     1
  8
0
  6
Continuous
 62
     7
370
    25
100
AcDbPolyline
 90
       22
 70
   128
 43
0.0
 10
794.6761241144
 20
388.802258845
 10
793.9883269517
 20
389.0796028585
 10
793.3616435853
 20
389.0928779656
 10
792.8517575825
 20
388.8409046147
 10
792.503974552
 20
388.3460717438
 10
792.3491965426
 20
387.6523474251
 10
792.4011762594
 20
386.8213721086
 10
792.6552950766
 20
385.9269815979
 10
793.088973422
 20
385.0486464147
 10
793.6636770716
 20
384.2644104948
 10
794.3283410839
 20
383.643956641
 10
795.0239071448
 20
383.2424149011
 10
795.6885711571
 20
383.0954640209
 10
796.2632748067
 20
383.2161612309
 10
796.6969531522
 20
383.5937820544
 10
796.9510719693
 20
384.194773224
 10
797.0030516862
 20
384.9657340369
 10
796.8482736767
 20
385.8381612415
 10
796.5004906463
 20
386.7345358523
 10
795.9906046434
 20
387.5752110512
 10
795.363921277
 20
388.2854891577
 10
794.6761241144
 20
388.802258845
  0
LINE
  5
61A
330
1B
100
AcDbEntity
 67
     1
  8
0
  6
Continuous
 62
     7
370
    25
100
AcDbLine
 10
798.2116580203
 20
404.8067905081
 30
0.0
 11
804.9468501111
 21
408.6949341406
 31
0.0
  0
LINE
  5
61B
330
1B
100
AcDbEntity
 67
     1
  8
0
  6
Continuous
 62
     7
370
    25
100
AcDbLine
 10
804.9468501111
 20
408.6949341406
 30
0.0
 11
808.482384017
 21
402.5712098016
 31
0.0
  0
LINE
  5
61C
330
1B
100
AcDbEntity
 67
     1
  8
0
  6
Continuous
 62
     7
370
    25
100
AcDbLine
 10
808.482384017
 20
402.5712098016
 30
0.0
 11
801.7471919262
 21
398.6830661691
 31
0.0
  0
LINE
  5
61D
330
1B
100
AcDbEntity
 67
     1
  8
0
  6
Continuous
 62
     7
370
    25
100
AcDbLine
 10
808.482384017
 20
369.2563446767
 30
0.0
 11
808.482384017
 21
402.5712098016
 31
0.0
  0
LINE
  5
61E
330
1B
100
AcDbEntity
 67
     1
  8
0
  6
Continuous
 62
     7
370
    25
100
AcDbLine
 10
801.7471919262
 20
365.3682010441
 30
0.0
 11
808.482384017
 21
369.2563446767
 31
0.0
  0
LINE
  5
61F
330
1B
100
AcDbEntity
 67
     1
  8
0
  6
Continuous
 62
     7
370
    25
100
AcDbLine
 10
529.1752054483
 20
567.8945159461
 30
0.0
 11
522.4400133575
 21
564.0063723135
 31
0.0
  0
LINE
  5
620
330
1B
100
AcDbEntity
 67
     1
  8
0
  6
Continuous
 62
     7
370
    25
100
AcDbLine
 10
804.9468501111
 20
408.6949341406
 30
0.0
 11
529.1752054483
 21
567.8945159461
 31
0.0
  0
LINE
  5
621
330
1B
100
AcDbEntity
 67
     1
  8
0
  6
Continuous
 62
     7
370
    25
100
AcDbLine
 10
804.9468501111
 20
367.2146608968
 30
0.0
 11
798.2116580203
 21
363.3265172643
 31
0.0
  0
LINE
  5
622
330
1B
100
AcDbEntity
 67
     1
  8
0
  6
Continuous
 62
     7
370
    25
100
AcDbLine
 10
808.482384017
 20
369.2563446767
 30
0.0
 11
804.9468501111
 21
367.2146608968
 31
0.0
  0
LWPOLYLINE
  5
623
330
1B
100
AcDbEntity
 67
     1
  8
0
  6
HIDDEN
 62
     7
370
    18
100
AcDbPolyline
 90
       17
 70
   128
 43
0.0
 10
546.1280905273
 20
529.5913998186
 10
545.9935272804
 20
528.8878899261
 10
545.6103235743
 20
528.4468464552
 10
545.0368186995
 20
528.3354142764
 10
544.3603235743
 20
528.5705579286
 10
543.6838284491
 20
529.1164789225
 10
543.1103235743
 20
529.8900657355
 10
542.7271198682
 20
530.7735467878
 10
542.5925566214
 20
531.6324200981
 10
542.7271198682
 20
532.3359299906
 10
543.1103235743
 20
532.7769734615
 10
543.6838284491
 20
532.8884056403
 10
544.3603235743
 20
532.6532619881
 10
545.0368186995
 20
532.1073409942
 10
545.6103235743
 20
531.3337541812
 10
545.9935272804
 20
530.4502731289
 10
546.1280905273
 20
529.5913998186
  0
LWPOLYLINE
  5
624
330
1B
100
AcDbEntity
 67
     1
  8
0
  6
HIDDEN
 62
     7
370
    18
100
AcDbPolyline
 90
       17
 70
   128
 43
0.0
 10
646.1837000652
 20
471.8305259071
 10
646.0491368183
 20
471.1270160146
 10
645.6659331122
 20
470.6859725438
 10
645.0924282374
 20
470.5745403649
 10
644.4159331122
 20
470.8096840172
 10
643.739437987
 20
471.355605011
 10
643.1659331122
 20
472.129191824
 10
642.7827294061
 20
473.0126728764
 10
642.6481661593
 20
473.8715461867
 10
642.7827294061
 20
474.5750560792
 10
643.1659331122
 20
475.01609955
 10
643.739437987
 20
475.1275317289
 10
644.4159331122
 20
474.8923880766
 10
645.0924282374
 20
474.3464670827
 10
645.6659331122
 20
473.5728802698
 10
646.0491368183
 20
472.6893992174
 10
646.1837000652
 20
471.8305259071
  0
LWPOLYLINE
  5
625
330
1B
100
AcDbEntity
 67
     1
  8
0
  6
HIDDEN
 62
     7
370
    18
100
AcDbPolyline
 90
       17
 70
   128
 43
0.0
 10
678.0035052186
 20
453.4613433911
 10
677.8689419717
 20
452.7578334986
 10
677.4857382656
 20
452.3167900278
 10
676.9122333908
 20
452.2053578489
 10
676.2357382656
 20
452.4405015012
 10
675.5592431404
 20
452.986422495
 10
674.9857382656
 20
453.760009308
 10
674.6025345595
 20
454.6434903603
 10
674.4679713126
 20
455.5023636707
 10
674.6025345595
 20
456.2058735631
 10
674.9857382656
 20
456.646917034
 10
675.5592431404
 20
456.7583492128
 10
676.2357382656
 20
456.5232055606
 10
676.9122333908
 20
455.9772845667
 10
677.4857382656
 20
455.2036977538
 10
677.8689419717
 20
454.3202167014
 10
678.0035052186
 20
453.4613433911
  0
LWPOLYLINE
  5
626
330
1B
100
AcDbEntity
 67
     1
  8
0
  6
HIDDEN
 62
     7
370
    18
100
AcDbPolyline
 90
       17
 70
   128
 43
0.0
 10
778.0591147565
 20
395.7004694796
 10
777.9245515096
 20
394.9969595872
 10
777.5413478035
 20
394.5559161163
 10
776.9678429287
 20
394.4444839375
 10
776.2913478035
 20
394.6796275897
 10
775.6148526783
 20
395.2255485836
 10
775.0413478035
 20
395.9991353965
 10
774.6581440974
 20
396.8826164489
 10
774.5235808505
 20
397.7414897592
 10
774.6581440974
 20
398.4449996517
 10
775.0413478035
 20
398.8860431225
 10
775.6148526783
 20
398.9974753014
 10
776.2913478035
 20
398.7623316491
 10
776.9678429287
 20
398.2164106553
 10
777.5413478035
 20
397.4428238423
 10
777.9245515096
 20
396.55934279
 10
778.0591147565
 20
395.7004694796
  0
ENDSEC
  0
SECTION
  2
OBJECTS
  0
DICTIONARY
  5
C
330
0
100
AcDbDictionary
281
     1
  3
ACAD_GROUP
350
D
  3
ACAD_LAYOUT
350
1A
  3
ACAD_MLINESTYLE
350
17
  3
ACAD_PLOTSETTINGS
350
19
  3
ACAD_PLOTSTYLENAME
350
E
  3
ACAD_SCALELIST
350
47
  3
DWGPROPS
350
627
  0
DICTIONARY
  5
D
102
{ACAD_REACTORS
330
C
102
}
330
C
100
AcDbDictionary
281
     1
  0
DICTIONARY
  5
1A
102
{ACAD_REACTORS
330
C
102
}
330
C
100
AcDbDictionary
281
     1
  3
Model
350
22
  3
Sheet1
350
1E
  0
DICTIONARY
  5
17
102
{ACAD_REACTORS
330
C
102
}
330
C
100
AcDbDictionary
281
     1
  3
Standard
350
18
  0
DICTIONARY
  5
19
102
{ACAD_REACTORS
330
C
102
}
330
C
100
AcDbDictionary
281
     1
  0
ACDBDICTIONARYWDFLT
  5
E
102
{ACAD_REACTORS
330
C
102
}
330
C
100
AcDbDictionary
281
     1
  3
Normal
350
F
100
AcDbDictionaryWithDefault
340
F
  0
DICTIONARY
  5
47
102
{ACAD_REACTORS
330
C
102
}
330
C
100
AcDbDictionary
281
     1
  3
A0
350
48
  3
A1
350
49
  3
A2
350
4A
  3
A3
350
4B
  3
A4
350
4C
  3
A5
350
4D
  3
A6
350
4E
  3
A7
350
4F
  3
A8
350
50
  3
A9
350
51
  3
B0
350
52
  3
B1
350
53
  3
B2
350
54
  3
B3
350
55
  3
B4
350
56
  3
B5
350
57
  3
B6
350
58
  3
B7
350
59
  3
B8
350
5A
  3
B9
350
5B
  3
C0
350
5C
  3
C1
350
5D
  3
C2
350
5E
  3
C3
350
5F
  3
C4
350
60
  3
C5
350
61
  3
C6
350
62
  3
C7
350
63
  3
C8
350
64
  3
C9
350
65
  3
D0
350
66
  3
D1
350
67
  3
D2
350
68
  0
XRECORD
  5
627
102
{ACAD_REACTORS
330
C
102
}
330
C
100
AcDbXrecord
280
     1
  1
DWGPROPS COOKIE
  2

  3

  4

  6

  7

  8
cmar02
  9

300
=
301
=
302
=
303
=
304
=
305
=
306
=
307
=
308
=
309
=
 40
0.0
 41
2461263.788843206
 42
2461263.788852083
  1

 90
        0
  0
LAYOUT
  5
22
102
{ACAD_REACTORS
330
1A
102
}
330
1A
100
AcDbPlotSettings
  1

  2
none_device
  4
Letter_(8.50_x_11.00_Inches)
  6

 40
6.35
 41
6.35
 42
6.35000508
 43
6.35000508
 44
215.9
 45
279.4
 46
0.0
 47
0.0
 48
0.0
 49
0.0
140
0.0
141
0.0
142
1.0
143
1.0
 70
  1712
 72
     1
 73
     0
 74
     0
  7

 75
     0
147
1.0
148
0.0
149
0.0
100
AcDbLayout
  1
Model
 70
     1
 71
     0
 10
0.0
 20
0.0
 11
420.0
 21
297.0
 12
0.0
 22
0.0
 32
0.0
 14
0.0
 24
0.0
 34
0.0
 15
840.0
 25
594.0
 35
0.0
146
0.0
 13
0.0
 23
0.0
 33
0.0
 16
1.0
 26
0.0
 36
0.0
 17
0.0
 27
1.0
 37
0.0
 76
     0
330
1F
331
29
  0
LAYOUT
  5
1E
102
{ACAD_REACTORS
330
1A
102
}
330
1A
100
AcDbPlotSettings
  1

  2
none_device
  4
ISO_A3_(420.00_x_297.00_MM)
  6

 40
7.5
 41
20.0
 42
7.5
 43
20.0
 44
420.0
 45
297.0
 46
0.0
 47
0.0
 48
0.0
 49
0.0
140
0.0
141
0.0
142
1.0
143
1.0
 70
  4832
 72
     1
 73
     0
 74
     1
  7

 75
     0
147
1.0
148
0.0
149
0.0
100
AcDbLayout
  1
Sheet1
 70
     1
 71
     0
 10
0.0
 20
0.0
 11
840.0
 21
594.0
 12
0.0
 22
0.0
 32
0.0
 14
0.0
 24
0.0
 34
0.0
 15
840.0
 25
594.0
 35
0.0
146
0.0
 13
0.0
 23
0.0
 33
0.0
 16
1.0
 26
0.0
 36
0.0
 17
0.0
 27
1.0
 37
0.0
 76
     0
330
1B
331
B4
  0
MLINESTYLE
  5
18
102
{ACAD_REACTORS
330
17
102
}
330
17
100
AcDbMlineStyle
  2
Standard
 70
     0
  3

 62
   256
 51
90.0
 52
90.0
 71
     2
 49
0.5
 62
   256
  6
BYLAYER
 49
-0.5
 62
   256
  6
BYLAYER
  0
ACDBPLACEHOLDER
  5
F
102
{ACAD_REACTORS
330
E
102
}
330
E
  0
SCALE
  5
48
102
{ACAD_REACTORS
330
47
102
}
330
47
100
AcDbScale
 70
     0
300
1:1
140
1.0
141
1.0
290
     1
  0
SCALE
  5
49
102
{ACAD_REACTORS
330
47
102
}
330
47
100
AcDbScale
 70
     0
300
1:2
140
1.0
141
2.0
290
     0
  0
SCALE
  5
4A
102
{ACAD_REACTORS
330
47
102
}
330
47
100
AcDbScale
 70
     0
300
1:4
140
1.0
141
4.0
290
     0
  0
SCALE
  5
4B
102
{ACAD_REACTORS
330
47
102
}
330
47
100
AcDbScale
 70
     0
300
1:5
140
1.0
141
5.0
290
     0
  0
SCALE
  5
4C
102
{ACAD_REACTORS
330
47
102
}
330
47
100
AcDbScale
 70
     0
300
1:8
140
1.0
141
8.0
290
     0
  0
SCALE
  5
4D
102
{ACAD_REACTORS
330
47
102
}
330
47
100
AcDbScale
 70
     0
300
1:10
140
1.0
141
10.0
290
     0
  0
SCALE
  5
4E
102
{ACAD_REACTORS
330
47
102
}
330
47
100
AcDbScale
 70
     0
300
1:16
140
1.0
141
16.0
290
     0
  0
SCALE
  5
4F
102
{ACAD_REACTORS
330
47
102
}
330
47
100
AcDbScale
 70
     0
300
1:20
140
1.0
141
20.0
290
     0
  0
SCALE
  5
50
102
{ACAD_REACTORS
330
47
102
}
330
47
100
AcDbScale
 70
     0
300
1:30
140
1.0
141
30.0
290
     0
  0
SCALE
  5
51
102
{ACAD_REACTORS
330
47
102
}
330
47
100
AcDbScale
 70
     0
300
1:40
140
1.0
141
40.0
290
     0
  0
SCALE
  5
52
102
{ACAD_REACTORS
330
47
102
}
330
47
100
AcDbScale
 70
     0
300
1:50
140
1.0
141
50.0
290
     0
  0
SCALE
  5
53
102
{ACAD_REACTORS
330
47
102
}
330
47
100
AcDbScale
 70
     0
300
1:100
140
1.0
141
100.0
290
     0
  0
SCALE
  5
54
102
{ACAD_REACTORS
330
47
102
}
330
47
100
AcDbScale
 70
     0
300
2:1
140
2.0
141
1.0
290
     0
  0
SCALE
  5
55
102
{ACAD_REACTORS
330
47
102
}
330
47
100
AcDbScale
 70
     0
300
4:1
140
4.0
141
1.0
290
     0
  0
SCALE
  5
56
102
{ACAD_REACTORS
330
47
102
}
330
47
100
AcDbScale
 70
     0
300
8:1
140
8.0
141
1.0
290
     0
  0
SCALE
  5
57
102
{ACAD_REACTORS
330
47
102
}
330
47
100
AcDbScale
 70
     0
300
10:1
140
10.0
141
1.0
290
     0
  0
SCALE
  5
58
102
{ACAD_REACTORS
330
47
102
}
330
47
100
AcDbScale
 70
     0
300
100:1
140
100.0
141
1.0
290
     0
  0
SCALE
  5
59
102
{ACAD_REACTORS
330
47
102
}
330
47
100
AcDbScale
 70
     0
300
1/128" = 1'-0"
140
0.0078125
141
12.0
290
     0
  0
SCALE
  5
5A
102
{ACAD_REACTORS
330
47
102
}
330
47
100
AcDbScale
 70
     0
300
1/64" = 1'-0"
140
0.015625
141
12.0
290
     0
  0
SCALE
  5
5B
102
{ACAD_REACTORS
330
47
102
}
330
47
100
AcDbScale
 70
     0
300
1/32" = 1'-0"
140
0.03125
141
12.0
290
     0
  0
SCALE
  5
5C
102
{ACAD_REACTORS
330
47
102
}
330
47
100
AcDbScale
 70
     0
300
1/16" = 1'-0"
140
0.0625
141
12.0
290
     0
  0
SCALE
  5
5D
102
{ACAD_REACTORS
330
47
102
}
330
47
100
AcDbScale
 70
     0
300
3/32" = 1'-0"
140
0.09375
141
12.0
290
     0
  0
SCALE
  5
5E
102
{ACAD_REACTORS
330
47
102
}
330
47
100
AcDbScale
 70
     0
300
1/8" = 1'-0"
140
0.125
141
12.0
290
     0
  0
SCALE
  5
5F
102
{ACAD_REACTORS
330
47
102
}
330
47
100
AcDbScale
 70
     0
300
3/16" = 1'-0"
140
0.1875
141
12.0
290
     0
  0
SCALE
  5
60
102
{ACAD_REACTORS
330
47
102
}
330
47
100
AcDbScale
 70
     0
300
1/4" = 1'-0"
140
0.25
141
12.0
290
     0
  0
SCALE
  5
61
102
{ACAD_REACTORS
330
47
102
}
330
47
100
AcDbScale
 70
     0
300
3/8" = 1'-0"
140
0.375
141
12.0
290
     0
  0
SCALE
  5
62
102
{ACAD_REACTORS
330
47
102
}
330
47
100
AcDbScale
 70
     0
300
1/2" = 1'-0"
140
0.5
141
12.0
290
     0
  0
SCALE
  5
63
102
{ACAD_REACTORS
330
47
102
}
330
47
100
AcDbScale
 70
     0
300
3/4" = 1'-0"
140
0.75
141
12.0
290
     0
  0
SCALE
  5
64
102
{ACAD_REACTORS
330
47
102
}
330
47
100
AcDbScale
 70
     0
300
1" = 1'-0"
140
1.0
141
12.0
290
     0
  0
SCALE
  5
65
102
{ACAD_REACTORS
330
47
102
}
330
47
100
AcDbScale
 70
     0
300
1-1/2" = 1'-0"
140
1.5
141
12.0
290
     0
  0
SCALE
  5
66
102
{ACAD_REACTORS
330
47
102
}
330
47
100
AcDbScale
 70
     0
300
3" = 1'-0"
140
3.0
141
12.0
290
     0
  0
SCALE
  5
67
102
{ACAD_REACTORS
330
47
102
}
330
47
100
AcDbScale
 70
     0
300
6" = 1'-0"
140
6.0
141
12.0
290
     0
  0
SCALE
  5
68
102
{ACAD_REACTORS
330
47
102
}
330
47
100
AcDbScale
 70
     0
300
1'-0" = 1'-0"
140
12.0
141
12.0
290
     0
  0
ENDSEC
  0
EOF
